ID_Produit;Nom_Produit;Categorie;Prix_Unitaire_ECO;Quantite_Stock;Statut_Disponibilite;Score_Avis;Date_Ajout;Poids_kg;Code_Barres
PROD-0001;Smartphone Elite;Électronique;364.78;457;En stock;3.3;2024-04-14;10.18;3660123671858
PROD-0002;Tablette Quantum;Électronique;50.99;191;En stock;3.4;2025-06-01;9.07;3660123688508
PROD-0003;Friteuse sans Huile Quantum;Maison & Cuisine;294.36;1206;En stock;3.6;2026-06-09;0.2;3660123944962
PROD-0004;Four à Micro-ondes Zenith;Maison & Cuisine;368.44;440;En stock;4.9;2024-12-10;1.62;3660123498382
PROD-0005;Écouteurs Sans Fil Zenith;Électronique;788.8;88;En stock;4.5;2025-07-03;1.96;3660123496922
PROD-0006;Tablette Zenith;Électronique;1079.92;1266;En stock;4.8;2025-01-05;8.7;3660123838797
PROD-0007;Smartphone Elite;Électronique;303.98;592;En stock;5.0;2026-05-25;3.57;3660123205907
PROD-0008;Haltères Quantum;Sports & Loisirs;830.02;747;En stock;3.3;2024-12-29;3.22;3660123379946
PROD-0009;Tablette Elite;Électronique;230.76;1493;En stock;3.5;2025-04-18;5.75;3660123771088
PROD-0010;Brosse à Dents Électrique Elite;Beauté & Santé;428.31;114;En stock;3.5;2024-02-02;12.1;3660123520651
PROD-0011;T-shirt en Coton Nova;Mode;1187.94;1161;En stock;4.8;2024-11-18;3.27;3660123623481
PROD-0012;Gourde Isotherme Nova;Sports & Loisirs;351.69;505;En stock;4.5;2025-07-05;4.01;3660123712982
PROD-0013;Raquette de Tennis Quantum;Sports & Loisirs;476.97;283;En stock;4.0;2024-04-03;11.36;3660123214975
PROD-0014;Machine à Café Elite;Maison & Cuisine;554.58;130;En stock;3.8;2025-09-02;14.94;3660123654816
PROD-0015;Sac à Dos Apex;Mode;887.56;234;En stock;4.4;2025-07-03;11.29;3660123905934
PROD-0016;T-shirt en Coton Zenith;Mode;570.84;929;En stock;3.0;2026-01-09;13.15;3660123376183
PROD-0017;Brosse à Dents Électrique Vortex;Beauté & Santé;1187.28;1280;En stock;3.6;2025-10-16;7.66;3660123308573
PROD-0018;Mélangeur Nova;Maison & Cuisine;705.79;1086;En stock;4.8;2025-09-05;4.93;3660123120422
PROD-0019;Écouteurs Sans Fil Zenith;Électronique;318.88;493;En stock;4.8;2024-03-21;1.38;3660123609597
PROD-0020;Tablette Nova;Électronique;175.61;973;En stock;4.9;2024-06-18;4.05;3660123736059
PROD-0021;Vélo Tout Terrain Vortex;Sports & Loisirs;984.28;1412;En stock;3.4;2024-11-15;6.04;3660123804314
PROD-0022;Chaussures de Sport Vortex;Mode;592.41;507;En stock;3.4;2024-12-12;0.41;3660123680828
PROD-0023;Friteuse sans Huile Nova;Maison & Cuisine;19.27;1449;En stock;4.3;2024-08-22;1.1;3660123132938
PROD-0024;T-shirt en Coton Vortex;Mode;317.02;1370;En stock;4.0;2025-07-06;2.07;3660123698782
PROD-0025;Parfum Nova;Beauté & Santé;1022.15;833;En stock;3.4;2024-04-09;9.92;3660123471507
PROD-0026;Gourde Isotherme Quantum;Sports & Loisirs;1124.34;110;En stock;4.3;2025-10-23;1.57;3660123522179
PROD-0027;T-shirt en Coton Nova;Mode;257.14;1098;En stock;3.9;2025-03-08;2.83;3660123585100
PROD-0028;Aspirateur Robot Quantum;Maison & Cuisine;1052.34;1127;En stock;3.2;2025-10-29;14.99;3660123976638
PROD-0029;Smartphone Nova;Électronique;224.53;994;En stock;4.0;2026-06-04;6.08;3660123161483
PROD-0030;Four à Micro-ondes Apex;Maison & Cuisine;1281.04;543;En stock;4.9;2026-03-14;6.88;3660123543555
PROD-0031;Parfum Nova;Beauté & Santé;254.96;445;En stock;4.9;2025-08-16;11.06;3660123163918
PROD-0032;T-shirt en Coton Apex;Mode;763.58;1029;En stock;4.8;2025-06-27;2.45;3660123632496
PROD-0033;Ordinateur Portable Apex;Électronique;777.59;1382;En stock;4.7;2025-02-17;1.89;3660123697347
PROD-0034;Friteuse sans Huile Vortex;Maison & Cuisine;61.26;167;En stock;3.8;2025-08-20;8.52;3660123431737
PROD-0035;Jeans Slim Elite;Mode;933.88;488;En stock;3.5;2024-05-14;10.11;3660123414569
PROD-0036;Haltères Apex;Sports & Loisirs;22.01;1272;En stock;5.0;2024-04-12;1.19;3660123323508
PROD-0037;Crème Hydratante Nova;Beauté & Santé;1213.89;140;En stock;4.8;2025-01-13;4.35;3660123559469
PROD-0038;Crème Hydratante Vortex;Beauté & Santé;1279.16;1339;En stock;4.1;2025-11-14;12.27;3660123413921
PROD-0039;Ordinateur Portable Zenith;Électronique;158.89;219;En stock;4.5;2024-06-08;4.16;3660123734210
PROD-0040;Mélangeur Nova;Maison & Cuisine;896.86;540;En stock;4.0;2024-09-14;13.59;3660123987204
PROD-0041;Smartphone Elite;Électronique;556.4;566;En stock;3.1;2024-12-07;11.59;3660123768061
PROD-0042;Jeans Slim Elite;Mode;579.96;1445;En stock;3.9;2024-01-10;1.77;3660123824586
PROD-0043;Friteuse sans Huile Apex;Maison & Cuisine;1086.62;1192;En stock;4.1;2025-03-16;2.0;3660123423232
PROD-0044;T-shirt en Coton Zenith;Mode;280.99;511;En stock;4.3;2024-12-28;11.72;3660123526117
PROD-0045;Brosse à Dents Électrique Nova;Beauté & Santé;1125.33;362;En stock;4.8;2024-01-26;2.77;3660123448321
PROD-0046;Vélo Tout Terrain Zenith;Sports & Loisirs;215.36;1436;En stock;3.2;2026-06-12;0.68;3660123593554
PROD-0047;Machine à Café Quantum;Maison & Cuisine;461.05;466;En stock;3.4;2025-11-06;2.98;3660123444207
PROD-0048;T-shirt en Coton Zenith;Mode;462.97;1043;En stock;3.8;2026-05-13;8.09;3660123128941
PROD-0049;Écouteurs Sans Fil Nova;Électronique;758.95;543;En stock;3.1;2025-09-02;6.58;3660123863934
PROD-0050;Chaussures de Sport Vortex;Mode;1279.65;236;En stock;3.8;2025-08-13;2.93;3660123146542
PROD-0051;Tapis de Yoga Vortex;Sports & Loisirs;1203.98;1102;En stock;4.4;2026-01-29;11.08;3660123306606
PROD-0052;Chaussures de Sport Apex;Mode;1234.04;676;En stock;4.2;2025-11-10;12.74;3660123854717
PROD-0053;Sac à Dos Zenith;Mode;870.28;668;En stock;3.8;2024-10-29;8.36;3660123301158
PROD-0054;Gourde Isotherme Elite;Sports & Loisirs;975.08;356;En stock;4.2;2024-11-04;6.15;3660123974224
PROD-0055;Écouteurs Sans Fil Zenith;Électronique;281.13;1187;En stock;4.2;2024-11-25;7.03;3660123563638
PROD-0056;Friteuse sans Huile Quantum;Maison & Cuisine;1033.91;347;En stock;4.3;2024-10-17;7.78;3660123763686
PROD-0057;Crème Hydratante Apex;Beauté & Santé;1065.76;481;En stock;4.3;2024-08-18;12.12;3660123254511
PROD-0058;Smartphone Nova;Électronique;1279.27;1251;En stock;4.7;2024-03-15;6.89;3660123760356
PROD-0059;Brosse à Dents Électrique Elite;Beauté & Santé;908.29;1012;En stock;3.8;2024-05-31;9.88;3660123105814
PROD-0060;Télévision 4K Nova;Électronique;236.88;1425;En stock;4.0;2024-02-21;8.41;3660123989545
PROD-0061;Télévision 4K Nova;Électronique;1043.82;1367;En stock;4.1;2025-07-26;8.97;3660123891937
PROD-0062;Raquette de Tennis Elite;Sports & Loisirs;1160.7;873;En stock;4.7;2025-07-15;6.74;3660123266889
PROD-0063;Gourde Isotherme Zenith;Sports & Loisirs;979.78;1305;En stock;3.6;2026-03-07;7.87;3660123757193
PROD-0064;Mélangeur Quantum;Maison & Cuisine;109.94;585;En stock;3.5;2024-12-09;4.86;3660123666390
PROD-0065;Ordinateur Portable Nova;Électronique;308.32;1421;En stock;3.3;2024-08-07;1.06;3660123527398
PROD-0066;Sac à Dos Quantum;Mode;546.34;423;En stock;4.7;2025-02-02;13.58;3660123712451
PROD-0067;Tablette Quantum;Électronique;625.29;720;En stock;3.6;2025-02-03;12.82;3660123976325
PROD-0068;Raquette de Tennis Elite;Sports & Loisirs;957.67;1235;En stock;4.8;2025-05-14;3.37;3660123557007
PROD-0069;Tapis de Yoga Quantum;Sports & Loisirs;443.6;1390;En stock;4.6;2026-01-11;2.56;3660123590094
PROD-0070;Friteuse sans Huile Vortex;Maison & Cuisine;44.78;806;En stock;4.2;2025-11-09;0.5;3660123773971
PROD-0071;Vélo Tout Terrain Quantum;Sports & Loisirs;244.42;532;En stock;3.8;2024-08-04;6.88;3660123453894
PROD-0072;Haltères Quantum;Sports & Loisirs;335.42;167;En stock;3.9;2026-02-06;8.14;3660123466960
PROD-0073;Aspirateur Robot Elite;Maison & Cuisine;61.92;63;En stock;4.9;2024-07-23;12.6;3660123751517
PROD-0074;Machine à Café Nova;Maison & Cuisine;620.88;234;En stock;4.1;2024-08-11;7.03;3660123368690
PROD-0075;Jeans Slim Vortex;Mode;793.34;1471;En stock;3.2;2026-04-18;2.54;3660123426147
PROD-0076;Tablette Apex;Électronique;1208.25;1179;En stock;4.4;2025-01-19;6.01;3660123849747
PROD-0077;Aspirateur Robot Vortex;Maison & Cuisine;900.88;1284;En stock;3.5;2025-12-14;11.61;3660123991597
PROD-0078;Sèche-Cheveux Vortex;Beauté & Santé;1019.59;711;En stock;4.1;2025-11-08;5.62;3660123630538
PROD-0079;T-shirt en Coton Quantum;Mode;1070.8;216;En stock;3.9;2025-01-05;9.57;3660123968962
PROD-0080;Vélo Tout Terrain Quantum;Sports & Loisirs;237.21;1068;En stock;4.9;2024-10-03;9.28;3660123664315
PROD-0081;Gourde Isotherme Quantum;Sports & Loisirs;1075.19;1213;En stock;3.5;2026-05-22;3.76;3660123190872
PROD-0082;Chaussures de Sport Nova;Mode;978.1;1167;En stock;4.2;2025-01-23;5.11;3660123618317
PROD-0083;Jeans Slim Quantum;Mode;283.62;529;En stock;3.7;2026-06-20;8.98;3660123389688
PROD-0084;Sèche-Cheveux Vortex;Beauté & Santé;1232.99;175;En stock;3.5;2025-02-20;7.38;3660123894993
PROD-0085;Four à Micro-ondes Elite;Maison & Cuisine;928.27;917;En stock;4.6;2024-04-05;4.48;3660123524045
PROD-0086;Mélangeur Elite;Maison & Cuisine;760.2;969;En stock;4.1;2024-12-18;6.44;3660123882169
PROD-0087;Crème Hydratante Zenith;Beauté & Santé;916.67;554;En stock;3.6;2024-08-24;1.9;3660123301939
PROD-0088;T-shirt en Coton Elite;Mode;701.25;1413;En stock;3.4;2024-08-09;11.11;3660123389930
PROD-0089;Crème Hydratante Apex;Beauté & Santé;1084.08;606;En stock;3.5;2024-07-02;4.6;3660123842411
PROD-0090;Brosse à Dents Électrique Zenith;Beauté & Santé;68.71;111;En stock;4.1;2025-12-15;14.17;3660123768854
PROD-0091;Tapis de Yoga Apex;Sports & Loisirs;750.53;961;En stock;4.0;2024-12-14;2.85;3660123153872
PROD-0092;Chaussures de Sport Apex;Mode;1070.52;820;En stock;4.0;2025-08-13;9.48;3660123156213
PROD-0093;Machine à Café Vortex;Maison & Cuisine;1234.36;174;En stock;5.0;2024-05-01;8.42;3660123536390
PROD-0094;Brosse à Dents Électrique Vortex;Beauté & Santé;500.68;906;En stock;3.6;2025-08-25;14.85;3660123420214
PROD-0095;Sèche-Cheveux Vortex;Beauté & Santé;1248.53;203;En stock;4.9;2024-07-31;9.42;3660123377501
PROD-0096;Ordinateur Portable Nova;Électronique;234.21;153;En stock;3.3;2025-02-22;6.81;3660123722656
PROD-0097;Haltères Apex;Sports & Loisirs;308.59;1447;En stock;3.6;2026-05-30;6.87;3660123820775
PROD-0098;Mélangeur Elite;Maison & Cuisine;770.82;405;En stock;3.9;2025-07-11;3.45;3660123256226
PROD-0099;Jeans Slim Apex;Mode;86.92;629;En stock;4.2;2026-04-24;8.58;3660123402630
PROD-0100;Tapis de Yoga Quantum;Sports & Loisirs;898.38;1433;En stock;3.8;2024-10-05;7.56;3660123617781
PROD-0101;Tapis de Yoga Vortex;Sports & Loisirs;61.41;884;En stock;4.5;2025-09-10;3.83;3660123195763
PROD-0102;Friteuse sans Huile Vortex;Maison & Cuisine;1236.5;1376;En stock;4.6;2025-08-13;0.7;3660123893005
PROD-0103;Four à Micro-ondes Vortex;Maison & Cuisine;850.44;569;En stock;3.4;2025-08-22;6.59;3660123953797
PROD-0104;Tapis de Yoga Quantum;Sports & Loisirs;458.86;682;En stock;3.6;2024-04-17;12.88;3660123445824
PROD-0105;Gourde Isotherme Zenith;Sports & Loisirs;864.72;820;En stock;4.6;2025-07-17;0.65;3660123192337
PROD-0106;Veste d'Hiver Zenith;Mode;159.53;827;En stock;4.7;2026-04-24;14.82;3660123789606
PROD-0107;Parfum Quantum;Beauté & Santé;79.91;1061;En stock;3.7;2026-02-13;7.53;3660123563513
PROD-0108;Ordinateur Portable Zenith;Électronique;718.48;589;En stock;3.9;2025-12-16;7.32;3660123130271
PROD-0109;Brosse à Dents Électrique Elite;Beauté & Santé;214.3;1128;En stock;3.0;2025-02-21;1.49;3660123982277
PROD-0110;Télévision 4K Apex;Électronique;845.54;315;En stock;4.0;2026-01-03;4.45;3660123839677
PROD-0111;Chaussures de Sport Quantum;Mode;1274.51;499;En stock;3.9;2024-05-28;5.82;3660123728492
PROD-0112;Brosse à Dents Électrique Apex;Beauté & Santé;366.35;849;En stock;3.7;2026-03-17;7.67;3660123960408
PROD-0113;Écouteurs Sans Fil Elite;Électronique;395.13;1202;En stock;4.2;2025-11-06;7.4;3660123255813
PROD-0114;Raquette de Tennis Quantum;Sports & Loisirs;455.2;1130;En stock;4.5;2025-01-21;6.88;3660123437408
PROD-0115;Machine à Café Vortex;Maison & Cuisine;504.02;841;En stock;3.1;2026-02-01;7.15;3660123950823
PROD-0116;Gourde Isotherme Elite;Sports & Loisirs;1032.18;1335;En stock;5.0;2025-05-22;14.48;3660123232378
PROD-0117;Crème Hydratante Apex;Beauté & Santé;1137.7;901;En stock;3.2;2026-07-21;6.91;3660123857537
PROD-0118;Four à Micro-ondes Elite;Maison & Cuisine;1261.23;153;En stock;3.9;2024-09-28;5.14;3660123826353
PROD-0119;Tapis de Yoga Zenith;Sports & Loisirs;1109.51;1092;En stock;3.8;2024-11-20;9.44;3660123896290
PROD-0120;Raquette de Tennis Apex;Sports & Loisirs;806.51;480;En stock;4.3;2026-08-01;4.38;3660123338536
PROD-0121;Télévision 4K Apex;Électronique;990.87;1441;En stock;4.7;2025-03-30;2.58;3660123414012
PROD-0122;Smartphone Zenith;Électronique;1037.02;600;En stock;3.7;2025-03-17;2.27;3660123656968
PROD-0123;Raquette de Tennis Elite;Sports & Loisirs;1032.34;348;En stock;3.4;2025-09-16;13.08;3660123749813
PROD-0124;Four à Micro-ondes Vortex;Maison & Cuisine;194.61;944;En stock;4.3;2025-04-15;3.9;3660123109853
PROD-0125;Haltères Elite;Sports & Loisirs;715.1;151;En stock;3.9;2024-12-19;14.82;3660123413685
PROD-0126;Haltères Quantum;Sports & Loisirs;1100.43;407;En stock;5.0;2026-05-23;7.3;3660123348728
PROD-0127;Raquette de Tennis Zenith;Sports & Loisirs;751.5;1432;En stock;3.6;2026-04-29;9.91;3660123387813
PROD-0128;Tablette Elite;Électronique;1014.01;100;En stock;4.8;2026-02-02;7.5;3660123400096
PROD-0129;Friteuse sans Huile Zenith;Maison & Cuisine;292.51;389;En stock;4.2;2025-11-25;11.36;3660123904751
PROD-0130;Aspirateur Robot Elite;Maison & Cuisine;843.77;632;En stock;4.6;2024-02-04;8.74;3660123867934
PROD-0131;Aspirateur Robot Zenith;Maison & Cuisine;431.46;850;En stock;3.4;2024-05-15;11.82;3660123483629
PROD-0132;Crème Hydratante Nova;Beauté & Santé;341.48;986;En stock;4.9;2024-10-29;11.22;3660123455168
PROD-0133;Télévision 4K Apex;Électronique;191.57;462;En stock;4.7;2026-01-11;10.15;3660123516716
PROD-0134;Crème Hydratante Apex;Beauté & Santé;1029.97;28;Stock faible;3.5;2024-05-06;6.88;3660123805511
PROD-0135;Sac à Dos Quantum;Mode;1070.91;760;En stock;3.2;2024-08-27;7.13;3660123749641
PROD-0136;Crème Hydratante Vortex;Beauté & Santé;295.55;129;En stock;4.3;2025-04-20;13.65;3660123416869
PROD-0137;Tapis de Yoga Nova;Sports & Loisirs;68.49;76;En stock;3.6;2025-05-19;1.83;3660123346205
PROD-0138;Brosse à Dents Électrique Quantum;Beauté & Santé;595.19;1373;En stock;4.9;2025-12-14;14.2;3660123539486
PROD-0139;Brosse à Dents Électrique Quantum;Beauté & Santé;854.84;1002;En stock;4.2;2024-10-13;0.59;3660123488528
PROD-0140;Four à Micro-ondes Quantum;Maison & Cuisine;1236.21;742;En stock;3.2;2025-12-03;5.57;3660123776149
PROD-0141;T-shirt en Coton Quantum;Mode;365.88;250;En stock;4.9;2026-04-23;6.88;3660123794963
PROD-0142;Friteuse sans Huile Apex;Maison & Cuisine;75.24;683;En stock;3.5;2024-05-08;11.83;3660123315173
PROD-0143;Tablette Nova;Électronique;766.42;477;En stock;3.7;2024-05-31;11.85;3660123724932
PROD-0144;Écouteurs Sans Fil Nova;Électronique;1283.9;1106;En stock;3.5;2024-06-27;1.74;3660123127032
PROD-0145;Aspirateur Robot Zenith;Maison & Cuisine;1029.07;487;En stock;4.2;2024-01-17;2.7;3660123154944
PROD-0146;Four à Micro-ondes Vortex;Maison & Cuisine;156.6;130;En stock;4.0;2026-03-07;5.49;3660123722503
PROD-0147;Télévision 4K Vortex;Électronique;295.79;1259;En stock;3.1;2026-03-13;13.64;3660123790909
PROD-0148;Crème Hydratante Quantum;Beauté & Santé;839.9;63;En stock;3.1;2025-05-05;12.72;3660123546980
PROD-0149;Télévision 4K Elite;Électronique;1183.5;150;En stock;4.8;2024-11-25;9.16;3660123168872
PROD-0150;Mélangeur Vortex;Maison & Cuisine;826.66;1123;En stock;4.4;2025-01-25;14.92;3660123656329
PROD-0151;Chaussures de Sport Vortex;Mode;790.99;203;En stock;4.6;2024-04-27;12.81;3660123782535
PROD-0152;Brosse à Dents Électrique Quantum;Beauté & Santé;592.5;467;En stock;3.8;2026-04-27;6.86;3660123536196
PROD-0153;Écouteurs Sans Fil Quantum;Électronique;413.15;522;En stock;3.7;2024-06-05;10.33;3660123597305
PROD-0154;Smartphone Apex;Électronique;130.26;197;En stock;4.5;2025-01-16;12.2;3660123683397
PROD-0155;Tablette Vortex;Électronique;734.56;1372;En stock;3.2;2024-12-28;13.12;3660123886730
PROD-0156;Tapis de Yoga Zenith;Sports & Loisirs;784.52;720;En stock;3.2;2025-06-03;3.27;3660123788637
PROD-0157;Vélo Tout Terrain Apex;Sports & Loisirs;461.64;1139;En stock;3.7;2026-02-19;4.25;3660123337144
PROD-0158;Raquette de Tennis Vortex;Sports & Loisirs;801.5;1316;En stock;4.1;2025-09-15;13.94;3660123969752
PROD-0159;T-shirt en Coton Nova;Mode;362.51;632;En stock;4.8;2024-12-25;0.19;3660123250210
PROD-0160;Parfum Apex;Beauté & Santé;193.01;1296;En stock;4.9;2024-04-03;11.22;3660123325583
PROD-0161;Gourde Isotherme Quantum;Sports & Loisirs;449.75;757;En stock;3.6;2024-11-28;11.67;3660123695164
PROD-0162;Sèche-Cheveux Apex;Beauté & Santé;210.69;1265;En stock;3.1;2024-03-24;4.15;3660123794093
PROD-0163;Gourde Isotherme Vortex;Sports & Loisirs;580.23;559;En stock;3.4;2025-06-08;1.8;3660123550797
PROD-0164;Écouteurs Sans Fil Elite;Électronique;885.24;996;En stock;4.1;2024-11-11;0.78;3660123514463
PROD-0165;Sèche-Cheveux Apex;Beauté & Santé;273.7;432;En stock;4.5;2026-02-21;3.91;3660123444061
PROD-0166;Smartphone Quantum;Électronique;973.64;359;En stock;3.3;2025-06-29;10.58;3660123624563
PROD-0167;Crème Hydratante Apex;Beauté & Santé;522.21;86;En stock;3.9;2025-04-15;13.83;3660123428267
PROD-0168;Parfum Vortex;Beauté & Santé;531.7;1311;En stock;3.8;2024-04-27;6.13;3660123440544
PROD-0169;Friteuse sans Huile Quantum;Maison & Cuisine;1083.3;741;En stock;3.2;2026-05-14;1.68;3660123556839
PROD-0170;Parfum Vortex;Beauté & Santé;111.44;635;En stock;4.5;2024-08-14;5.06;3660123276299
PROD-0171;Tablette Elite;Électronique;157.08;1044;En stock;3.4;2026-03-05;5.31;3660123862712
PROD-0172;Machine à Café Apex;Maison & Cuisine;198.9;404;En stock;3.3;2024-06-05;11.43;3660123787351
PROD-0173;Ordinateur Portable Elite;Électronique;647.4;1154;En stock;4.5;2025-04-04;10.25;3660123691912
PROD-0174;Crème Hydratante Elite;Beauté & Santé;417.81;900;En stock;3.1;2025-03-28;9.51;3660123935012
PROD-0175;Sac à Dos Apex;Mode;464.0;151;En stock;3.6;2025-04-07;0.66;3660123486649
PROD-0176;T-shirt en Coton Elite;Mode;1124.87;184;En stock;4.2;2025-06-03;5.83;3660123708519
PROD-0177;Sèche-Cheveux Quantum;Beauté & Santé;1182.66;1170;En stock;4.3;2024-11-25;9.11;3660123625721
PROD-0178;Aspirateur Robot Quantum;Maison & Cuisine;143.51;703;En stock;5.0;2024-03-27;7.62;3660123280941
PROD-0179;Ordinateur Portable Elite;Électronique;574.7;899;En stock;4.0;2025-09-16;2.47;3660123490963
PROD-0180;Chaussures de Sport Quantum;Mode;1009.05;1390;En stock;4.2;2026-03-19;9.5;3660123450905
PROD-0181;Écouteurs Sans Fil Apex;Électronique;729.76;791;En stock;3.6;2026-01-11;12.79;3660123731977
PROD-0182;Mélangeur Apex;Maison & Cuisine;761.72;289;En stock;4.8;2024-11-13;14.52;3660123832409
PROD-0183;Vélo Tout Terrain Vortex;Sports & Loisirs;924.39;173;En stock;3.6;2025-01-20;9.69;3660123444432
PROD-0184;Friteuse sans Huile Apex;Maison & Cuisine;843.36;867;En stock;4.0;2024-01-19;5.5;3660123289019
PROD-0185;Mélangeur Quantum;Maison & Cuisine;257.68;281;En stock;3.3;2024-10-29;12.68;3660123206053
PROD-0186;Sèche-Cheveux Elite;Beauté & Santé;444.42;1265;En stock;3.3;2025-01-20;2.4;3660123289630
PROD-0187;Brosse à Dents Électrique Elite;Beauté & Santé;574.59;841;En stock;3.7;2026-01-06;3.64;3660123565776
PROD-0188;Crème Hydratante Elite;Beauté & Santé;1021.09;479;En stock;4.1;2024-11-12;14.49;3660123922471
PROD-0189;Vélo Tout Terrain Zenith;Sports & Loisirs;885.01;1168;En stock;5.0;2025-04-17;11.56;3660123915922
PROD-0190;Raquette de Tennis Vortex;Sports & Loisirs;550.06;331;En stock;4.6;2026-03-31;9.11;3660123362147
PROD-0191;Montre Connectée Quantum;Électronique;1137.6;1135;En stock;4.9;2025-12-29;12.7;3660123992512
PROD-0192;Écouteurs Sans Fil Apex;Électronique;994.41;558;En stock;3.9;2025-06-09;2.3;3660123558723
PROD-0193;Ordinateur Portable Quantum;Électronique;1151.16;54;En stock;3.8;2025-02-09;7.58;3660123347231
PROD-0194;Tapis de Yoga Zenith;Sports & Loisirs;299.64;652;En stock;4.9;2026-05-09;10.75;3660123451577
PROD-0195;Machine à Café Apex;Maison & Cuisine;380.06;967;En stock;4.4;2024-05-22;11.41;3660123591897
PROD-0196;Raquette de Tennis Apex;Sports & Loisirs;1178.55;38;Stock faible;3.5;2026-05-05;2.33;3660123862560
PROD-0197;Parfum Apex;Beauté & Santé;1011.25;486;En stock;3.6;2024-02-18;3.65;3660123769989
PROD-0198;Parfum Apex;Beauté & Santé;153.0;1023;En stock;4.2;2024-01-17;9.52;3660123702980
PROD-0199;Machine à Café Zenith;Maison & Cuisine;563.71;1259;En stock;3.7;2025-08-07;6.31;3660123796643
PROD-0200;Tablette Zenith;Électronique;97.3;1077;En stock;4.1;2026-03-16;14.83;3660123681070
PROD-0201;Télévision 4K Quantum;Électronique;66.15;792;En stock;5.0;2024-09-16;11.24;3660123474440
PROD-0202;Écouteurs Sans Fil Nova;Électronique;955.48;1286;En stock;3.2;2025-08-18;11.05;3660123448671
PROD-0203;Aspirateur Robot Zenith;Maison & Cuisine;714.35;1316;En stock;3.4;2026-03-08;10.3;3660123829168
PROD-0204;Vélo Tout Terrain Nova;Sports & Loisirs;91.39;937;En stock;3.1;2024-07-25;0.75;3660123309159
PROD-0205;Écouteurs Sans Fil Zenith;Électronique;674.83;1112;En stock;3.9;2024-02-07;11.32;3660123300386
PROD-0206;Veste d'Hiver Apex;Mode;1126.87;679;En stock;3.5;2026-03-29;5.58;3660123519453
PROD-0207;Gourde Isotherme Zenith;Sports & Loisirs;1266.09;1016;En stock;4.4;2025-01-11;13.87;3660123644500
PROD-0208;T-shirt en Coton Elite;Mode;557.59;881;En stock;4.2;2026-04-22;2.79;3660123408036
PROD-0209;T-shirt en Coton Apex;Mode;433.01;605;En stock;3.6;2025-09-09;10.79;3660123274739
PROD-0210;Haltères Quantum;Sports & Loisirs;64.63;722;En stock;4.2;2025-03-21;4.19;3660123929924
PROD-0211;Smartphone Elite;Électronique;832.38;744;En stock;4.0;2026-02-06;10.22;3660123132653
PROD-0212;Friteuse sans Huile Elite;Maison & Cuisine;1017.88;71;En stock;3.3;2024-08-29;11.7;3660123484123
PROD-0213;Chaussures de Sport Vortex;Mode;51.77;314;En stock;4.4;2025-01-14;5.64;3660123900152
PROD-0214;Tablette Nova;Électronique;692.99;815;En stock;3.6;2024-10-12;3.82;3660123218959
PROD-0215;Montre Connectée Nova;Électronique;653.76;792;En stock;4.8;2024-04-30;4.0;3660123372933
PROD-0216;Vélo Tout Terrain Vortex;Sports & Loisirs;378.38;1005;En stock;3.4;2024-05-18;12.81;3660123574001
PROD-0217;Four à Micro-ondes Apex;Maison & Cuisine;1055.55;654;En stock;4.3;2025-12-27;1.07;3660123668507
PROD-0218;Veste d'Hiver Nova;Mode;928.22;1434;En stock;4.3;2026-03-23;5.49;3660123335134
PROD-0219;Ordinateur Portable Nova;Électronique;315.38;1011;En stock;3.1;2025-07-21;8.63;3660123590110
PROD-0220;Brosse à Dents Électrique Vortex;Beauté & Santé;1150.67;134;En stock;3.6;2026-01-04;10.81;3660123651231
PROD-0221;Gourde Isotherme Vortex;Sports & Loisirs;105.13;649;En stock;4.3;2025-04-05;7.04;3660123642491
PROD-0222;Jeans Slim Vortex;Mode;835.32;372;En stock;4.5;2024-05-12;6.55;3660123158104
PROD-0223;Tablette Nova;Électronique;402.31;331;En stock;3.6;2025-12-27;3.46;3660123644103
PROD-0224;T-shirt en Coton Zenith;Mode;263.22;1128;En stock;3.5;2025-10-02;4.61;3660123659392
PROD-0225;Tablette Elite;Électronique;227.53;1189;En stock;3.3;2025-11-05;9.4;3660123734534
PROD-0226;Sac à Dos Apex;Mode;1074.54;58;En stock;3.2;2025-10-18;11.59;3660123377511
PROD-0227;Friteuse sans Huile Quantum;Maison & Cuisine;807.35;62;En stock;4.0;2025-10-04;8.23;3660123773088
PROD-0228;Chaussures de Sport Nova;Mode;1048.04;1402;En stock;3.8;2025-04-09;1.19;3660123162823
PROD-0229;Four à Micro-ondes Quantum;Maison & Cuisine;634.67;417;En stock;3.7;2024-05-27;4.76;3660123853258
PROD-0230;Veste d'Hiver Quantum;Mode;178.68;758;En stock;4.0;2024-04-18;4.85;3660123589131
PROD-0231;Écouteurs Sans Fil Quantum;Électronique;329.81;198;En stock;3.1;2025-01-28;12.98;3660123538446
PROD-0232;Machine à Café Zenith;Maison & Cuisine;1214.53;1476;En stock;3.6;2026-02-20;2.47;3660123639728
PROD-0233;Gourde Isotherme Zenith;Sports & Loisirs;651.6;184;En stock;4.9;2025-06-01;6.91;3660123352422
PROD-0234;Friteuse sans Huile Zenith;Maison & Cuisine;72.76;576;En stock;4.0;2026-06-22;12.66;3660123805188
PROD-0235;Haltères Vortex;Sports & Loisirs;20.54;220;En stock;3.9;2026-06-22;4.04;3660123483545
PROD-0236;Haltères Apex;Sports & Loisirs;526.74;1167;En stock;4.1;2025-01-06;8.34;3660123177103
PROD-0237;Raquette de Tennis Quantum;Sports & Loisirs;996.07;572;En stock;4.7;2025-09-30;10.24;3660123224582
PROD-0238;Aspirateur Robot Quantum;Maison & Cuisine;491.42;694;En stock;4.1;2025-01-09;11.35;3660123308727
PROD-0239;Parfum Vortex;Beauté & Santé;61.92;79;En stock;3.3;2024-12-07;12.08;3660123644559
PROD-0240;Vélo Tout Terrain Vortex;Sports & Loisirs;1162.13;286;En stock;3.7;2025-09-19;4.85;3660123512042
PROD-0241;Crème Hydratante Vortex;Beauté & Santé;443.91;1043;En stock;4.1;2025-12-26;8.49;3660123597960
PROD-0242;Écouteurs Sans Fil Zenith;Électronique;879.2;853;En stock;4.2;2026-03-26;13.49;3660123821466
PROD-0243;Tablette Quantum;Électronique;352.52;1342;En stock;4.6;2026-03-05;8.72;3660123338596
PROD-0244;Tablette Quantum;Électronique;229.95;1288;En stock;4.4;2026-03-04;12.63;3660123254954
PROD-0245;Aspirateur Robot Vortex;Maison & Cuisine;1233.17;225;En stock;3.4;2025-03-27;4.77;3660123258787
PROD-0246;Vélo Tout Terrain Quantum;Sports & Loisirs;657.34;1252;En stock;4.8;2026-06-12;12.74;3660123862736
PROD-0247;Montre Connectée Nova;Électronique;679.09;1148;En stock;3.7;2025-11-09;7.23;3660123495129
PROD-0248;Jeans Slim Quantum;Mode;1186.63;701;En stock;4.1;2025-11-23;11.6;3660123855944
PROD-0249;Sac à Dos Quantum;Mode;258.01;504;En stock;3.6;2024-11-01;3.45;3660123412071
PROD-0250;Jeans Slim Elite;Mode;919.42;649;En stock;4.0;2025-07-27;14.01;3660123934042
PROD-0251;Veste d'Hiver Apex;Mode;749.78;1112;En stock;3.8;2025-02-08;12.29;3660123910616
PROD-0252;Mélangeur Apex;Maison & Cuisine;381.03;1462;En stock;3.2;2026-08-04;6.69;3660123368900
PROD-0253;Vélo Tout Terrain Nova;Sports & Loisirs;1078.05;555;En stock;4.9;2025-12-13;4.15;3660123214532
PROD-0254;Brosse à Dents Électrique Nova;Beauté & Santé;75.48;1087;En stock;3.5;2024-08-26;0.88;3660123533377
PROD-0255;Chaussures de Sport Apex;Mode;888.73;281;En stock;3.0;2025-07-17;14.67;3660123265613
PROD-0256;Gourde Isotherme Quantum;Sports & Loisirs;849.18;588;En stock;3.6;2025-10-23;0.98;3660123906066
PROD-0257;Montre Connectée Vortex;Électronique;309.55;1480;En stock;4.7;2024-02-08;13.71;3660123283568
PROD-0258;Vélo Tout Terrain Apex;Sports & Loisirs;1296.34;813;En stock;4.6;2024-07-09;14.06;3660123403528
PROD-0259;Smartphone Zenith;Électronique;742.66;219;En stock;4.9;2024-12-09;4.34;3660123772464
PROD-0260;Parfum Nova;Beauté & Santé;1107.86;958;En stock;3.5;2026-04-08;1.78;3660123270387
PROD-0261;Haltères Elite;Sports & Loisirs;250.19;690;En stock;4.6;2025-08-04;10.15;3660123302544
PROD-0262;Friteuse sans Huile Elite;Maison & Cuisine;1167.18;875;En stock;4.0;2024-03-29;6.07;3660123200018
PROD-0263;Machine à Café Quantum;Maison & Cuisine;427.44;508;En stock;3.0;2025-01-27;3.61;3660123890371
PROD-0264;Veste d'Hiver Zenith;Mode;761.36;1173;En stock;3.0;2025-10-31;5.46;3660123347781
PROD-0265;Montre Connectée Apex;Électronique;610.35;327;En stock;3.8;2025-05-29;13.85;3660123837733
PROD-0266;T-shirt en Coton Elite;Mode;1191.8;604;En stock;3.7;2024-08-14;3.37;3660123240057
PROD-0267;Vélo Tout Terrain Quantum;Sports & Loisirs;974.57;1240;En stock;3.7;2025-12-19;8.28;3660123593699
PROD-0268;Brosse à Dents Électrique Nova;Beauté & Santé;887.63;1220;En stock;4.7;2024-03-24;7.93;3660123653829
PROD-0269;T-shirt en Coton Vortex;Mode;154.74;1121;En stock;4.8;2024-07-26;8.63;3660123257131
PROD-0270;Mélangeur Vortex;Maison & Cuisine;579.96;1393;En stock;3.4;2025-08-20;7.38;3660123635167
PROD-0271;Tapis de Yoga Quantum;Sports & Loisirs;180.2;850;En stock;3.9;2024-02-29;8.43;3660123805448
PROD-0272;T-shirt en Coton Quantum;Mode;338.24;6;Stock faible;4.5;2025-08-15;1.19;3660123544278
PROD-0273;T-shirt en Coton Vortex;Mode;1292.41;141;En stock;5.0;2025-04-28;0.57;3660123528728
PROD-0274;Machine à Café Elite;Maison & Cuisine;1272.04;1322;En stock;4.9;2025-01-18;14.89;3660123501058
PROD-0275;Gourde Isotherme Quantum;Sports & Loisirs;113.51;1355;En stock;4.7;2024-05-16;9.84;3660123464663
PROD-0276;Ordinateur Portable Vortex;Électronique;517.04;260;En stock;4.5;2024-08-16;12.54;3660123892911
PROD-0277;Écouteurs Sans Fil Quantum;Électronique;878.8;1115;En stock;3.8;2025-01-23;12.37;3660123359535
PROD-0278;Haltères Nova;Sports & Loisirs;365.58;1484;En stock;4.5;2024-02-02;12.16;3660123539605
PROD-0279;Sèche-Cheveux Nova;Beauté & Santé;275.84;206;En stock;4.2;2025-04-02;9.01;3660123837449
PROD-0280;Ordinateur Portable Elite;Électronique;67.06;898;En stock;3.5;2024-08-10;11.34;3660123913761
PROD-0281;Ordinateur Portable Vortex;Électronique;1291.58;479;En stock;4.6;2026-01-19;8.68;3660123705526
PROD-0282;Crème Hydratante Nova;Beauté & Santé;399.27;293;En stock;5.0;2025-06-17;3.39;3660123415098
PROD-0283;T-shirt en Coton Vortex;Mode;1233.58;358;En stock;4.3;2025-03-13;8.38;3660123149161
PROD-0284;Chaussures de Sport Vortex;Mode;421.16;852;En stock;3.8;2024-11-03;5.71;3660123891062
PROD-0285;Parfum Nova;Beauté & Santé;1105.64;615;En stock;4.7;2024-05-27;12.11;3660123160423
PROD-0286;Parfum Quantum;Beauté & Santé;728.89;274;En stock;3.8;2024-09-18;3.13;3660123778120
PROD-0287;Télévision 4K Zenith;Électronique;129.27;1483;En stock;4.7;2024-02-22;4.1;3660123806396
PROD-0288;Sèche-Cheveux Apex;Beauté & Santé;252.72;1203;En stock;4.4;2025-07-26;3.33;3660123319036
PROD-0289;Veste d'Hiver Apex;Mode;283.22;389;En stock;4.9;2024-04-30;11.23;3660123890973
PROD-0290;Vélo Tout Terrain Elite;Sports & Loisirs;789.67;418;En stock;3.8;2024-09-02;8.33;3660123913185
PROD-0291;Chaussures de Sport Quantum;Mode;698.4;735;En stock;3.6;2025-01-03;7.74;3660123621433
PROD-0292;Tapis de Yoga Elite;Sports & Loisirs;615.63;655;En stock;4.8;2025-01-14;4.76;3660123147936
PROD-0293;Brosse à Dents Électrique Elite;Beauté & Santé;198.23;534;En stock;4.1;2025-08-21;8.73;3660123537862
PROD-0294;Jeans Slim Nova;Mode;435.52;777;En stock;4.1;2024-09-08;7.54;3660123786406
PROD-0295;Veste d'Hiver Quantum;Mode;1256.79;1314;En stock;4.5;2025-04-16;2.61;3660123933592
PROD-0296;Jeans Slim Nova;Mode;939.19;1000;En stock;3.4;2026-06-29;8.18;3660123772985
PROD-0297;Tablette Apex;Électronique;1092.39;152;En stock;4.9;2025-11-15;0.82;3660123106693
PROD-0298;Vélo Tout Terrain Elite;Sports & Loisirs;308.54;1448;En stock;3.3;2024-08-11;7.64;3660123491329
PROD-0299;Tablette Elite;Électronique;870.1;1262;En stock;4.8;2025-11-06;7.37;3660123106933
PROD-0300;Parfum Apex;Beauté & Santé;31.57;1479;En stock;3.5;2024-10-20;0.36;3660123952657
PROD-0301;Vélo Tout Terrain Apex;Sports & Loisirs;1194.27;1073;En stock;3.3;2024-07-15;9.33;3660123364679
PROD-0302;Veste d'Hiver Quantum;Mode;111.92;831;En stock;3.9;2024-09-06;14.85;3660123336828
PROD-0303;T-shirt en Coton Elite;Mode;1289.25;1330;En stock;4.5;2024-04-05;6.14;3660123495490
PROD-0304;Parfum Apex;Beauté & Santé;831.4;1439;En stock;3.3;2025-05-26;12.7;3660123776234
PROD-0305;Sac à Dos Apex;Mode;1164.27;87;En stock;3.5;2026-07-11;13.03;3660123694316
PROD-0306;Haltères Apex;Sports & Loisirs;1202.16;1401;En stock;4.9;2026-07-09;8.19;3660123790077
PROD-0307;Ordinateur Portable Zenith;Électronique;30.19;424;En stock;4.2;2026-02-09;12.33;3660123960778
PROD-0308;Tapis de Yoga Zenith;Sports & Loisirs;219.55;492;En stock;4.1;2026-05-19;5.9;3660123666820
PROD-0309;Chaussures de Sport Elite;Mode;190.53;1411;En stock;4.4;2025-05-27;11.21;3660123462659
PROD-0310;Smartphone Quantum;Électronique;309.46;155;En stock;3.7;2026-02-26;9.25;3660123724540
PROD-0311;Haltères Apex;Sports & Loisirs;828.01;922;En stock;4.0;2024-12-30;8.34;3660123493663
PROD-0312;Vélo Tout Terrain Elite;Sports & Loisirs;765.77;778;En stock;3.2;2025-09-25;4.5;3660123358421
PROD-0313;Smartphone Zenith;Électronique;208.94;1457;En stock;4.6;2024-06-06;11.12;3660123432061
PROD-0314;T-shirt en Coton Apex;Mode;16.69;631;En stock;3.9;2026-02-18;4.12;3660123238943
PROD-0315;Ordinateur Portable Quantum;Électronique;589.0;1136;En stock;4.0;2024-04-15;0.49;3660123471106
PROD-0316;Sèche-Cheveux Vortex;Beauté & Santé;781.47;664;En stock;4.7;2024-01-13;4.45;3660123506637
PROD-0317;Montre Connectée Vortex;Électronique;1177.71;497;En stock;4.1;2024-06-22;10.31;3660123277735
PROD-0318;Mélangeur Zenith;Maison & Cuisine;356.23;298;En stock;3.1;2025-03-21;4.21;3660123414313
PROD-0319;Tapis de Yoga Zenith;Sports & Loisirs;334.68;505;En stock;4.4;2025-05-22;8.95;3660123305047
PROD-0320;Tapis de Yoga Nova;Sports & Loisirs;403.0;810;En stock;3.7;2025-09-27;5.76;3660123445549
PROD-0321;Haltères Quantum;Sports & Loisirs;1061.95;1333;En stock;4.9;2024-05-19;4.58;3660123732512
PROD-0322;Four à Micro-ondes Zenith;Maison & Cuisine;239.14;815;En stock;4.9;2024-10-25;11.05;3660123763646
PROD-0323;Raquette de Tennis Nova;Sports & Loisirs;430.38;574;En stock;4.6;2025-02-06;5.54;3660123691240
PROD-0324;Friteuse sans Huile Vortex;Maison & Cuisine;242.1;1126;En stock;3.1;2026-01-14;6.98;3660123842776
PROD-0325;Four à Micro-ondes Zenith;Maison & Cuisine;1082.34;141;En stock;4.6;2026-03-25;11.95;3660123805668
PROD-0326;Vélo Tout Terrain Elite;Sports & Loisirs;400.64;517;En stock;4.3;2026-01-02;6.4;3660123495303
PROD-0327;Télévision 4K Vortex;Électronique;628.2;820;En stock;4.1;2026-08-03;13.81;3660123825309
PROD-0328;Raquette de Tennis Apex;Sports & Loisirs;1030.02;736;En stock;4.4;2026-04-11;8.1;3660123769180
PROD-0329;Smartphone Nova;Électronique;858.3;727;En stock;3.3;2025-09-19;0.76;3660123776364
PROD-0330;Haltères Quantum;Sports & Loisirs;146.66;201;En stock;3.5;2025-06-06;11.23;3660123685098
PROD-0331;Brosse à Dents Électrique Quantum;Beauté & Santé;492.6;948;En stock;4.5;2025-08-25;10.39;3660123258067
PROD-0332;T-shirt en Coton Quantum;Mode;144.86;851;En stock;4.8;2024-03-28;1.83;3660123865618
PROD-0333;Mélangeur Zenith;Maison & Cuisine;452.55;423;En stock;4.0;2024-12-22;7.19;3660123559450
PROD-0334;Haltères Apex;Sports & Loisirs;397.33;1455;En stock;3.2;2026-05-19;5.21;3660123214675
PROD-0335;Machine à Café Vortex;Maison & Cuisine;235.03;327;En stock;3.7;2025-03-12;14.38;3660123343118
PROD-0336;Vélo Tout Terrain Nova;Sports & Loisirs;836.21;885;En stock;3.8;2026-01-25;9.25;3660123306909
PROD-0337;Raquette de Tennis Quantum;Sports & Loisirs;511.59;1443;En stock;3.4;2024-10-12;11.31;3660123948014
PROD-0338;Tablette Apex;Électronique;1041.35;1099;En stock;3.4;2024-11-29;3.04;3660123219490
PROD-0339;Chaussures de Sport Vortex;Mode;1256.02;641;En stock;4.2;2025-09-17;5.95;3660123219781
PROD-0340;Veste d'Hiver Quantum;Mode;806.39;1379;En stock;4.4;2024-10-31;13.79;3660123718836
PROD-0341;Montre Connectée Nova;Électronique;414.0;488;En stock;3.6;2024-07-06;5.66;3660123248225
PROD-0342;Parfum Quantum;Beauté & Santé;779.38;1177;En stock;3.8;2024-07-09;7.35;3660123663483
PROD-0343;Friteuse sans Huile Nova;Maison & Cuisine;641.63;287;En stock;3.4;2026-05-12;6.82;3660123156215
PROD-0344;T-shirt en Coton Quantum;Mode;186.12;786;En stock;4.9;2025-06-01;9.83;3660123529008
PROD-0345;Gourde Isotherme Elite;Sports & Loisirs;1093.45;1000;En stock;3.3;2025-08-01;0.56;3660123898025
PROD-0346;Mélangeur Apex;Maison & Cuisine;364.55;1101;En stock;3.6;2026-03-10;6.91;3660123878586
PROD-0347;Raquette de Tennis Vortex;Sports & Loisirs;156.03;233;En stock;3.5;2025-07-10;12.37;3660123484682
PROD-0348;Sèche-Cheveux Elite;Beauté & Santé;579.35;447;En stock;5.0;2024-04-14;11.07;3660123785424
PROD-0349;Mélangeur Apex;Maison & Cuisine;590.14;713;En stock;4.7;2024-03-30;6.64;3660123223088
PROD-0350;Machine à Café Elite;Maison & Cuisine;768.41;718;En stock;4.7;2025-09-16;9.53;3660123274044
PROD-0351;Brosse à Dents Électrique Nova;Beauté & Santé;1059.44;121;En stock;4.1;2025-06-29;4.29;3660123664939
PROD-0352;Mélangeur Elite;Maison & Cuisine;387.49;1172;En stock;3.5;2026-05-28;7.76;3660123812296
PROD-0353;Ordinateur Portable Quantum;Électronique;1195.2;567;En stock;4.7;2024-05-09;10.55;3660123239136
PROD-0354;Machine à Café Elite;Maison & Cuisine;425.49;506;En stock;4.5;2025-11-23;5.95;3660123249077
PROD-0355;Crème Hydratante Elite;Beauté & Santé;544.34;925;En stock;3.2;2026-03-24;13.21;3660123197616
PROD-0356;Raquette de Tennis Elite;Sports & Loisirs;368.9;755;En stock;3.9;2025-05-14;4.98;3660123102593
PROD-0357;Montre Connectée Quantum;Électronique;828.93;1428;En stock;3.7;2024-03-05;11.96;3660123517035
PROD-0358;Four à Micro-ondes Nova;Maison & Cuisine;648.17;661;En stock;4.7;2024-12-11;8.25;3660123236937
PROD-0359;Parfum Zenith;Beauté & Santé;1163.45;99;En stock;3.1;2025-10-03;11.78;3660123581906
PROD-0360;Smartphone Nova;Électronique;579.25;1;Stock faible;5.0;2025-03-14;3.11;3660123822040
PROD-0361;Mélangeur Nova;Maison & Cuisine;1138.0;561;En stock;3.2;2025-01-04;3.83;3660123489906
PROD-0362;Aspirateur Robot Quantum;Maison & Cuisine;817.02;1486;En stock;4.4;2024-08-27;6.5;3660123195629
PROD-0363;Smartphone Nova;Électronique;625.07;271;En stock;4.2;2025-06-15;10.23;3660123109738
PROD-0364;Montre Connectée Zenith;Électronique;1064.06;864;En stock;4.4;2025-05-04;1.16;3660123501677
PROD-0365;Montre Connectée Apex;Électronique;143.12;752;En stock;4.8;2024-05-20;5.8;3660123952878
PROD-0366;Machine à Café Apex;Maison & Cuisine;694.35;17;Stock faible;4.2;2024-06-17;6.66;3660123857524
PROD-0367;Machine à Café Quantum;Maison & Cuisine;804.73;906;En stock;4.7;2024-03-29;13.46;3660123246814
PROD-0368;Tablette Elite;Électronique;505.39;879;En stock;3.6;2024-05-23;3.79;3660123775933
PROD-0369;Ordinateur Portable Vortex;Électronique;785.28;1476;En stock;4.2;2026-03-08;14.13;3660123128127
PROD-0370;Jeans Slim Vortex;Mode;792.93;386;En stock;4.5;2024-10-29;9.73;3660123921875
PROD-0371;Four à Micro-ondes Quantum;Maison & Cuisine;155.43;1023;En stock;4.3;2024-03-13;7.97;3660123112653
PROD-0372;Veste d'Hiver Nova;Mode;509.01;1164;En stock;3.8;2025-07-13;10.28;3660123899776
PROD-0373;Tapis de Yoga Apex;Sports & Loisirs;767.69;28;Stock faible;3.5;2024-02-10;13.85;3660123927630
PROD-0374;Raquette de Tennis Zenith;Sports & Loisirs;820.85;1026;En stock;4.5;2025-03-09;10.56;3660123186431
PROD-0375;Brosse à Dents Électrique Zenith;Beauté & Santé;117.83;161;En stock;4.0;2024-07-27;14.62;3660123262924
PROD-0376;Crème Hydratante Quantum;Beauté & Santé;766.49;1330;En stock;4.4;2024-03-08;4.72;3660123558737
PROD-0377;Aspirateur Robot Nova;Maison & Cuisine;121.2;889;En stock;3.2;2025-09-18;9.17;3660123424314
PROD-0378;Aspirateur Robot Apex;Maison & Cuisine;923.18;1436;En stock;3.0;2025-05-23;14.3;3660123648410
PROD-0379;Crème Hydratante Nova;Beauté & Santé;489.7;550;En stock;4.5;2024-04-30;11.59;3660123130782
PROD-0380;Chaussures de Sport Zenith;Mode;685.76;538;En stock;4.4;2025-08-13;9.45;3660123620248
PROD-0381;Raquette de Tennis Zenith;Sports & Loisirs;81.51;1160;En stock;3.3;2024-06-10;3.9;3660123207903
PROD-0382;Sèche-Cheveux Nova;Beauté & Santé;965.6;5;Stock faible;3.1;2026-06-02;0.28;3660123148215
PROD-0383;Haltères Quantum;Sports & Loisirs;1197.08;366;En stock;4.9;2026-05-28;0.63;3660123942127
PROD-0384;Vélo Tout Terrain Zenith;Sports & Loisirs;330.25;1475;En stock;3.6;2026-04-25;1.26;3660123490917
PROD-0385;Tablette Elite;Électronique;1173.49;367;En stock;3.4;2025-06-12;14.72;3660123520400
PROD-0386;Télévision 4K Zenith;Électronique;1007.84;636;En stock;3.7;2025-07-20;6.91;3660123486839
PROD-0387;Mélangeur Vortex;Maison & Cuisine;1022.0;1275;En stock;3.5;2025-01-12;8.92;3660123617326
PROD-0388;Friteuse sans Huile Nova;Maison & Cuisine;204.22;839;En stock;3.0;2025-07-08;5.26;3660123980357
PROD-0389;Écouteurs Sans Fil Apex;Électronique;989.01;770;En stock;4.7;2026-01-14;4.68;3660123315161
PROD-0390;Brosse à Dents Électrique Quantum;Beauté & Santé;644.71;122;En stock;4.9;2024-05-25;10.7;3660123197545
PROD-0391;Ordinateur Portable Vortex;Électronique;542.83;762;En stock;3.9;2026-02-04;1.37;3660123200219
PROD-0392;Brosse à Dents Électrique Elite;Beauté & Santé;1067.74;153;En stock;4.2;2024-03-04;6.58;3660123237057
PROD-0393;Mélangeur Zenith;Maison & Cuisine;1107.67;804;En stock;4.4;2026-01-23;4.96;3660123574751
PROD-0394;Jeans Slim Apex;Mode;1227.18;278;En stock;4.6;2025-08-21;1.72;3660123210790
PROD-0395;Four à Micro-ondes Quantum;Maison & Cuisine;415.09;247;En stock;4.1;2026-02-27;3.19;3660123423284
PROD-0396;Haltères Apex;Sports & Loisirs;126.63;1405;En stock;3.6;2025-12-22;10.48;3660123142288
PROD-0397;Mélangeur Nova;Maison & Cuisine;127.65;508;En stock;4.9;2025-02-09;7.75;3660123810078
PROD-0398;Veste d'Hiver Nova;Mode;50.09;828;En stock;4.7;2025-07-23;11.25;3660123361989
PROD-0399;Télévision 4K Apex;Électronique;1047.02;286;En stock;3.2;2024-03-04;12.47;3660123333086
PROD-0400;Machine à Café Quantum;Maison & Cuisine;490.18;1290;En stock;4.9;2024-03-27;8.78;3660123371393
PROD-0401;Smartphone Apex;Électronique;265.09;1322;En stock;3.9;2024-05-11;1.47;3660123988432
PROD-0402;T-shirt en Coton Apex;Mode;1225.53;103;En stock;3.3;2025-08-10;6.55;3660123859620
PROD-0403;Gourde Isotherme Apex;Sports & Loisirs;503.71;873;En stock;3.3;2024-08-07;13.63;3660123388339
PROD-0404;Chaussures de Sport Nova;Mode;54.69;1268;En stock;4.2;2025-10-24;4.5;3660123532005
PROD-0405;Parfum Apex;Beauté & Santé;123.15;784;En stock;3.3;2024-07-23;9.68;3660123935922
PROD-0406;Brosse à Dents Électrique Elite;Beauté & Santé;1292.36;1113;En stock;4.6;2025-01-26;11.75;3660123476556
PROD-0407;Raquette de Tennis Quantum;Sports & Loisirs;453.79;1158;En stock;4.0;2025-02-01;4.13;3660123127329
PROD-0408;Sac à Dos Nova;Mode;47.79;575;En stock;3.1;2025-04-28;7.99;3660123904092
PROD-0409;Brosse à Dents Électrique Nova;Beauté & Santé;139.16;1345;En stock;3.5;2025-06-30;12.26;3660123872863
PROD-0410;Ordinateur Portable Vortex;Électronique;1101.98;795;En stock;3.7;2026-05-09;14.87;3660123282150
PROD-0411;Machine à Café Vortex;Maison & Cuisine;420.22;1428;En stock;3.7;2025-08-28;0.52;3660123834591
PROD-0412;Sac à Dos Vortex;Mode;193.3;385;En stock;4.7;2026-04-09;13.24;3660123616137
PROD-0413;Crème Hydratante Nova;Beauté & Santé;642.65;184;En stock;3.1;2025-09-08;3.36;3660123652021
PROD-0414;Tapis de Yoga Zenith;Sports & Loisirs;1194.08;412;En stock;4.6;2024-12-14;10.78;3660123941403
PROD-0415;T-shirt en Coton Apex;Mode;200.54;1443;En stock;4.8;2026-03-03;1.75;3660123651860
PROD-0416;T-shirt en Coton Zenith;Mode;918.84;1356;En stock;3.8;2024-04-13;5.11;3660123438273
PROD-0417;Machine à Café Elite;Maison & Cuisine;1233.8;1309;En stock;4.9;2025-10-26;4.83;3660123841535
PROD-0418;Crème Hydratante Nova;Beauté & Santé;868.53;359;En stock;3.8;2026-01-21;10.36;3660123233534
PROD-0419;Aspirateur Robot Elite;Maison & Cuisine;1233.81;801;En stock;4.7;2026-02-28;14.48;3660123133955
PROD-0420;Friteuse sans Huile Zenith;Maison & Cuisine;1198.13;1252;En stock;3.4;2025-08-02;1.65;3660123620287
PROD-0421;Mélangeur Elite;Maison & Cuisine;110.36;710;En stock;5.0;2024-06-20;9.58;3660123193035
PROD-0422;Chaussures de Sport Apex;Mode;352.11;511;En stock;4.4;2024-12-24;3.92;3660123213282
PROD-0423;Smartphone Quantum;Électronique;575.29;859;En stock;4.9;2026-06-24;6.27;3660123497108
PROD-0424;Sac à Dos Quantum;Mode;140.83;981;En stock;4.6;2025-08-14;9.8;3660123820539
PROD-0425;Machine à Café Quantum;Maison & Cuisine;105.08;68;En stock;3.6;2024-11-22;3.99;3660123209812
PROD-0426;Écouteurs Sans Fil Nova;Électronique;1155.42;329;En stock;4.5;2025-07-14;14.13;3660123197627
PROD-0427;Sac à Dos Vortex;Mode;1162.25;1442;En stock;3.1;2025-10-31;2.56;3660123555292
PROD-0428;Aspirateur Robot Apex;Maison & Cuisine;437.1;389;En stock;3.8;2025-07-21;10.86;3660123865433
PROD-0429;Crème Hydratante Elite;Beauté & Santé;373.15;486;En stock;3.2;2025-02-06;8.62;3660123980651
PROD-0430;Vélo Tout Terrain Apex;Sports & Loisirs;475.46;875;En stock;3.2;2026-04-23;9.96;3660123729371
PROD-0431;Vélo Tout Terrain Apex;Sports & Loisirs;43.19;349;En stock;4.3;2024-03-24;7.16;3660123221119
PROD-0432;Chaussures de Sport Quantum;Mode;640.92;1353;En stock;3.5;2025-10-19;8.21;3660123293862
PROD-0433;Chaussures de Sport Zenith;Mode;250.68;91;En stock;3.5;2025-04-21;4.02;3660123977740
PROD-0434;Sac à Dos Apex;Mode;204.95;1426;En stock;4.3;2024-03-28;10.06;3660123947438
PROD-0435;Parfum Vortex;Beauté & Santé;303.48;124;En stock;4.7;2026-04-18;7.89;3660123661527
PROD-0436;Raquette de Tennis Nova;Sports & Loisirs;624.37;161;En stock;3.8;2026-05-24;10.74;3660123626491
PROD-0437;Brosse à Dents Électrique Apex;Beauté & Santé;1234.53;919;En stock;3.3;2024-06-20;14.59;3660123947732
PROD-0438;Machine à Café Apex;Maison & Cuisine;556.14;1399;En stock;3.9;2026-04-22;9.45;3660123974625
PROD-0439;Crème Hydratante Zenith;Beauté & Santé;1184.93;137;En stock;3.2;2025-07-23;6.02;3660123441968
PROD-0440;Sac à Dos Quantum;Mode;1193.13;25;Stock faible;4.6;2025-09-30;8.85;3660123919656
PROD-0441;Tapis de Yoga Quantum;Sports & Loisirs;203.03;1160;En stock;4.2;2026-02-15;14.48;3660123205071
PROD-0442;Tablette Apex;Électronique;1023.6;1096;En stock;4.8;2026-06-17;6.22;3660123501650
PROD-0443;Raquette de Tennis Vortex;Sports & Loisirs;620.22;352;En stock;3.6;2024-05-27;9.31;3660123813884
PROD-0444;Tapis de Yoga Quantum;Sports & Loisirs;1157.54;678;En stock;4.4;2024-02-20;11.21;3660123381631
PROD-0445;T-shirt en Coton Zenith;Mode;1064.42;620;En stock;3.6;2026-05-13;7.43;3660123830000
PROD-0446;Ordinateur Portable Nova;Électronique;397.61;907;En stock;4.5;2024-11-24;4.11;3660123537017
PROD-0447;Sèche-Cheveux Nova;Beauté & Santé;579.8;833;En stock;4.5;2026-02-16;7.8;3660123492073
PROD-0448;Tablette Nova;Électronique;94.64;1453;En stock;4.0;2024-05-18;11.73;3660123649753
PROD-0449;Sèche-Cheveux Nova;Beauté & Santé;258.65;411;En stock;4.7;2024-09-12;0.59;3660123153015
PROD-0450;Jeans Slim Zenith;Mode;485.16;950;En stock;4.0;2025-10-12;13.85;3660123814263
PROD-0451;Ordinateur Portable Zenith;Électronique;640.52;913;En stock;3.4;2026-06-10;7.17;3660123678115
PROD-0452;Veste d'Hiver Nova;Mode;1090.56;529;En stock;4.5;2025-12-06;1.45;3660123128783
PROD-0453;Tapis de Yoga Nova;Sports & Loisirs;1111.42;438;En stock;4.7;2025-10-24;3.45;3660123316773
PROD-0454;Chaussures de Sport Vortex;Mode;35.86;1397;En stock;3.0;2026-07-22;2.07;3660123281614
PROD-0455;Sèche-Cheveux Nova;Beauté & Santé;335.57;625;En stock;4.4;2025-12-27;9.68;3660123544393
PROD-0456;Haltères Quantum;Sports & Loisirs;335.07;955;En stock;3.6;2025-06-17;12.38;3660123516444
PROD-0457;Sèche-Cheveux Apex;Beauté & Santé;669.84;1356;En stock;4.9;2026-05-09;5.68;3660123778787
PROD-0458;Crème Hydratante Zenith;Beauté & Santé;892.88;986;En stock;3.1;2024-10-10;9.64;3660123390334
PROD-0459;Veste d'Hiver Nova;Mode;203.4;492;En stock;4.8;2026-04-04;12.87;3660123949376
PROD-0460;Parfum Elite;Beauté & Santé;422.26;286;En stock;4.4;2025-11-02;7.51;3660123409963
PROD-0461;Chaussures de Sport Quantum;Mode;510.86;72;En stock;4.2;2025-08-08;12.26;3660123459836
PROD-0462;Friteuse sans Huile Elite;Maison & Cuisine;1022.51;1375;En stock;3.7;2024-11-03;12.7;3660123981473
PROD-0463;Brosse à Dents Électrique Zenith;Beauté & Santé;135.9;262;En stock;4.5;2026-01-12;12.14;3660123899977
PROD-0464;Mélangeur Elite;Maison & Cuisine;125.19;727;En stock;3.4;2026-06-11;4.68;3660123926372
PROD-0465;Veste d'Hiver Zenith;Mode;765.38;949;En stock;4.7;2025-04-26;0.9;3660123765213
PROD-0466;Sèche-Cheveux Quantum;Beauté & Santé;1157.35;1024;En stock;3.2;2025-11-28;5.79;3660123412848
PROD-0467;Tapis de Yoga Nova;Sports & Loisirs;187.19;410;En stock;3.7;2025-08-06;13.4;3660123579798
PROD-0468;Mélangeur Elite;Maison & Cuisine;242.65;165;En stock;4.0;2025-10-08;14.8;3660123428638
PROD-0469;Smartphone Quantum;Électronique;362.84;345;En stock;4.2;2024-06-11;7.39;3660123900660
PROD-0470;Ordinateur Portable Vortex;Électronique;569.48;879;En stock;3.8;2025-05-03;5.81;3660123139557
PROD-0471;Brosse à Dents Électrique Elite;Beauté & Santé;491.29;28;Stock faible;4.8;2026-02-14;12.52;3660123299834
PROD-0472;Montre Connectée Apex;Électronique;818.42;509;En stock;3.5;2026-06-17;5.23;3660123235193
PROD-0473;Télévision 4K Vortex;Électronique;769.38;342;En stock;3.1;2024-02-16;4.54;3660123404955
PROD-0474;Raquette de Tennis Vortex;Sports & Loisirs;686.1;888;En stock;4.8;2024-05-17;5.21;3660123613989
PROD-0475;Jeans Slim Nova;Mode;1233.02;826;En stock;3.0;2024-08-17;10.93;3660123237579
PROD-0476;Aspirateur Robot Vortex;Maison & Cuisine;660.97;252;En stock;3.7;2025-10-28;11.9;3660123493417
PROD-0477;Sac à Dos Vortex;Mode;72.67;98;En stock;4.3;2025-10-31;12.56;3660123150578
PROD-0478;Télévision 4K Quantum;Électronique;500.52;1120;En stock;3.5;2025-12-19;2.38;3660123828961
PROD-0479;Écouteurs Sans Fil Quantum;Électronique;863.54;1356;En stock;4.0;2025-09-29;9.12;3660123243826
PROD-0480;Tapis de Yoga Vortex;Sports & Loisirs;937.2;241;En stock;3.6;2026-03-14;1.68;3660123308296
PROD-0481;Brosse à Dents Électrique Zenith;Beauté & Santé;1082.62;413;En stock;3.7;2025-02-23;4.5;3660123141319
PROD-0482;Parfum Nova;Beauté & Santé;897.77;984;En stock;3.7;2024-01-03;0.29;3660123193326
PROD-0483;Tablette Elite;Électronique;647.38;184;En stock;4.6;2024-03-17;10.88;3660123206210
PROD-0484;Jeans Slim Quantum;Mode;1285.37;606;En stock;3.5;2024-02-21;1.59;3660123283188
PROD-0485;Écouteurs Sans Fil Zenith;Électronique;1044.05;640;En stock;3.9;2024-04-28;1.52;3660123895034
PROD-0486;Smartphone Nova;Électronique;865.72;349;En stock;3.7;2026-07-04;6.62;3660123752011
PROD-0487;T-shirt en Coton Zenith;Mode;1061.29;374;En stock;3.2;2025-02-13;14.44;3660123385037
PROD-0488;Gourde Isotherme Quantum;Sports & Loisirs;847.0;341;En stock;3.2;2025-12-13;10.92;3660123985364
PROD-0489;Aspirateur Robot Quantum;Maison & Cuisine;1185.47;988;En stock;4.6;2025-11-25;6.63;3660123741018
PROD-0490;Haltères Vortex;Sports & Loisirs;47.16;1401;En stock;4.8;2026-01-14;14.6;3660123237002
PROD-0491;Gourde Isotherme Apex;Sports & Loisirs;1154.99;902;En stock;3.1;2024-09-24;9.86;3660123112960
PROD-0492;Brosse à Dents Électrique Elite;Beauté & Santé;1136.35;1063;En stock;4.0;2025-12-18;9.31;3660123553873
PROD-0493;Four à Micro-ondes Zenith;Maison & Cuisine;866.18;1313;En stock;3.8;2026-05-09;12.41;3660123742686
PROD-0494;Smartphone Elite;Électronique;1215.33;1035;En stock;4.7;2026-05-22;7.49;3660123273438
PROD-0495;Télévision 4K Zenith;Électronique;320.74;569;En stock;3.1;2024-08-16;8.3;3660123497030
PROD-0496;Vélo Tout Terrain Apex;Sports & Loisirs;602.22;1173;En stock;3.9;2026-05-27;7.53;3660123431414
PROD-0497;Télévision 4K Elite;Électronique;852.84;210;En stock;3.8;2024-02-06;8.4;3660123100177
PROD-0498;Tablette Vortex;Électronique;832.41;1041;En stock;4.1;2025-11-01;10.1;3660123457411
PROD-0499;T-shirt en Coton Nova;Mode;1099.16;679;En stock;4.1;2025-09-26;9.04;3660123851470
PROD-0500;Chaussures de Sport Apex;Mode;135.68;1349;En stock;3.4;2024-12-15;5.39;3660123764441
PROD-0501;Sac à Dos Vortex;Mode;492.31;217;En stock;3.1;2024-06-17;7.44;3660123961760
PROD-0502;Tapis de Yoga Zenith;Sports & Loisirs;797.99;384;En stock;3.2;2026-05-22;5.95;3660123579247
PROD-0503;Mélangeur Apex;Maison & Cuisine;986.71;95;En stock;4.9;2026-05-07;10.11;3660123229204
PROD-0504;Gourde Isotherme Elite;Sports & Loisirs;770.21;1032;En stock;3.3;2025-05-25;0.16;3660123871976
PROD-0505;Tablette Quantum;Électronique;1092.06;989;En stock;4.8;2026-03-10;13.83;3660123285810
PROD-0506;Brosse à Dents Électrique Elite;Beauté & Santé;1061.65;212;En stock;3.8;2025-09-06;9.13;3660123437477
PROD-0507;Parfum Quantum;Beauté & Santé;1273.55;1418;En stock;4.5;2024-10-07;6.03;3660123459513
PROD-0508;Chaussures de Sport Nova;Mode;188.24;1233;En stock;4.4;2026-02-05;7.73;3660123984027
PROD-0509;Crème Hydratante Elite;Beauté & Santé;960.49;1133;En stock;4.3;2024-07-24;3.22;3660123849086
PROD-0510;Veste d'Hiver Elite;Mode;181.14;1454;En stock;4.3;2024-07-01;7.61;3660123828038
PROD-0511;T-shirt en Coton Zenith;Mode;735.33;1193;En stock;4.1;2025-11-14;10.68;3660123806995
PROD-0512;Crème Hydratante Quantum;Beauté & Santé;1052.7;1070;En stock;3.2;2025-01-25;2.27;3660123802812
PROD-0513;Ordinateur Portable Zenith;Électronique;977.73;329;En stock;5.0;2025-11-30;3.83;3660123980155
PROD-0514;Montre Connectée Zenith;Électronique;273.15;1108;En stock;3.1;2026-04-13;6.84;3660123746036
PROD-0515;Brosse à Dents Électrique Elite;Beauté & Santé;844.77;796;En stock;3.5;2026-03-14;11.97;3660123829943
PROD-0516;T-shirt en Coton Quantum;Mode;509.94;1403;En stock;3.6;2025-07-19;0.9;3660123879794
PROD-0517;Jeans Slim Vortex;Mode;1130.81;907;En stock;4.7;2026-07-22;9.54;3660123844012
PROD-0518;Sac à Dos Vortex;Mode;962.59;402;En stock;4.6;2024-07-17;4.48;3660123286044
PROD-0519;Ordinateur Portable Nova;Électronique;958.24;244;En stock;3.8;2025-03-14;4.26;3660123377075
PROD-0520;Machine à Café Vortex;Maison & Cuisine;1101.35;11;Stock faible;3.7;2025-12-27;14.07;3660123141880
PROD-0521;Mélangeur Vortex;Maison & Cuisine;75.59;1280;En stock;4.2;2025-11-08;4.59;3660123928278
PROD-0522;Crème Hydratante Apex;Beauté & Santé;1021.39;650;En stock;4.1;2024-07-07;7.86;3660123924451
PROD-0523;Brosse à Dents Électrique Quantum;Beauté & Santé;710.56;826;En stock;3.2;2024-08-14;13.26;3660123795556
PROD-0524;Veste d'Hiver Zenith;Mode;388.7;1266;En stock;4.1;2025-07-28;12.37;3660123780840
PROD-0525;Smartphone Elite;Électronique;456.34;492;En stock;4.8;2025-09-20;13.79;3660123355671
PROD-0526;Montre Connectée Zenith;Électronique;501.96;232;En stock;3.8;2025-07-07;10.89;3660123125905
PROD-0527;Crème Hydratante Vortex;Beauté & Santé;1045.62;912;En stock;4.0;2024-10-30;13.48;3660123301863
PROD-0528;Sac à Dos Apex;Mode;1233.18;342;En stock;4.9;2026-03-02;8.12;3660123107686
PROD-0529;Ordinateur Portable Elite;Électronique;822.06;436;En stock;4.7;2025-03-10;12.55;3660123315565
PROD-0530;Parfum Elite;Beauté & Santé;1063.6;147;En stock;4.5;2024-06-06;0.45;3660123851690
PROD-0531;T-shirt en Coton Apex;Mode;104.48;364;En stock;4.6;2025-07-25;1.15;3660123961530
PROD-0532;Mélangeur Quantum;Maison & Cuisine;510.55;1290;En stock;3.8;2024-11-19;0.35;3660123806004
PROD-0533;Tablette Apex;Électronique;837.43;1266;En stock;3.1;2026-02-02;8.83;3660123834928
PROD-0534;Écouteurs Sans Fil Vortex;Électronique;146.9;1404;En stock;3.6;2024-03-29;4.29;3660123558936
PROD-0535;Gourde Isotherme Elite;Sports & Loisirs;49.75;320;En stock;4.1;2024-05-19;11.23;3660123935474
PROD-0536;Crème Hydratante Elite;Beauté & Santé;195.85;1387;En stock;4.8;2026-03-25;13.02;3660123779414
PROD-0537;T-shirt en Coton Vortex;Mode;1138.44;289;En stock;3.2;2024-01-06;8.63;3660123513224
PROD-0538;Sèche-Cheveux Zenith;Beauté & Santé;280.96;1486;En stock;3.7;2025-02-26;13.59;3660123992819
PROD-0539;Brosse à Dents Électrique Nova;Beauté & Santé;247.34;1263;En stock;4.7;2024-07-17;1.81;3660123803571
PROD-0540;Sèche-Cheveux Vortex;Beauté & Santé;605.02;1125;En stock;3.1;2025-11-18;1.1;3660123202972
PROD-0541;Friteuse sans Huile Quantum;Maison & Cuisine;1237.48;731;En stock;3.3;2025-11-02;3.59;3660123398987
PROD-0542;Sèche-Cheveux Nova;Beauté & Santé;419.93;922;En stock;3.7;2025-11-06;4.65;3660123712546
PROD-0543;Friteuse sans Huile Vortex;Maison & Cuisine;480.19;647;En stock;4.9;2024-06-21;0.17;3660123358133
PROD-0544;Four à Micro-ondes Zenith;Maison & Cuisine;1093.73;275;En stock;4.4;2024-12-05;13.18;3660123585331
PROD-0545;Haltères Zenith;Sports & Loisirs;638.18;222;En stock;3.4;2025-09-13;1.32;3660123394247
PROD-0546;Friteuse sans Huile Nova;Maison & Cuisine;349.56;1283;En stock;3.2;2024-03-18;13.39;3660123990856
PROD-0547;Sèche-Cheveux Vortex;Beauté & Santé;756.77;1208;En stock;3.4;2024-02-07;8.32;3660123669868
PROD-0548;Parfum Elite;Beauté & Santé;1009.99;749;En stock;3.8;2026-07-01;11.6;3660123868844
PROD-0549;Jeans Slim Quantum;Mode;656.44;185;En stock;3.8;2025-05-29;0.26;3660123350484
PROD-0550;Brosse à Dents Électrique Vortex;Beauté & Santé;191.07;326;En stock;3.4;2025-08-02;9.93;3660123253300
PROD-0551;Haltères Apex;Sports & Loisirs;292.27;998;En stock;3.5;2024-09-27;5.6;3660123144887
PROD-0552;Friteuse sans Huile Zenith;Maison & Cuisine;510.63;931;En stock;4.8;2024-02-10;14.71;3660123439813
PROD-0553;Montre Connectée Vortex;Électronique;827.29;560;En stock;4.7;2024-09-26;8.72;3660123697856
PROD-0554;Four à Micro-ondes Elite;Maison & Cuisine;498.28;1203;En stock;4.3;2026-05-05;1.26;3660123363807
PROD-0555;Vélo Tout Terrain Vortex;Sports & Loisirs;533.53;706;En stock;4.0;2025-05-08;13.32;3660123106918
PROD-0556;Brosse à Dents Électrique Quantum;Beauté & Santé;223.62;157;En stock;4.0;2024-10-14;3.25;3660123295984
PROD-0557;Mélangeur Vortex;Maison & Cuisine;935.31;242;En stock;4.3;2025-02-28;12.19;3660123855242
PROD-0558;Télévision 4K Elite;Électronique;627.66;431;En stock;4.2;2025-10-24;12.52;3660123123536
PROD-0559;Aspirateur Robot Nova;Maison & Cuisine;749.79;329;En stock;3.3;2025-06-08;0.68;3660123700067
PROD-0560;Aspirateur Robot Nova;Maison & Cuisine;343.14;368;En stock;4.0;2025-02-19;9.03;3660123690982
PROD-0561;Montre Connectée Elite;Électronique;863.64;580;En stock;4.9;2024-08-09;6.79;3660123594312
PROD-0562;Vélo Tout Terrain Nova;Sports & Loisirs;1081.16;1230;En stock;3.3;2025-08-19;12.32;3660123290719
PROD-0563;Crème Hydratante Nova;Beauté & Santé;944.19;701;En stock;4.8;2025-09-02;8.9;3660123340977
PROD-0564;Gourde Isotherme Nova;Sports & Loisirs;150.05;414;En stock;4.0;2026-07-20;7.61;3660123540186
PROD-0565;Friteuse sans Huile Apex;Maison & Cuisine;238.86;1259;En stock;4.2;2026-06-17;11.78;3660123627778
PROD-0566;Smartphone Quantum;Électronique;860.61;1235;En stock;4.1;2024-01-02;13.46;3660123912510
PROD-0567;Raquette de Tennis Quantum;Sports & Loisirs;487.78;88;En stock;4.4;2025-03-15;3.52;3660123941272
PROD-0568;Gourde Isotherme Zenith;Sports & Loisirs;769.86;1426;En stock;4.2;2025-03-11;2.09;3660123600318
PROD-0569;Aspirateur Robot Zenith;Maison & Cuisine;781.79;1113;En stock;3.8;2024-07-12;0.18;3660123879769
PROD-0570;Tablette Vortex;Électronique;161.99;14;Stock faible;3.8;2024-07-29;10.35;3660123431246
PROD-0571;Haltères Apex;Sports & Loisirs;209.65;1334;En stock;4.2;2024-09-24;12.84;3660123544136
PROD-0572;Crème Hydratante Vortex;Beauté & Santé;365.46;1393;En stock;3.8;2024-07-27;6.26;3660123921861
PROD-0573;Parfum Nova;Beauté & Santé;487.56;1136;En stock;4.0;2024-11-10;8.71;3660123911801
PROD-0574;Vélo Tout Terrain Elite;Sports & Loisirs;163.61;470;En stock;3.9;2025-12-17;14.24;3660123205149
PROD-0575;Friteuse sans Huile Quantum;Maison & Cuisine;1024.03;1127;En stock;4.2;2025-12-01;10.63;3660123268546
PROD-0576;Tapis de Yoga Apex;Sports & Loisirs;1071.99;965;En stock;4.9;2025-03-21;1.41;3660123375871
PROD-0577;Mélangeur Apex;Maison & Cuisine;795.64;1483;En stock;3.8;2025-02-14;9.25;3660123646313
PROD-0578;Sac à Dos Apex;Mode;1229.96;358;En stock;4.3;2025-03-25;0.26;3660123991884
PROD-0579;Crème Hydratante Nova;Beauté & Santé;53.35;1227;En stock;4.0;2025-12-16;3.55;3660123277715
PROD-0580;Écouteurs Sans Fil Nova;Électronique;854.96;322;En stock;3.2;2024-10-09;11.72;3660123470281
PROD-0581;Gourde Isotherme Vortex;Sports & Loisirs;268.39;31;Stock faible;4.5;2024-03-11;13.8;3660123676289
PROD-0582;Sac à Dos Vortex;Mode;459.03;566;En stock;3.5;2024-07-18;6.88;3660123523579
PROD-0583;Sèche-Cheveux Zenith;Beauté & Santé;235.78;1036;En stock;3.2;2024-03-15;7.6;3660123456480
PROD-0584;Tablette Zenith;Électronique;1140.18;1177;En stock;3.5;2025-03-29;14.49;3660123690525
PROD-0585;Vélo Tout Terrain Zenith;Sports & Loisirs;1249.99;939;En stock;4.4;2026-07-07;8.84;3660123128679
PROD-0586;Tapis de Yoga Zenith;Sports & Loisirs;97.13;1297;En stock;4.6;2024-08-13;10.19;3660123341099
PROD-0587;Chaussures de Sport Zenith;Mode;676.28;19;Stock faible;4.4;2024-09-26;3.8;3660123197527
PROD-0588;Haltères Apex;Sports & Loisirs;725.36;365;En stock;4.0;2024-12-28;3.36;3660123701581
PROD-0589;Jeans Slim Elite;Mode;891.2;389;En stock;4.0;2024-07-23;3.6;3660123353814
PROD-0590;Jeans Slim Nova;Mode;271.56;511;En stock;4.7;2024-12-30;2.42;3660123211871
PROD-0591;Smartphone Elite;Électronique;1242.95;1008;En stock;4.2;2026-02-21;12.87;3660123144316
PROD-0592;Haltères Vortex;Sports & Loisirs;416.88;1176;En stock;4.7;2025-05-17;2.82;3660123901387
PROD-0593;Crème Hydratante Quantum;Beauté & Santé;296.49;1181;En stock;3.3;2025-06-22;12.01;3660123601554
PROD-0594;Sèche-Cheveux Vortex;Beauté & Santé;457.99;1405;En stock;4.6;2025-04-13;14.65;3660123832162
PROD-0595;Parfum Zenith;Beauté & Santé;899.07;24;Stock faible;4.3;2025-01-23;8.76;3660123441244
PROD-0596;Sac à Dos Zenith;Mode;251.42;538;En stock;3.5;2025-04-27;14.38;3660123459762
PROD-0597;Jeans Slim Quantum;Mode;556.88;858;En stock;4.4;2025-01-16;5.54;3660123520051
PROD-0598;Chaussures de Sport Nova;Mode;747.11;1179;En stock;4.4;2026-04-13;1.59;3660123383062
PROD-0599;Friteuse sans Huile Quantum;Maison & Cuisine;1114.63;401;En stock;3.3;2026-01-26;2.33;3660123944804
PROD-0600;Ordinateur Portable Quantum;Électronique;654.47;1291;En stock;4.0;2026-01-07;4.8;3660123610258
PROD-0601;Veste d'Hiver Vortex;Mode;1117.46;97;En stock;3.8;2025-12-08;2.53;3660123325933
PROD-0602;Chaussures de Sport Elite;Mode;134.22;685;En stock;3.5;2025-01-03;8.45;3660123949363
PROD-0603;Veste d'Hiver Apex;Mode;541.16;719;En stock;4.7;2025-09-12;3.06;3660123703869
PROD-0604;Brosse à Dents Électrique Zenith;Beauté & Santé;468.08;1378;En stock;4.0;2026-03-04;11.07;3660123182216
PROD-0605;Raquette de Tennis Zenith;Sports & Loisirs;608.23;296;En stock;4.7;2025-10-17;12.13;3660123453777
PROD-0606;Raquette de Tennis Vortex;Sports & Loisirs;532.15;146;En stock;3.2;2024-12-17;3.5;3660123432270
PROD-0607;Veste d'Hiver Vortex;Mode;841.58;555;En stock;4.8;2026-03-10;12.96;3660123480805
PROD-0608;Parfum Quantum;Beauté & Santé;225.83;47;Stock faible;3.3;2024-08-28;9.96;3660123880009
PROD-0609;Ordinateur Portable Nova;Électronique;522.18;195;En stock;3.1;2026-06-18;7.15;3660123156440
PROD-0610;Télévision 4K Vortex;Électronique;996.84;170;En stock;3.2;2025-09-24;2.41;3660123786641
PROD-0611;Haltères Nova;Sports & Loisirs;329.13;581;En stock;3.9;2024-05-09;2.06;3660123979249
PROD-0612;Aspirateur Robot Apex;Maison & Cuisine;865.97;666;En stock;4.7;2025-04-23;14.63;3660123666843
PROD-0613;Sac à Dos Quantum;Mode;184.29;1428;En stock;4.1;2025-08-28;9.0;3660123761701
PROD-0614;Parfum Vortex;Beauté & Santé;835.31;1093;En stock;3.6;2024-12-21;7.28;3660123338161
PROD-0615;Télévision 4K Zenith;Électronique;481.85;532;En stock;3.3;2024-01-11;0.1;3660123954987
PROD-0616;Mélangeur Zenith;Maison & Cuisine;615.26;17;Stock faible;4.4;2025-05-18;14.21;3660123600241
PROD-0617;T-shirt en Coton Quantum;Mode;1039.36;1222;En stock;3.5;2024-01-08;8.27;3660123297731
PROD-0618;Raquette de Tennis Quantum;Sports & Loisirs;519.22;334;En stock;4.4;2025-10-23;5.91;3660123496737
PROD-0619;Mélangeur Apex;Maison & Cuisine;554.68;490;En stock;4.0;2026-03-30;13.66;3660123946803
PROD-0620;Veste d'Hiver Elite;Mode;968.37;550;En stock;3.8;2026-05-23;1.12;3660123243260
PROD-0621;T-shirt en Coton Elite;Mode;597.38;927;En stock;3.5;2025-09-29;7.43;3660123436219
PROD-0622;Ordinateur Portable Apex;Électronique;1260.92;45;Stock faible;3.4;2024-04-14;4.3;3660123231113
PROD-0623;Tapis de Yoga Nova;Sports & Loisirs;126.34;30;Stock faible;4.0;2024-12-16;6.36;3660123923892
PROD-0624;Haltères Quantum;Sports & Loisirs;909.04;64;En stock;3.7;2026-05-13;11.28;3660123253184
PROD-0625;Écouteurs Sans Fil Quantum;Électronique;102.08;962;En stock;3.4;2026-07-06;12.64;3660123956949
PROD-0626;Tapis de Yoga Apex;Sports & Loisirs;1267.22;1463;En stock;3.5;2026-02-28;14.63;3660123359168
PROD-0627;Ordinateur Portable Quantum;Électronique;958.56;192;En stock;4.0;2024-08-01;7.15;3660123814544
PROD-0628;Veste d'Hiver Nova;Mode;821.61;86;En stock;4.5;2025-07-16;7.86;3660123365617
PROD-0629;Haltères Nova;Sports & Loisirs;474.94;106;En stock;4.7;2024-08-11;14.6;3660123347428
PROD-0630;Haltères Apex;Sports & Loisirs;225.88;565;En stock;4.2;2025-02-09;11.86;3660123109363
PROD-0631;Tablette Elite;Électronique;623.09;1221;En stock;3.3;2026-02-28;1.43;3660123265358
PROD-0632;Tapis de Yoga Elite;Sports & Loisirs;808.04;1280;En stock;3.1;2024-12-30;9.7;3660123835395
PROD-0633;Sèche-Cheveux Nova;Beauté & Santé;639.31;648;En stock;5.0;2026-03-18;9.71;3660123464189
PROD-0634;Vélo Tout Terrain Apex;Sports & Loisirs;899.12;733;En stock;4.4;2024-09-13;13.49;3660123608876
PROD-0635;Raquette de Tennis Zenith;Sports & Loisirs;710.12;1003;En stock;3.4;2024-07-10;8.2;3660123439403
PROD-0636;Haltères Vortex;Sports & Loisirs;1189.66;1135;En stock;3.3;2025-06-27;2.41;3660123410035
PROD-0637;Sac à Dos Zenith;Mode;595.75;1306;En stock;4.0;2026-01-21;2.86;3660123119629
PROD-0638;Crème Hydratante Vortex;Beauté & Santé;318.02;1476;En stock;3.1;2025-07-05;12.3;3660123299092
PROD-0639;Parfum Vortex;Beauté & Santé;208.82;579;En stock;3.6;2025-10-18;4.9;3660123200932
PROD-0640;Sèche-Cheveux Apex;Beauté & Santé;1087.39;265;En stock;3.4;2024-02-02;3.11;3660123608947
PROD-0641;Aspirateur Robot Apex;Maison & Cuisine;746.6;795;En stock;4.3;2025-06-22;9.4;3660123718975
PROD-0642;T-shirt en Coton Zenith;Mode;294.72;1470;En stock;3.1;2026-08-01;3.21;3660123615276
PROD-0643;Télévision 4K Elite;Électronique;88.29;1142;En stock;4.5;2026-06-30;6.3;3660123486996
PROD-0644;Tablette Zenith;Électronique;692.43;144;En stock;4.7;2024-03-20;14.17;3660123644719
PROD-0645;Smartphone Elite;Électronique;308.0;789;En stock;3.4;2025-06-22;9.89;3660123697717
PROD-0646;Friteuse sans Huile Elite;Maison & Cuisine;729.99;216;En stock;4.5;2025-08-13;5.43;3660123581003
PROD-0647;Tapis de Yoga Nova;Sports & Loisirs;1032.27;1126;En stock;3.8;2024-12-11;9.9;3660123659835
PROD-0648;Parfum Zenith;Beauté & Santé;1174.2;1126;En stock;5.0;2024-11-28;12.69;3660123532373
PROD-0649;Haltères Vortex;Sports & Loisirs;320.52;1117;En stock;3.4;2026-02-23;8.3;3660123880746
PROD-0650;Veste d'Hiver Quantum;Mode;587.26;813;En stock;3.0;2024-02-05;14.75;3660123724702
PROD-0651;Tablette Nova;Électronique;1291.49;618;En stock;3.0;2024-08-15;3.3;3660123430201
PROD-0652;Montre Connectée Zenith;Électronique;1195.64;1047;En stock;4.1;2026-08-06;8.62;3660123198867
PROD-0653;Télévision 4K Zenith;Électronique;211.37;542;En stock;3.7;2025-08-19;3.82;3660123368691
PROD-0654;T-shirt en Coton Vortex;Mode;525.73;445;En stock;4.5;2026-01-10;4.94;3660123605972
PROD-0655;Four à Micro-ondes Elite;Maison & Cuisine;916.66;195;En stock;4.2;2024-11-03;0.66;3660123947607
PROD-0656;Parfum Apex;Beauté & Santé;1016.35;684;En stock;3.7;2026-04-16;6.57;3660123226395
PROD-0657;Friteuse sans Huile Apex;Maison & Cuisine;827.7;1294;En stock;3.8;2024-11-08;7.91;3660123434827
PROD-0658;Brosse à Dents Électrique Zenith;Beauté & Santé;658.09;452;En stock;3.3;2025-11-20;11.0;3660123511967
PROD-0659;Raquette de Tennis Vortex;Sports & Loisirs;661.09;454;En stock;3.9;2026-03-16;5.98;3660123238610
PROD-0660;T-shirt en Coton Quantum;Mode;747.15;100;En stock;4.1;2024-09-25;1.37;3660123626199
PROD-0661;Vélo Tout Terrain Nova;Sports & Loisirs;630.38;405;En stock;4.0;2025-10-29;8.61;3660123688426
PROD-0662;Brosse à Dents Électrique Nova;Beauté & Santé;102.41;880;En stock;3.6;2026-08-04;8.68;3660123217996
PROD-0663;Gourde Isotherme Zenith;Sports & Loisirs;459.31;656;En stock;3.7;2025-11-02;0.46;3660123419625
PROD-0664;Mélangeur Vortex;Maison & Cuisine;1069.83;905;En stock;4.2;2025-03-27;0.77;3660123957915
PROD-0665;Machine à Café Elite;Maison & Cuisine;492.22;1491;En stock;4.7;2024-04-25;11.12;3660123354854
PROD-0666;Brosse à Dents Électrique Zenith;Beauté & Santé;27.71;1420;En stock;4.6;2024-11-08;6.81;3660123123853
PROD-0667;Jeans Slim Elite;Mode;704.02;417;En stock;4.1;2026-02-07;3.95;3660123606489
PROD-0668;Brosse à Dents Électrique Elite;Beauté & Santé;911.38;37;Stock faible;3.8;2026-07-16;9.99;3660123145594
PROD-0669;Jeans Slim Apex;Mode;376.37;1426;En stock;4.2;2024-02-24;7.03;3660123108739
PROD-0670;Télévision 4K Elite;Électronique;359.98;1351;En stock;3.7;2024-04-20;0.38;3660123780956
PROD-0671;Vélo Tout Terrain Quantum;Sports & Loisirs;666.01;1453;En stock;3.2;2024-11-19;7.32;3660123726111
PROD-0672;Sèche-Cheveux Nova;Beauté & Santé;266.54;937;En stock;4.1;2025-12-30;0.42;3660123359409
PROD-0673;Crème Hydratante Zenith;Beauté & Santé;642.0;321;En stock;3.0;2025-12-01;5.34;3660123755602
PROD-0674;Jeans Slim Vortex;Mode;365.87;126;En stock;4.3;2026-06-18;5.87;3660123954441
PROD-0675;Tablette Zenith;Électronique;300.99;699;En stock;4.8;2025-11-03;2.15;3660123865344
PROD-0676;Raquette de Tennis Elite;Sports & Loisirs;800.05;1281;En stock;4.4;2025-03-03;3.68;3660123260169
PROD-0677;Haltères Vortex;Sports & Loisirs;434.77;1110;En stock;3.3;2025-10-30;2.16;3660123667650
PROD-0678;Machine à Café Zenith;Maison & Cuisine;898.2;1072;En stock;4.8;2025-03-16;14.94;3660123907455
PROD-0679;Friteuse sans Huile Nova;Maison & Cuisine;419.56;1141;En stock;4.1;2026-01-06;1.86;3660123433025
PROD-0680;Aspirateur Robot Zenith;Maison & Cuisine;1145.36;847;En stock;4.9;2024-11-06;6.7;3660123961613
PROD-0681;Jeans Slim Nova;Mode;147.73;378;En stock;3.1;2025-09-18;9.29;3660123735022
PROD-0682;Brosse à Dents Électrique Vortex;Beauté & Santé;309.51;1407;En stock;3.1;2024-03-22;10.35;3660123599753
PROD-0683;Friteuse sans Huile Vortex;Maison & Cuisine;614.69;1330;En stock;3.7;2026-05-22;5.87;3660123596864
PROD-0684;Machine à Café Nova;Maison & Cuisine;301.88;836;En stock;4.5;2024-01-16;13.89;3660123533108
PROD-0685;Machine à Café Nova;Maison & Cuisine;95.31;899;En stock;4.7;2025-05-16;10.35;3660123579770
PROD-0686;Four à Micro-ondes Quantum;Maison & Cuisine;1011.31;1245;En stock;4.5;2025-01-24;10.83;3660123513296
PROD-0687;Sèche-Cheveux Vortex;Beauté & Santé;151.01;935;En stock;4.7;2024-02-13;13.18;3660123357657
PROD-0688;Parfum Elite;Beauté & Santé;60.62;793;En stock;4.0;2025-10-07;14.44;3660123299072
PROD-0689;Chaussures de Sport Quantum;Mode;1150.86;585;En stock;3.9;2025-03-08;4.49;3660123157196
PROD-0690;Brosse à Dents Électrique Quantum;Beauté & Santé;1080.55;925;En stock;3.2;2025-05-27;1.79;3660123916558
PROD-0691;Brosse à Dents Électrique Quantum;Beauté & Santé;543.48;923;En stock;3.0;2025-04-09;8.9;3660123847251
PROD-0692;Four à Micro-ondes Apex;Maison & Cuisine;332.6;1416;En stock;4.3;2025-12-29;11.97;3660123853270
PROD-0693;Smartphone Apex;Électronique;921.02;1298;En stock;3.7;2025-06-20;10.64;3660123862182
PROD-0694;Brosse à Dents Électrique Quantum;Beauté & Santé;719.94;89;En stock;4.5;2026-07-23;5.09;3660123791567
PROD-0695;Machine à Café Nova;Maison & Cuisine;240.73;1458;En stock;3.1;2024-11-11;4.71;3660123905967
PROD-0696;Haltères Elite;Sports & Loisirs;243.09;269;En stock;4.9;2024-01-04;9.38;3660123365406
PROD-0697;Télévision 4K Quantum;Électronique;1113.47;1113;En stock;4.6;2025-09-14;13.25;3660123349433
PROD-0698;Friteuse sans Huile Elite;Maison & Cuisine;623.66;839;En stock;3.9;2025-09-07;9.04;3660123356600
PROD-0699;Crème Hydratante Vortex;Beauté & Santé;820.93;425;En stock;3.1;2024-05-31;0.92;3660123465973
PROD-0700;Ordinateur Portable Apex;Électronique;870.42;1235;En stock;3.6;2026-07-31;1.41;3660123214176
PROD-0701;Vélo Tout Terrain Nova;Sports & Loisirs;876.99;1251;En stock;4.3;2025-12-17;8.97;3660123925551
PROD-0702;Brosse à Dents Électrique Quantum;Beauté & Santé;976.63;737;En stock;4.9;2024-04-05;11.55;3660123438503
PROD-0703;Chaussures de Sport Apex;Mode;988.38;1127;En stock;3.1;2025-04-27;2.1;3660123828361
PROD-0704;Veste d'Hiver Vortex;Mode;543.74;429;En stock;4.4;2025-09-18;0.97;3660123699121
PROD-0705;Sèche-Cheveux Quantum;Beauté & Santé;944.05;1238;En stock;4.9;2025-12-24;4.38;3660123738419
PROD-0706;Veste d'Hiver Vortex;Mode;751.92;1276;En stock;3.7;2024-05-12;9.25;3660123620509
PROD-0707;Parfum Quantum;Beauté & Santé;1052.28;1248;En stock;3.5;2024-10-24;14.69;3660123101657
PROD-0708;Smartphone Quantum;Électronique;816.83;241;En stock;4.5;2024-07-31;12.01;3660123534773
PROD-0709;Tapis de Yoga Zenith;Sports & Loisirs;461.04;1305;En stock;3.4;2025-10-17;3.1;3660123395307
PROD-0710;T-shirt en Coton Zenith;Mode;397.36;1126;En stock;3.6;2024-01-07;1.8;3660123449472
PROD-0711;Chaussures de Sport Elite;Mode;743.9;59;En stock;4.7;2024-07-17;5.02;3660123454352
PROD-0712;Gourde Isotherme Apex;Sports & Loisirs;842.88;986;En stock;3.3;2025-04-16;13.39;3660123663051
PROD-0713;Chaussures de Sport Quantum;Mode;1206.84;114;En stock;4.7;2024-11-02;8.52;3660123811141
PROD-0714;Sac à Dos Vortex;Mode;34.14;1182;En stock;4.4;2026-03-29;13.75;3660123934438
PROD-0715;T-shirt en Coton Nova;Mode;371.78;63;En stock;3.7;2025-01-19;9.44;3660123983326
PROD-0716;Friteuse sans Huile Vortex;Maison & Cuisine;512.53;1218;En stock;3.2;2026-03-12;11.3;3660123839525
PROD-0717;T-shirt en Coton Zenith;Mode;543.88;1017;En stock;4.8;2025-01-15;6.83;3660123417329
PROD-0718;Friteuse sans Huile Zenith;Maison & Cuisine;235.76;766;En stock;4.6;2026-03-07;3.11;3660123197102
PROD-0719;Raquette de Tennis Apex;Sports & Loisirs;1040.73;1024;En stock;3.3;2024-12-14;13.86;3660123868020
PROD-0720;Crème Hydratante Zenith;Beauté & Santé;194.84;201;En stock;4.6;2025-06-12;10.18;3660123239164
PROD-0721;Aspirateur Robot Quantum;Maison & Cuisine;509.98;1069;En stock;3.2;2024-11-14;13.99;3660123820426
PROD-0722;Sèche-Cheveux Zenith;Beauté & Santé;612.26;94;En stock;3.2;2026-02-23;9.92;3660123427659
PROD-0723;Tablette Zenith;Électronique;834.11;429;En stock;3.6;2024-07-16;4.37;3660123658131
PROD-0724;Chaussures de Sport Elite;Mode;161.76;305;En stock;3.3;2024-04-27;0.33;3660123753205
PROD-0725;Sèche-Cheveux Nova;Beauté & Santé;709.85;1125;En stock;3.6;2024-05-24;14.15;3660123943058
PROD-0726;Sac à Dos Nova;Mode;230.93;637;En stock;4.2;2024-12-12;8.15;3660123153190
PROD-0727;Aspirateur Robot Quantum;Maison & Cuisine;1175.24;103;En stock;3.2;2024-02-25;1.38;3660123510954
PROD-0728;Friteuse sans Huile Vortex;Maison & Cuisine;822.01;1413;En stock;4.4;2025-09-23;5.4;3660123448475
PROD-0729;Friteuse sans Huile Apex;Maison & Cuisine;1266.04;953;En stock;4.1;2024-04-05;12.21;3660123832534
PROD-0730;Tapis de Yoga Quantum;Sports & Loisirs;410.4;1319;En stock;4.4;2025-04-21;7.11;3660123334665
PROD-0731;Friteuse sans Huile Zenith;Maison & Cuisine;1187.58;802;En stock;3.4;2026-07-28;10.01;3660123927094
PROD-0732;Chaussures de Sport Quantum;Mode;49.03;973;En stock;3.2;2025-05-05;6.97;3660123279098
PROD-0733;Veste d'Hiver Vortex;Mode;751.32;1040;En stock;3.2;2026-04-17;10.74;3660123212178
PROD-0734;Sac à Dos Elite;Mode;101.48;618;En stock;4.1;2025-02-14;8.9;3660123350164
PROD-0735;Brosse à Dents Électrique Vortex;Beauté & Santé;215.13;987;En stock;3.8;2024-12-14;3.2;3660123827774
PROD-0736;Parfum Quantum;Beauté & Santé;741.69;700;En stock;4.1;2024-08-29;2.68;3660123802131
PROD-0737;Montre Connectée Elite;Électronique;750.69;996;En stock;3.2;2025-09-02;7.0;3660123682051
PROD-0738;Télévision 4K Nova;Électronique;407.36;831;En stock;3.1;2024-04-21;10.31;3660123725376
PROD-0739;Haltères Quantum;Sports & Loisirs;842.03;125;En stock;3.2;2026-04-16;2.17;3660123708979
PROD-0740;Ordinateur Portable Elite;Électronique;202.48;1088;En stock;3.6;2025-09-22;8.71;3660123305171
PROD-0741;Mélangeur Zenith;Maison & Cuisine;745.65;1391;En stock;3.6;2025-03-21;10.8;3660123460987
PROD-0742;Tablette Apex;Électronique;798.81;1045;En stock;3.8;2024-05-10;12.8;3660123165442
PROD-0743;Sac à Dos Apex;Mode;11.08;1146;En stock;4.6;2025-01-02;1.73;3660123395917
PROD-0744;Ordinateur Portable Quantum;Électronique;915.86;807;En stock;4.3;2025-12-29;5.8;3660123500099
PROD-0745;Raquette de Tennis Nova;Sports & Loisirs;864.6;972;En stock;3.3;2025-07-22;5.83;3660123477789
PROD-0746;Vélo Tout Terrain Zenith;Sports & Loisirs;1296.71;1372;En stock;3.3;2024-01-12;1.17;3660123116470
PROD-0747;Four à Micro-ondes Elite;Maison & Cuisine;573.38;278;En stock;3.2;2025-10-19;12.11;3660123578180
PROD-0748;Parfum Vortex;Beauté & Santé;241.93;1043;En stock;3.8;2026-04-19;6.81;3660123472566
PROD-0749;Machine à Café Quantum;Maison & Cuisine;789.89;1183;En stock;4.0;2026-01-18;3.63;3660123626100
PROD-0750;Chaussures de Sport Vortex;Mode;753.48;68;En stock;5.0;2025-08-04;7.3;3660123486482
PROD-0751;Tablette Quantum;Électronique;1250.63;163;En stock;3.3;2026-01-18;7.94;3660123887042
PROD-0752;Chaussures de Sport Vortex;Mode;110.91;1249;En stock;3.2;2025-04-28;9.5;3660123795978
PROD-0753;Montre Connectée Elite;Électronique;705.55;1187;En stock;3.6;2024-02-24;13.56;3660123661023
PROD-0754;Télévision 4K Quantum;Électronique;671.33;960;En stock;4.1;2024-12-05;6.37;3660123936997
PROD-0755;Veste d'Hiver Nova;Mode;55.56;1223;En stock;4.5;2026-01-14;11.8;3660123373094
PROD-0756;Montre Connectée Quantum;Électronique;755.79;1173;En stock;3.1;2024-10-25;12.15;3660123754643
PROD-0757;Écouteurs Sans Fil Quantum;Électronique;116.43;1035;En stock;3.2;2026-03-13;4.24;3660123238976
PROD-0758;Crème Hydratante Zenith;Beauté & Santé;1116.63;29;Stock faible;4.5;2025-09-10;2.7;3660123720515
PROD-0759;Four à Micro-ondes Zenith;Maison & Cuisine;1052.1;535;En stock;4.6;2024-08-29;7.33;3660123938202
PROD-0760;Sèche-Cheveux Zenith;Beauté & Santé;1279.44;297;En stock;4.2;2026-04-21;2.4;3660123620039
PROD-0761;Gourde Isotherme Nova;Sports & Loisirs;862.25;1486;En stock;4.3;2024-08-03;8.71;3660123982725
PROD-0762;T-shirt en Coton Elite;Mode;351.06;237;En stock;3.1;2025-04-20;6.04;3660123416006
PROD-0763;Raquette de Tennis Nova;Sports & Loisirs;499.93;1445;En stock;3.8;2024-09-25;2.26;3660123555851
PROD-0764;Écouteurs Sans Fil Quantum;Électronique;502.78;646;En stock;4.9;2025-11-30;14.34;3660123202093
PROD-0765;Crème Hydratante Quantum;Beauté & Santé;797.52;1335;En stock;4.7;2024-12-09;4.13;3660123941289
PROD-0766;Écouteurs Sans Fil Elite;Électronique;763.58;944;En stock;4.5;2026-02-06;3.7;3660123804527
PROD-0767;Brosse à Dents Électrique Vortex;Beauté & Santé;445.24;1413;En stock;5.0;2024-11-16;8.26;3660123805483
PROD-0768;Smartphone Apex;Électronique;540.5;1075;En stock;3.2;2025-04-01;5.34;3660123860480
PROD-0769;Veste d'Hiver Nova;Mode;53.9;1268;En stock;3.2;2025-08-31;9.88;3660123976042
PROD-0770;Friteuse sans Huile Elite;Maison & Cuisine;167.1;245;En stock;3.2;2025-09-11;2.04;3660123788279
PROD-0771;Brosse à Dents Électrique Apex;Beauté & Santé;907.38;518;En stock;3.6;2025-11-07;14.05;3660123769809
PROD-0772;Haltères Quantum;Sports & Loisirs;902.96;1367;En stock;4.5;2024-11-27;3.93;3660123918656
PROD-0773;Écouteurs Sans Fil Apex;Électronique;503.8;681;En stock;5.0;2024-09-21;14.34;3660123377521
PROD-0774;Four à Micro-ondes Apex;Maison & Cuisine;644.31;410;En stock;4.2;2024-07-01;9.72;3660123213697
PROD-0775;Friteuse sans Huile Quantum;Maison & Cuisine;291.71;1317;En stock;3.2;2025-03-28;10.76;3660123208304
PROD-0776;Smartphone Apex;Électronique;747.02;513;En stock;4.6;2024-01-20;13.46;3660123256085
PROD-0777;Smartphone Elite;Électronique;513.71;310;En stock;4.4;2026-07-15;5.93;3660123103883
PROD-0778;Parfum Quantum;Beauté & Santé;572.5;1490;En stock;4.6;2026-03-15;1.14;3660123336817
PROD-0779;Télévision 4K Elite;Électronique;1065.18;987;En stock;3.2;2025-07-02;14.03;3660123476353
PROD-0780;Veste d'Hiver Quantum;Mode;81.19;1325;En stock;3.2;2025-07-01;12.81;3660123456581
PROD-0781;Télévision 4K Zenith;Électronique;845.64;361;En stock;4.1;2025-01-28;9.94;3660123413388
PROD-0782;Tapis de Yoga Elite;Sports & Loisirs;898.6;996;En stock;3.2;2025-10-09;6.63;3660123298667
PROD-0783;Aspirateur Robot Nova;Maison & Cuisine;42.71;1214;En stock;3.5;2025-02-02;1.04;3660123666809
PROD-0784;Chaussures de Sport Vortex;Mode;1254.78;920;En stock;4.9;2024-01-17;0.65;3660123158777
PROD-0785;T-shirt en Coton Quantum;Mode;162.45;1339;En stock;4.3;2025-04-14;14.11;3660123662625
PROD-0786;Friteuse sans Huile Nova;Maison & Cuisine;1203.0;75;En stock;4.5;2025-05-15;9.84;3660123594109
PROD-0787;Sèche-Cheveux Nova;Beauté & Santé;914.66;267;En stock;3.0;2025-10-09;0.84;3660123422266
PROD-0788;Télévision 4K Vortex;Électronique;230.18;1210;En stock;3.1;2026-04-17;1.68;3660123621292
PROD-0789;Brosse à Dents Électrique Apex;Beauté & Santé;1047.74;872;En stock;3.7;2026-05-05;14.73;3660123811351
PROD-0790;Haltères Apex;Sports & Loisirs;1268.84;1179;En stock;4.1;2024-11-25;12.56;3660123931627
PROD-0791;Aspirateur Robot Vortex;Maison & Cuisine;233.74;129;En stock;3.2;2024-05-24;11.39;3660123276214
PROD-0792;Sac à Dos Nova;Mode;575.86;1191;En stock;3.1;2024-04-12;11.89;3660123762904
PROD-0793;Parfum Nova;Beauté & Santé;30.15;997;En stock;3.2;2024-01-08;2.77;3660123193471
PROD-0794;Crème Hydratante Quantum;Beauté & Santé;904.61;974;En stock;4.4;2024-07-30;2.23;3660123384111
PROD-0795;Parfum Quantum;Beauté & Santé;318.63;357;En stock;4.2;2024-02-08;8.98;3660123852037
PROD-0796;Raquette de Tennis Apex;Sports & Loisirs;819.07;616;En stock;3.7;2024-01-05;8.41;3660123301224
PROD-0797;Tablette Apex;Électronique;808.4;1105;En stock;4.0;2025-04-20;11.58;3660123791354
PROD-0798;Mélangeur Apex;Maison & Cuisine;259.89;305;En stock;4.4;2026-07-22;7.17;3660123284888
PROD-0799;Aspirateur Robot Apex;Maison & Cuisine;841.86;583;En stock;3.4;2024-09-14;5.08;3660123944264
PROD-0800;Tapis de Yoga Apex;Sports & Loisirs;965.13;1100;En stock;3.4;2026-03-15;0.53;3660123639915
PROD-0801;Smartphone Nova;Électronique;940.6;1213;En stock;4.2;2025-03-05;3.06;3660123809731
PROD-0802;Jeans Slim Apex;Mode;430.7;200;En stock;3.5;2025-02-26;13.06;3660123493774
PROD-0803;Aspirateur Robot Quantum;Maison & Cuisine;764.76;111;En stock;4.8;2024-05-28;3.32;3660123739037
PROD-0804;Vélo Tout Terrain Quantum;Sports & Loisirs;491.79;937;En stock;4.4;2025-10-09;5.44;3660123382795
PROD-0805;Mélangeur Nova;Maison & Cuisine;51.39;1164;En stock;3.1;2024-05-19;1.76;3660123588148
PROD-0806;Gourde Isotherme Nova;Sports & Loisirs;990.83;450;En stock;4.8;2025-09-10;2.44;3660123933162
PROD-0807;Brosse à Dents Électrique Vortex;Beauté & Santé;1261.47;470;En stock;3.2;2026-05-27;7.87;3660123326956
PROD-0808;Parfum Quantum;Beauté & Santé;370.12;1495;En stock;3.9;2026-06-12;3.78;3660123443194
PROD-0809;Raquette de Tennis Nova;Sports & Loisirs;1160.44;1211;En stock;4.9;2026-07-24;8.65;3660123105324
PROD-0810;Tapis de Yoga Apex;Sports & Loisirs;1288.73;1032;En stock;3.1;2025-06-27;5.98;3660123949049
PROD-0811;Télévision 4K Quantum;Électronique;320.25;1143;En stock;4.5;2025-12-10;11.0;3660123328596
PROD-0812;Mélangeur Zenith;Maison & Cuisine;318.38;185;En stock;3.0;2025-11-16;4.64;3660123837468
PROD-0813;Raquette de Tennis Elite;Sports & Loisirs;762.91;931;En stock;3.9;2024-05-21;13.13;3660123525051
PROD-0814;Mélangeur Elite;Maison & Cuisine;608.93;1297;En stock;3.0;2025-10-04;1.15;3660123824304
PROD-0815;Sac à Dos Apex;Mode;392.59;552;En stock;4.4;2025-09-19;8.18;3660123933071
PROD-0816;Aspirateur Robot Vortex;Maison & Cuisine;1146.28;112;En stock;4.0;2026-07-20;10.15;3660123154067
PROD-0817;Télévision 4K Zenith;Électronique;610.3;83;En stock;3.7;2024-06-28;9.76;3660123839113
PROD-0818;Tablette Elite;Électronique;1007.9;283;En stock;5.0;2024-09-01;8.14;3660123780566
PROD-0819;Raquette de Tennis Elite;Sports & Loisirs;280.62;461;En stock;3.6;2026-07-08;4.08;3660123813269
PROD-0820;Haltères Apex;Sports & Loisirs;91.74;707;En stock;3.9;2025-05-28;7.95;3660123228670
PROD-0821;Raquette de Tennis Elite;Sports & Loisirs;1074.73;598;En stock;3.9;2025-01-11;12.02;3660123826897
PROD-0822;Ordinateur Portable Quantum;Électronique;122.62;800;En stock;4.8;2024-10-22;14.38;3660123180685
PROD-0823;Ordinateur Portable Zenith;Électronique;154.5;303;En stock;4.0;2026-06-14;3.14;3660123757746
PROD-0824;Écouteurs Sans Fil Quantum;Électronique;1260.74;1108;En stock;4.9;2025-04-30;5.27;3660123565420
PROD-0825;Écouteurs Sans Fil Nova;Électronique;91.19;475;En stock;4.7;2025-06-16;9.71;3660123531690
PROD-0826;Crème Hydratante Elite;Beauté & Santé;843.4;668;En stock;4.0;2025-11-12;10.48;3660123982804
PROD-0827;Parfum Quantum;Beauté & Santé;402.26;270;En stock;4.8;2024-11-09;2.66;3660123372637
PROD-0828;Four à Micro-ondes Zenith;Maison & Cuisine;1262.22;96;En stock;3.3;2024-10-18;6.89;3660123274444
PROD-0829;Brosse à Dents Électrique Elite;Beauté & Santé;700.55;373;En stock;4.9;2026-05-09;10.65;3660123798724
PROD-0830;Machine à Café Nova;Maison & Cuisine;160.81;648;En stock;4.1;2025-03-27;3.98;3660123293458
PROD-0831;Friteuse sans Huile Elite;Maison & Cuisine;54.74;649;En stock;5.0;2024-05-31;5.66;3660123666091
PROD-0832;Friteuse sans Huile Zenith;Maison & Cuisine;166.71;51;En stock;3.8;2025-05-26;11.55;3660123580290
PROD-0833;Jeans Slim Apex;Mode;1261.48;1118;En stock;5.0;2024-12-05;9.74;3660123409913
PROD-0834;Haltères Vortex;Sports & Loisirs;870.28;1157;En stock;4.5;2026-08-02;6.69;3660123822622
PROD-0835;Montre Connectée Quantum;Électronique;1171.22;285;En stock;4.4;2024-04-29;4.69;3660123521139
PROD-0836;Brosse à Dents Électrique Quantum;Beauté & Santé;471.03;668;En stock;3.1;2025-10-18;3.01;3660123652005
PROD-0837;Mélangeur Nova;Maison & Cuisine;39.08;1102;En stock;4.7;2025-11-24;10.11;3660123191621
PROD-0838;Parfum Nova;Beauté & Santé;642.69;1235;En stock;4.2;2024-02-27;13.64;3660123478603
PROD-0839;Vélo Tout Terrain Elite;Sports & Loisirs;1111.4;757;En stock;3.8;2024-01-13;4.34;3660123468422
PROD-0840;Chaussures de Sport Vortex;Mode;122.99;1490;En stock;4.8;2026-01-29;14.89;3660123942725
PROD-0841;Haltères Nova;Sports & Loisirs;1049.31;868;En stock;4.5;2025-02-28;2.18;3660123715702
PROD-0842;Sèche-Cheveux Nova;Beauté & Santé;278.03;972;En stock;5.0;2025-06-21;14.8;3660123169327
PROD-0843;Parfum Apex;Beauté & Santé;18.53;1308;En stock;4.8;2025-02-28;2.71;3660123584567
PROD-0844;Brosse à Dents Électrique Nova;Beauté & Santé;249.94;781;En stock;3.6;2025-05-17;0.73;3660123966384
PROD-0845;Sac à Dos Zenith;Mode;647.38;949;En stock;3.4;2026-03-21;0.14;3660123375436
PROD-0846;Chaussures de Sport Apex;Mode;853.41;589;En stock;3.8;2025-05-18;13.61;3660123776106
PROD-0847;Aspirateur Robot Apex;Maison & Cuisine;996.48;1009;En stock;5.0;2024-03-09;9.02;3660123479332
PROD-0848;Parfum Vortex;Beauté & Santé;572.52;528;En stock;4.3;2025-05-02;14.62;3660123958029
PROD-0849;Écouteurs Sans Fil Vortex;Électronique;955.5;35;Stock faible;4.7;2024-06-15;8.77;3660123253235
PROD-0850;Chaussures de Sport Elite;Mode;184.78;334;En stock;3.1;2025-01-04;6.35;3660123473276
PROD-0851;Écouteurs Sans Fil Zenith;Électronique;693.19;157;En stock;4.0;2026-02-23;9.46;3660123901834
PROD-0852;Tablette Nova;Électronique;711.38;647;En stock;4.7;2025-12-02;12.02;3660123384645
PROD-0853;T-shirt en Coton Vortex;Mode;758.25;294;En stock;3.0;2025-06-14;4.29;3660123916639
PROD-0854;Gourde Isotherme Zenith;Sports & Loisirs;1197.96;333;En stock;3.2;2024-06-07;7.6;3660123971968
PROD-0855;Friteuse sans Huile Vortex;Maison & Cuisine;899.64;1076;En stock;4.7;2025-12-30;8.31;3660123893045
PROD-0856;Télévision 4K Quantum;Électronique;1191.67;238;En stock;4.6;2026-08-03;0.36;3660123465124
PROD-0857;Veste d'Hiver Nova;Mode;1063.97;1223;En stock;4.0;2024-12-16;2.67;3660123419484
PROD-0858;Montre Connectée Apex;Électronique;296.83;1421;En stock;3.3;2024-08-20;4.68;3660123320034
PROD-0859;Aspirateur Robot Quantum;Maison & Cuisine;901.15;228;En stock;3.2;2026-03-04;7.32;3660123552195
PROD-0860;Ordinateur Portable Apex;Électronique;52.29;1351;En stock;4.0;2024-03-01;7.09;3660123365302
PROD-0861;Smartphone Zenith;Électronique;871.18;197;En stock;4.6;2026-07-31;9.07;3660123716146
PROD-0862;Machine à Café Elite;Maison & Cuisine;463.47;185;En stock;3.3;2026-02-03;14.13;3660123707913
PROD-0863;Veste d'Hiver Nova;Mode;1113.12;1492;En stock;4.2;2025-06-01;8.6;3660123203919
PROD-0864;Sèche-Cheveux Vortex;Beauté & Santé;289.92;392;En stock;4.9;2024-06-24;13.53;3660123663217
PROD-0865;Montre Connectée Apex;Électronique;1202.25;1032;En stock;4.7;2025-05-01;5.56;3660123718010
PROD-0866;Four à Micro-ondes Elite;Maison & Cuisine;1245.48;370;En stock;4.7;2025-01-23;6.42;3660123639231
PROD-0867;Four à Micro-ondes Apex;Maison & Cuisine;992.21;643;En stock;3.2;2024-04-22;7.84;3660123619900
PROD-0868;Veste d'Hiver Vortex;Mode;941.55;168;En stock;3.7;2024-04-28;5.83;3660123579142
PROD-0869;Crème Hydratante Elite;Beauté & Santé;1269.26;909;En stock;3.5;2025-02-21;4.43;3660123996915
PROD-0870;Vélo Tout Terrain Apex;Sports & Loisirs;1164.22;974;En stock;4.9;2025-01-11;2.77;3660123806906
PROD-0871;Tapis de Yoga Quantum;Sports & Loisirs;575.09;1348;En stock;4.4;2024-05-02;2.24;3660123520085
PROD-0872;Sèche-Cheveux Elite;Beauté & Santé;1203.61;345;En stock;3.1;2024-07-22;5.15;3660123723861
PROD-0873;Tapis de Yoga Nova;Sports & Loisirs;1091.15;1485;En stock;4.0;2026-02-22;10.73;3660123710185
PROD-0874;Crème Hydratante Elite;Beauté & Santé;1226.75;729;En stock;4.0;2025-09-09;14.26;3660123608069
PROD-0875;Crème Hydratante Nova;Beauté & Santé;1000.71;221;En stock;3.2;2025-05-16;7.51;3660123758894
PROD-0876;Aspirateur Robot Apex;Maison & Cuisine;961.75;139;En stock;4.0;2024-01-28;14.58;3660123501219
PROD-0877;Crème Hydratante Nova;Beauté & Santé;400.54;1276;En stock;3.2;2024-03-19;9.95;3660123645205
PROD-0878;Gourde Isotherme Nova;Sports & Loisirs;388.69;1019;En stock;4.0;2024-09-24;8.18;3660123948802
PROD-0879;Sèche-Cheveux Apex;Beauté & Santé;1288.01;243;En stock;3.8;2024-11-18;12.81;3660123564053
PROD-0880;Tapis de Yoga Apex;Sports & Loisirs;238.15;1350;En stock;4.7;2024-11-06;13.28;3660123272117
PROD-0881;Gourde Isotherme Nova;Sports & Loisirs;413.06;796;En stock;4.0;2024-04-22;8.58;3660123614382
PROD-0882;Parfum Quantum;Beauté & Santé;735.3;320;En stock;4.0;2025-02-04;4.02;3660123719755
PROD-0883;Raquette de Tennis Elite;Sports & Loisirs;465.06;582;En stock;3.6;2024-01-29;8.9;3660123234425
PROD-0884;Veste d'Hiver Elite;Mode;763.31;1280;En stock;3.7;2024-04-09;6.48;3660123474725
PROD-0885;Haltères Apex;Sports & Loisirs;862.99;507;En stock;3.5;2024-11-15;8.93;3660123821411
PROD-0886;Écouteurs Sans Fil Apex;Électronique;445.49;40;Stock faible;4.1;2024-02-08;6.97;3660123542995
PROD-0887;Parfum Zenith;Beauté & Santé;36.31;961;En stock;4.2;2024-11-20;5.73;3660123509260
PROD-0888;Sac à Dos Apex;Mode;1052.73;204;En stock;4.4;2024-07-29;5.11;3660123627191
PROD-0889;Jeans Slim Vortex;Mode;396.37;892;En stock;3.4;2025-10-12;12.73;3660123925386
PROD-0890;Tablette Nova;Électronique;380.68;97;En stock;3.6;2025-08-10;6.09;3660123336858
PROD-0891;Sèche-Cheveux Elite;Beauté & Santé;1098.99;194;En stock;4.2;2024-10-06;1.1;3660123940104
PROD-0892;Parfum Quantum;Beauté & Santé;280.55;157;En stock;4.3;2024-11-05;7.62;3660123414477
PROD-0893;Raquette de Tennis Zenith;Sports & Loisirs;268.09;823;En stock;3.5;2025-06-11;6.85;3660123900527
PROD-0894;Brosse à Dents Électrique Apex;Beauté & Santé;819.91;1057;En stock;4.7;2025-08-13;7.54;3660123792905
PROD-0895;Haltères Elite;Sports & Loisirs;697.2;1258;En stock;4.7;2026-07-17;6.56;3660123693616
PROD-0896;Tablette Nova;Électronique;479.9;302;En stock;3.5;2026-02-03;10.31;3660123414861
PROD-0897;Gourde Isotherme Zenith;Sports & Loisirs;1119.63;131;En stock;4.3;2026-05-16;6.25;3660123963723
PROD-0898;Jeans Slim Zenith;Mode;896.03;483;En stock;3.8;2024-04-26;2.33;3660123129049
PROD-0899;Mélangeur Quantum;Maison & Cuisine;636.13;893;En stock;3.8;2026-07-16;0.65;3660123267099
PROD-0900;Jeans Slim Apex;Mode;343.32;568;En stock;4.3;2024-06-29;9.7;3660123144283
PROD-0901;Tapis de Yoga Apex;Sports & Loisirs;1118.85;171;En stock;3.6;2024-11-01;13.02;3660123526777
PROD-0902;T-shirt en Coton Quantum;Mode;1226.67;1483;En stock;4.7;2024-08-29;1.77;3660123870158
PROD-0903;Sèche-Cheveux Vortex;Beauté & Santé;866.83;1188;En stock;4.9;2025-06-21;3.85;3660123194632
PROD-0904;Friteuse sans Huile Apex;Maison & Cuisine;1007.41;641;En stock;3.7;2025-08-21;11.08;3660123944986
PROD-0905;Four à Micro-ondes Nova;Maison & Cuisine;196.11;358;En stock;3.4;2024-10-08;6.65;3660123366659
PROD-0906;Sèche-Cheveux Quantum;Beauté & Santé;698.17;1432;En stock;4.9;2024-11-20;8.23;3660123597920
PROD-0907;Mélangeur Nova;Maison & Cuisine;478.26;1465;En stock;3.7;2024-11-11;0.41;3660123735242
PROD-0908;Montre Connectée Elite;Électronique;1040.62;111;En stock;4.4;2026-03-18;10.11;3660123365271
PROD-0909;Parfum Zenith;Beauté & Santé;834.23;1434;En stock;3.7;2026-04-11;10.31;3660123660894
PROD-0910;Four à Micro-ondes Quantum;Maison & Cuisine;20.14;804;En stock;4.9;2026-07-28;3.91;3660123194634
PROD-0911;Mélangeur Nova;Maison & Cuisine;1118.64;328;En stock;4.8;2025-10-08;4.83;3660123951703
PROD-0912;Tapis de Yoga Zenith;Sports & Loisirs;1127.7;1006;En stock;3.9;2025-02-26;13.9;3660123448884
PROD-0913;Tapis de Yoga Nova;Sports & Loisirs;911.03;1036;En stock;3.1;2025-03-06;9.07;3660123952941
PROD-0914;Crème Hydratante Quantum;Beauté & Santé;906.81;106;En stock;4.3;2024-07-07;9.49;3660123929443
PROD-0915;Aspirateur Robot Quantum;Maison & Cuisine;268.09;625;En stock;3.6;2024-03-25;1.75;3660123361728
PROD-0916;Brosse à Dents Électrique Vortex;Beauté & Santé;894.61;654;En stock;3.9;2026-06-13;11.05;3660123373342
PROD-0917;Friteuse sans Huile Zenith;Maison & Cuisine;1041.38;406;En stock;3.2;2025-01-11;2.81;3660123495648
PROD-0918;Brosse à Dents Électrique Apex;Beauté & Santé;1233.05;1143;En stock;4.3;2025-10-03;3.51;3660123193298
PROD-0919;Vélo Tout Terrain Zenith;Sports & Loisirs;914.62;345;En stock;3.1;2025-09-24;6.49;3660123372795
PROD-0920;Aspirateur Robot Zenith;Maison & Cuisine;229.45;1161;En stock;3.2;2026-01-05;7.93;3660123910926
PROD-0921;Gourde Isotherme Apex;Sports & Loisirs;299.57;416;En stock;3.4;2026-06-01;12.22;3660123379133
PROD-0922;Chaussures de Sport Quantum;Mode;177.95;423;En stock;4.2;2026-04-23;4.32;3660123810083
PROD-0923;Four à Micro-ondes Nova;Maison & Cuisine;536.99;298;En stock;3.1;2024-09-25;3.61;3660123572883
PROD-0924;Mélangeur Vortex;Maison & Cuisine;892.69;938;En stock;3.2;2025-04-25;2.08;3660123438947
PROD-0925;Vélo Tout Terrain Elite;Sports & Loisirs;504.7;866;En stock;4.5;2024-09-19;1.19;3660123684056
PROD-0926;Smartphone Zenith;Électronique;1211.06;964;En stock;4.8;2025-09-12;14.1;3660123941218
PROD-0927;Sèche-Cheveux Apex;Beauté & Santé;337.21;1269;En stock;3.8;2025-02-08;10.1;3660123238661
PROD-0928;Sèche-Cheveux Vortex;Beauté & Santé;241.38;347;En stock;4.0;2024-12-13;13.18;3660123238327
PROD-0929;Écouteurs Sans Fil Elite;Électronique;694.24;290;En stock;3.5;2024-11-16;0.76;3660123234082
PROD-0930;Haltères Elite;Sports & Loisirs;475.15;880;En stock;3.6;2026-06-16;4.02;3660123969887
PROD-0931;Sac à Dos Zenith;Mode;572.14;337;En stock;3.6;2025-05-18;11.48;3660123258612
PROD-0932;Parfum Apex;Beauté & Santé;253.7;111;En stock;3.5;2024-02-06;7.11;3660123271499
PROD-0933;Gourde Isotherme Apex;Sports & Loisirs;1293.8;1013;En stock;3.1;2024-12-31;14.83;3660123688098
PROD-0934;Gourde Isotherme Quantum;Sports & Loisirs;155.1;1474;En stock;4.7;2024-05-06;5.31;3660123313630
PROD-0935;Jeans Slim Nova;Mode;977.41;558;En stock;4.1;2025-11-10;8.83;3660123711893
PROD-0936;Tablette Vortex;Électronique;242.92;157;En stock;3.5;2025-05-25;10.19;3660123444622
PROD-0937;Écouteurs Sans Fil Elite;Électronique;1275.91;249;En stock;3.8;2025-08-27;13.94;3660123211222
PROD-0938;Jeans Slim Apex;Mode;114.56;1449;En stock;4.3;2025-04-09;9.46;3660123382400
PROD-0939;Sèche-Cheveux Zenith;Beauté & Santé;1260.99;1343;En stock;4.2;2025-04-08;4.94;3660123867080
PROD-0940;Brosse à Dents Électrique Nova;Beauté & Santé;1123.62;1318;En stock;3.6;2026-03-28;0.93;3660123174159
PROD-0941;Parfum Apex;Beauté & Santé;524.52;364;En stock;3.5;2026-02-28;13.0;3660123193520
PROD-0942;Ordinateur Portable Nova;Électronique;511.16;824;En stock;3.6;2026-02-09;14.32;3660123261621
PROD-0943;Écouteurs Sans Fil Quantum;Électronique;1043.41;635;En stock;4.8;2025-09-09;2.06;3660123797848
PROD-0944;Écouteurs Sans Fil Vortex;Électronique;267.82;912;En stock;4.8;2025-05-02;4.1;3660123729502
PROD-0945;Tapis de Yoga Quantum;Sports & Loisirs;1056.17;1257;En stock;3.4;2025-10-07;6.45;3660123142402
PROD-0946;Crème Hydratante Quantum;Beauté & Santé;882.6;1326;En stock;4.4;2024-06-07;13.97;3660123652891
PROD-0947;Sèche-Cheveux Zenith;Beauté & Santé;613.99;162;En stock;4.8;2025-05-04;4.58;3660123233997
PROD-0948;Jeans Slim Vortex;Mode;561.76;1164;En stock;3.1;2024-03-19;13.77;3660123638354
PROD-0949;Tablette Quantum;Électronique;542.79;951;En stock;4.3;2025-08-05;12.21;3660123472724
PROD-0950;Sac à Dos Apex;Mode;1001.54;33;Stock faible;3.2;2025-11-08;7.0;3660123924366
PROD-0951;Four à Micro-ondes Apex;Maison & Cuisine;117.43;1442;En stock;3.6;2025-08-24;10.89;3660123894143
PROD-0952;Raquette de Tennis Zenith;Sports & Loisirs;450.31;383;En stock;3.4;2024-03-21;11.23;3660123733395
PROD-0953;T-shirt en Coton Quantum;Mode;699.34;11;Stock faible;3.8;2024-01-14;2.66;3660123600296
PROD-0954;Gourde Isotherme Elite;Sports & Loisirs;1255.88;1232;En stock;4.5;2024-11-06;9.32;3660123746703
PROD-0955;Chaussures de Sport Zenith;Mode;123.04;276;En stock;3.0;2024-04-24;12.26;3660123829842
PROD-0956;Aspirateur Robot Nova;Maison & Cuisine;630.63;297;En stock;4.3;2025-03-22;12.65;3660123999876
PROD-0957;Brosse à Dents Électrique Apex;Beauté & Santé;398.17;949;En stock;3.3;2025-03-08;0.43;3660123274174
PROD-0958;Four à Micro-ondes Quantum;Maison & Cuisine;618.21;920;En stock;4.2;2024-07-25;4.49;3660123969742
PROD-0959;Tapis de Yoga Zenith;Sports & Loisirs;20.15;1291;En stock;4.7;2025-03-18;14.69;3660123989838
PROD-0960;Raquette de Tennis Vortex;Sports & Loisirs;953.08;595;En stock;3.1;2025-02-13;7.34;3660123719749
PROD-0961;Parfum Nova;Beauté & Santé;931.42;1081;En stock;3.0;2025-08-13;4.81;3660123166595
PROD-0962;Chaussures de Sport Quantum;Mode;160.84;1275;En stock;4.9;2024-12-21;6.78;3660123557420
PROD-0963;Ordinateur Portable Zenith;Électronique;946.8;961;En stock;3.7;2024-08-25;7.66;3660123716204
PROD-0964;Sac à Dos Elite;Mode;857.47;268;En stock;4.8;2026-01-10;10.7;3660123537110
PROD-0965;Chaussures de Sport Nova;Mode;812.17;578;En stock;4.4;2024-03-29;10.04;3660123235367
PROD-0966;Machine à Café Nova;Maison & Cuisine;791.41;206;En stock;4.6;2025-05-20;4.62;3660123319606
PROD-0967;Sèche-Cheveux Apex;Beauté & Santé;472.82;534;En stock;3.7;2024-06-11;2.7;3660123627935
PROD-0968;Smartphone Zenith;Électronique;565.49;1264;En stock;3.5;2025-07-29;3.44;3660123370346
PROD-0969;Veste d'Hiver Apex;Mode;1003.41;1140;En stock;3.5;2024-06-03;12.82;3660123640422
PROD-0970;Sèche-Cheveux Elite;Beauté & Santé;75.03;896;En stock;4.6;2026-05-11;11.36;3660123211035
PROD-0971;Sèche-Cheveux Vortex;Beauté & Santé;64.13;215;En stock;3.3;2024-04-30;13.08;3660123479205
PROD-0972;Mélangeur Elite;Maison & Cuisine;579.55;1036;En stock;4.0;2026-06-10;1.58;3660123778526
PROD-0973;Veste d'Hiver Nova;Mode;168.64;413;En stock;3.9;2025-03-01;11.56;3660123106907
PROD-0974;Four à Micro-ondes Zenith;Maison & Cuisine;379.91;350;En stock;3.2;2025-01-16;10.76;3660123535168
PROD-0975;Jeans Slim Nova;Mode;981.63;1084;En stock;3.8;2024-08-21;2.16;3660123549653
PROD-0976;Gourde Isotherme Quantum;Sports & Loisirs;1237.86;1057;En stock;4.6;2025-01-05;14.16;3660123564077
PROD-0977;Aspirateur Robot Elite;Maison & Cuisine;1050.05;142;En stock;3.2;2024-11-18;6.08;3660123909891
PROD-0978;Four à Micro-ondes Apex;Maison & Cuisine;517.3;75;En stock;4.3;2025-10-18;2.35;3660123702466
PROD-0979;Montre Connectée Elite;Électronique;1040.79;1064;En stock;4.9;2025-03-05;6.09;3660123813944
PROD-0980;Crème Hydratante Elite;Beauté & Santé;968.07;704;En stock;3.0;2024-10-13;13.51;3660123740051
PROD-0981;Four à Micro-ondes Quantum;Maison & Cuisine;840.59;1114;En stock;4.2;2025-09-25;9.82;3660123831351
PROD-0982;Chaussures de Sport Nova;Mode;1146.45;172;En stock;3.1;2024-12-08;5.91;3660123853800
PROD-0983;Friteuse sans Huile Vortex;Maison & Cuisine;376.26;190;En stock;4.0;2024-11-15;7.87;3660123893820
PROD-0984;Aspirateur Robot Apex;Maison & Cuisine;1158.5;1105;En stock;4.2;2024-09-04;12.5;3660123418706
PROD-0985;Raquette de Tennis Apex;Sports & Loisirs;954.25;763;En stock;3.5;2025-06-03;5.38;3660123150051
PROD-0986;Télévision 4K Zenith;Électronique;748.43;10;Stock faible;3.9;2024-08-29;12.1;3660123709845
PROD-0987;Brosse à Dents Électrique Zenith;Beauté & Santé;395.96;1365;En stock;4.6;2026-01-02;8.63;3660123246770
PROD-0988;Raquette de Tennis Elite;Sports & Loisirs;329.44;671;En stock;4.0;2024-07-16;12.36;3660123478816
PROD-0989;Tapis de Yoga Nova;Sports & Loisirs;928.01;843;En stock;3.2;2024-03-04;6.43;3660123236381
PROD-0990;Vélo Tout Terrain Quantum;Sports & Loisirs;110.7;1386;En stock;4.1;2025-08-25;8.43;3660123916656
PROD-0991;Haltères Vortex;Sports & Loisirs;653.48;867;En stock;5.0;2025-12-06;13.97;3660123613321
PROD-0992;Vélo Tout Terrain Nova;Sports & Loisirs;662.45;992;En stock;4.4;2024-05-12;14.52;3660123638113
PROD-0993;Sèche-Cheveux Elite;Beauté & Santé;284.3;969;En stock;3.1;2024-06-09;14.17;3660123487272
PROD-0994;Tablette Quantum;Électronique;152.32;756;En stock;4.1;2024-02-11;7.89;3660123223461
PROD-0995;Veste d'Hiver Zenith;Mode;401.2;995;En stock;3.1;2024-05-26;2.22;3660123718265
PROD-0996;Tapis de Yoga Zenith;Sports & Loisirs;1156.87;441;En stock;3.4;2026-01-27;7.38;3660123228270
PROD-0997;Crème Hydratante Apex;Beauté & Santé;1132.84;855;En stock;4.0;2024-11-13;8.53;3660123454233
PROD-0998;Gourde Isotherme Elite;Sports & Loisirs;1085.44;271;En stock;4.5;2025-05-31;9.58;3660123898678
PROD-0999;Gourde Isotherme Nova;Sports & Loisirs;1127.58;666;En stock;3.2;2025-10-01;10.0;3660123529526
PROD-1000;Vélo Tout Terrain Quantum;Sports & Loisirs;447.3;93;En stock;4.9;2026-06-30;6.7;3660123390848
PROD-1001;Ordinateur Portable Elite;Électronique;41.99;1290;En stock;4.6;2025-12-25;4.7;3660123776498
PROD-1002;Montre Connectée Vortex;Électronique;119.84;1267;En stock;4.1;2026-02-14;0.89;3660123697944
PROD-1003;Brosse à Dents Électrique Quantum;Beauté & Santé;658.39;38;Stock faible;3.2;2025-06-28;2.78;3660123119895
PROD-1004;Jeans Slim Nova;Mode;1080.29;1186;En stock;3.9;2026-04-06;8.05;3660123435996
PROD-1005;Raquette de Tennis Apex;Sports & Loisirs;643.99;47;Stock faible;3.7;2024-07-03;6.28;3660123653545
PROD-1006;Chaussures de Sport Zenith;Mode;127.41;203;En stock;4.1;2024-10-19;2.25;3660123367968
PROD-1007;Ordinateur Portable Zenith;Électronique;1238.28;1389;En stock;3.3;2025-09-21;14.42;3660123290272
PROD-1008;Montre Connectée Apex;Électronique;394.44;202;En stock;3.6;2025-02-26;13.41;3660123370463
PROD-1009;Tapis de Yoga Apex;Sports & Loisirs;271.29;1222;En stock;4.2;2025-05-19;7.68;3660123628924
PROD-1010;Tapis de Yoga Zenith;Sports & Loisirs;88.21;951;En stock;4.1;2024-03-08;7.31;3660123527288
PROD-1011;Aspirateur Robot Zenith;Maison & Cuisine;724.75;1200;En stock;4.4;2024-09-09;11.47;3660123783200
PROD-1012;Mélangeur Vortex;Maison & Cuisine;534.69;171;En stock;4.7;2025-05-27;3.13;3660123249282
PROD-1013;Sac à Dos Nova;Mode;1018.8;1100;En stock;4.9;2026-07-22;8.37;3660123143822
PROD-1014;Télévision 4K Vortex;Électronique;383.12;342;En stock;3.0;2026-08-01;7.28;3660123726909
PROD-1015;Chaussures de Sport Zenith;Mode;1096.74;435;En stock;4.2;2025-06-06;4.29;3660123269257
PROD-1016;Sèche-Cheveux Zenith;Beauté & Santé;125.72;1430;En stock;3.2;2024-05-23;10.9;3660123393033
PROD-1017;Vélo Tout Terrain Vortex;Sports & Loisirs;661.21;651;En stock;4.8;2024-12-16;9.56;3660123889256
PROD-1018;Haltères Nova;Sports & Loisirs;864.33;658;En stock;3.7;2025-04-15;14.39;3660123444412
PROD-1019;Montre Connectée Nova;Électronique;843.9;4;Stock faible;4.2;2024-01-05;13.53;3660123805383
PROD-1020;Four à Micro-ondes Vortex;Maison & Cuisine;1164.89;1440;En stock;4.0;2025-02-06;8.12;3660123925549
PROD-1021;Tablette Apex;Électronique;1161.41;1375;En stock;3.9;2024-05-06;5.36;3660123952262
PROD-1022;Raquette de Tennis Zenith;Sports & Loisirs;508.9;1427;En stock;5.0;2024-05-07;6.99;3660123302365
PROD-1023;Tapis de Yoga Nova;Sports & Loisirs;968.65;575;En stock;4.4;2025-12-27;5.43;3660123194336
PROD-1024;Crème Hydratante Elite;Beauté & Santé;295.27;1011;En stock;4.9;2024-02-07;4.28;3660123838247
PROD-1025;Brosse à Dents Électrique Apex;Beauté & Santé;262.94;1307;En stock;3.8;2026-06-09;4.23;3660123624629
PROD-1026;Vélo Tout Terrain Vortex;Sports & Loisirs;259.95;1158;En stock;4.3;2025-09-09;8.52;3660123168535
PROD-1027;Brosse à Dents Électrique Elite;Beauté & Santé;93.9;531;En stock;4.9;2026-05-26;3.5;3660123648489
PROD-1028;Jeans Slim Elite;Mode;39.81;1419;En stock;4.4;2025-09-21;3.87;3660123687324
PROD-1029;Tapis de Yoga Quantum;Sports & Loisirs;836.84;1331;En stock;3.1;2024-11-26;6.54;3660123526640
PROD-1030;T-shirt en Coton Elite;Mode;678.59;1014;En stock;3.7;2026-02-16;0.75;3660123856254
PROD-1031;Aspirateur Robot Zenith;Maison & Cuisine;1194.72;1090;En stock;3.9;2024-01-06;5.94;3660123450964
PROD-1032;Tablette Apex;Électronique;1287.43;462;En stock;5.0;2025-03-09;14.37;3660123362127
PROD-1033;Machine à Café Zenith;Maison & Cuisine;410.93;1282;En stock;4.3;2024-01-29;7.25;3660123947311
PROD-1034;Tablette Elite;Électronique;1216.22;512;En stock;3.5;2025-04-29;3.65;3660123457356
PROD-1035;Écouteurs Sans Fil Vortex;Électronique;1034.39;149;En stock;4.6;2025-09-26;6.63;3660123200318
PROD-1036;Raquette de Tennis Apex;Sports & Loisirs;120.33;124;En stock;4.8;2025-01-21;4.77;3660123988869
PROD-1037;Ordinateur Portable Apex;Électronique;1195.65;905;En stock;3.1;2025-09-17;9.43;3660123168986
PROD-1038;Montre Connectée Apex;Électronique;731.43;603;En stock;4.7;2025-02-15;1.53;3660123888490
PROD-1039;Vélo Tout Terrain Vortex;Sports & Loisirs;1025.83;1277;En stock;3.0;2025-01-28;7.02;3660123548901
PROD-1040;Sèche-Cheveux Zenith;Beauté & Santé;849.68;1383;En stock;4.6;2025-04-09;7.81;3660123716366
PROD-1041;Aspirateur Robot Apex;Maison & Cuisine;25.84;1460;En stock;3.1;2026-03-19;12.63;3660123701056
PROD-1042;Friteuse sans Huile Zenith;Maison & Cuisine;468.44;985;En stock;4.4;2025-03-31;2.87;3660123244360
PROD-1043;Smartphone Nova;Électronique;412.04;892;En stock;4.0;2025-10-29;11.34;3660123426304
PROD-1044;Brosse à Dents Électrique Nova;Beauté & Santé;615.68;1235;En stock;3.7;2025-01-12;14.56;3660123642827
PROD-1045;Brosse à Dents Électrique Apex;Beauté & Santé;316.22;1145;En stock;4.7;2025-03-08;5.22;3660123310105
PROD-1046;Aspirateur Robot Zenith;Maison & Cuisine;254.26;974;En stock;4.4;2025-04-23;9.04;3660123447231
PROD-1047;Crème Hydratante Vortex;Beauté & Santé;396.51;673;En stock;3.3;2025-04-10;13.15;3660123144241
PROD-1048;Vélo Tout Terrain Apex;Sports & Loisirs;834.0;1419;En stock;3.5;2025-09-30;3.28;3660123604098
PROD-1049;Chaussures de Sport Nova;Mode;526.39;13;Stock faible;3.7;2024-03-16;5.43;3660123681636
PROD-1050;Ordinateur Portable Zenith;Électronique;578.12;1292;En stock;4.2;2026-02-22;5.46;3660123131127
PROD-1051;Machine à Café Zenith;Maison & Cuisine;234.64;536;En stock;4.4;2024-12-13;12.73;3660123357912
PROD-1052;Machine à Café Apex;Maison & Cuisine;237.13;536;En stock;4.8;2024-01-22;12.49;3660123243910
PROD-1053;Tapis de Yoga Zenith;Sports & Loisirs;1217.58;624;En stock;3.9;2025-01-13;12.16;3660123793013
PROD-1054;Friteuse sans Huile Vortex;Maison & Cuisine;1147.34;1456;En stock;3.1;2024-05-27;13.25;3660123237148
PROD-1055;Machine à Café Vortex;Maison & Cuisine;497.86;766;En stock;3.6;2025-03-15;14.66;3660123356428
PROD-1056;Tablette Vortex;Électronique;253.93;1096;En stock;3.6;2024-06-01;4.98;3660123155846
PROD-1057;Jeans Slim Vortex;Mode;1259.21;1001;En stock;3.4;2024-03-24;11.79;3660123929420
PROD-1058;Sèche-Cheveux Nova;Beauté & Santé;666.1;1321;En stock;4.5;2025-01-18;7.53;3660123586819
PROD-1059;Mélangeur Elite;Maison & Cuisine;492.29;1422;En stock;4.0;2025-05-21;7.16;3660123709418
PROD-1060;Raquette de Tennis Elite;Sports & Loisirs;57.21;449;En stock;4.8;2025-04-07;12.96;3660123515131
PROD-1061;Mélangeur Quantum;Maison & Cuisine;1156.42;1170;En stock;3.3;2026-05-12;5.67;3660123677295
PROD-1062;Ordinateur Portable Apex;Électronique;390.6;1062;En stock;3.7;2025-08-20;0.71;3660123637145
PROD-1063;Crème Hydratante Quantum;Beauté & Santé;591.98;885;En stock;3.8;2026-04-03;7.51;3660123386281
PROD-1064;Tapis de Yoga Nova;Sports & Loisirs;579.77;543;En stock;4.3;2025-01-02;13.53;3660123408824
PROD-1065;Sèche-Cheveux Zenith;Beauté & Santé;1205.31;201;En stock;3.2;2025-01-03;0.67;3660123310036
PROD-1066;Jeans Slim Elite;Mode;434.71;619;En stock;4.5;2026-02-25;10.28;3660123387796
PROD-1067;Friteuse sans Huile Nova;Maison & Cuisine;1297.93;1466;En stock;4.5;2026-07-23;3.99;3660123907483
PROD-1068;Veste d'Hiver Zenith;Mode;1020.23;827;En stock;4.9;2026-04-21;8.74;3660123787140
PROD-1069;Télévision 4K Elite;Électronique;671.3;305;En stock;4.7;2024-08-21;3.48;3660123885527
PROD-1070;Four à Micro-ondes Nova;Maison & Cuisine;675.4;1131;En stock;4.5;2026-01-09;12.23;3660123457207
PROD-1071;Écouteurs Sans Fil Nova;Électronique;563.13;1429;En stock;3.8;2025-03-25;6.8;3660123685573
PROD-1072;Écouteurs Sans Fil Nova;Électronique;754.98;262;En stock;3.6;2026-01-25;0.24;3660123949767
PROD-1073;Veste d'Hiver Nova;Mode;550.69;1404;En stock;4.5;2026-02-20;11.7;3660123663718
PROD-1074;Veste d'Hiver Vortex;Mode;39.97;65;En stock;4.8;2024-06-06;14.66;3660123446292
PROD-1075;Parfum Quantum;Beauté & Santé;273.41;800;En stock;3.1;2025-01-30;2.91;3660123213915
PROD-1076;Sac à Dos Quantum;Mode;834.3;623;En stock;3.2;2024-04-16;10.16;3660123286264
PROD-1077;Montre Connectée Vortex;Électronique;640.3;382;En stock;3.4;2026-07-22;14.45;3660123397604
PROD-1078;Machine à Café Zenith;Maison & Cuisine;860.84;143;En stock;3.9;2025-01-12;7.83;3660123280172
PROD-1079;Chaussures de Sport Quantum;Mode;212.57;226;En stock;3.3;2025-03-04;7.23;3660123172103
PROD-1080;Vélo Tout Terrain Nova;Sports & Loisirs;1132.87;634;En stock;3.9;2025-12-27;10.01;3660123266494
PROD-1081;Crème Hydratante Vortex;Beauté & Santé;271.82;1467;En stock;4.4;2024-10-09;3.11;3660123249623
PROD-1082;Tapis de Yoga Quantum;Sports & Loisirs;790.24;505;En stock;4.1;2026-07-21;8.58;3660123614807
PROD-1083;Gourde Isotherme Vortex;Sports & Loisirs;60.41;186;En stock;3.6;2026-06-21;13.79;3660123463627
PROD-1084;Chaussures de Sport Vortex;Mode;1072.21;358;En stock;3.8;2024-07-02;13.51;3660123868862
PROD-1085;Gourde Isotherme Quantum;Sports & Loisirs;1184.96;375;En stock;4.4;2024-04-07;5.96;3660123145785
PROD-1086;Machine à Café Zenith;Maison & Cuisine;1148.49;1101;En stock;3.6;2026-07-27;1.09;3660123861830
PROD-1087;Four à Micro-ondes Quantum;Maison & Cuisine;1290.17;1132;En stock;3.2;2025-01-12;1.24;3660123210335
PROD-1088;Crème Hydratante Quantum;Beauté & Santé;591.7;517;En stock;3.4;2024-02-15;6.99;3660123176751
PROD-1089;Gourde Isotherme Zenith;Sports & Loisirs;972.28;398;En stock;3.8;2024-01-11;3.83;3660123843544
PROD-1090;Mélangeur Elite;Maison & Cuisine;975.78;992;En stock;3.9;2024-03-25;8.27;3660123354063
PROD-1091;Vélo Tout Terrain Quantum;Sports & Loisirs;1068.34;330;En stock;3.3;2024-01-19;9.14;3660123285846
PROD-1092;T-shirt en Coton Vortex;Mode;966.46;344;En stock;3.2;2026-02-20;0.27;3660123386525
PROD-1093;Four à Micro-ondes Zenith;Maison & Cuisine;239.53;1463;En stock;3.1;2025-11-22;8.03;3660123563531
PROD-1094;Montre Connectée Vortex;Électronique;836.9;1467;En stock;4.3;2024-04-15;5.92;3660123423301
PROD-1095;Tapis de Yoga Vortex;Sports & Loisirs;16.01;772;En stock;4.5;2024-09-12;5.68;3660123350127
PROD-1096;Aspirateur Robot Apex;Maison & Cuisine;553.96;29;Stock faible;3.7;2024-07-15;10.23;3660123166240
PROD-1097;Aspirateur Robot Elite;Maison & Cuisine;226.56;342;En stock;3.1;2025-06-08;1.7;3660123443032
PROD-1098;Sac à Dos Elite;Mode;254.51;424;En stock;4.9;2025-02-08;14.09;3660123226672
PROD-1099;Machine à Café Apex;Maison & Cuisine;469.97;355;En stock;3.0;2025-10-31;4.81;3660123508091
PROD-1100;Four à Micro-ondes Nova;Maison & Cuisine;95.15;570;En stock;4.3;2025-01-12;0.75;3660123329177
PROD-1101;Haltères Vortex;Sports & Loisirs;654.44;208;En stock;4.4;2026-03-21;14.86;3660123991777
PROD-1102;Brosse à Dents Électrique Zenith;Beauté & Santé;1247.14;1228;En stock;3.6;2025-10-08;10.48;3660123810830
PROD-1103;Mélangeur Nova;Maison & Cuisine;829.6;1408;En stock;3.6;2026-05-21;10.03;3660123170793
PROD-1104;T-shirt en Coton Vortex;Mode;1186.6;919;En stock;3.8;2025-10-17;11.15;3660123627874
PROD-1105;Sèche-Cheveux Nova;Beauté & Santé;37.36;254;En stock;3.6;2026-01-25;6.48;3660123355376
PROD-1106;Sèche-Cheveux Apex;Beauté & Santé;187.44;1021;En stock;3.6;2024-06-04;5.7;3660123773226
PROD-1107;Ordinateur Portable Elite;Électronique;781.51;908;En stock;4.5;2024-12-02;2.1;3660123432963
PROD-1108;Tablette Quantum;Électronique;845.97;590;En stock;4.5;2024-08-22;12.72;3660123447362
PROD-1109;Jeans Slim Nova;Mode;705.7;1361;En stock;5.0;2026-03-31;10.34;3660123854452
PROD-1110;Friteuse sans Huile Quantum;Maison & Cuisine;682.69;375;En stock;3.9;2024-01-07;1.06;3660123615524
PROD-1111;Ordinateur Portable Apex;Électronique;828.32;289;En stock;4.9;2024-05-08;1.47;3660123721418
PROD-1112;Brosse à Dents Électrique Nova;Beauté & Santé;664.57;872;En stock;4.4;2024-11-14;2.55;3660123307131
PROD-1113;Four à Micro-ondes Nova;Maison & Cuisine;791.54;620;En stock;3.6;2025-04-04;14.52;3660123311184
PROD-1114;Chaussures de Sport Apex;Mode;1236.8;736;En stock;3.8;2024-06-20;7.11;3660123543230
PROD-1115;Parfum Nova;Beauté & Santé;1067.28;987;En stock;3.0;2025-01-25;6.47;3660123187275
PROD-1116;Sac à Dos Vortex;Mode;207.1;1488;En stock;3.4;2025-01-24;7.01;3660123575637
PROD-1117;Chaussures de Sport Vortex;Mode;791.76;147;En stock;3.7;2026-01-02;7.09;3660123262240
PROD-1118;Aspirateur Robot Apex;Maison & Cuisine;1121.53;1495;En stock;4.5;2025-05-18;6.13;3660123536019
PROD-1119;Haltères Quantum;Sports & Loisirs;641.51;1312;En stock;5.0;2024-03-13;6.19;3660123140712
PROD-1120;Télévision 4K Vortex;Électronique;219.44;893;En stock;4.9;2026-02-28;13.7;3660123857329
PROD-1121;Sac à Dos Elite;Mode;640.31;1410;En stock;3.7;2024-02-29;9.8;3660123544638
PROD-1122;Machine à Café Quantum;Maison & Cuisine;54.5;740;En stock;4.3;2025-11-23;0.52;3660123798011
PROD-1123;Mélangeur Vortex;Maison & Cuisine;597.55;1394;En stock;3.3;2024-09-10;9.07;3660123794791
PROD-1124;Aspirateur Robot Apex;Maison & Cuisine;1004.54;1319;En stock;4.4;2025-01-28;6.03;3660123714633
PROD-1125;Tablette Nova;Électronique;1140.04;339;En stock;4.7;2024-09-15;10.41;3660123624966
PROD-1126;Parfum Vortex;Beauté & Santé;407.28;842;En stock;4.5;2026-08-04;10.94;3660123193190
PROD-1127;Montre Connectée Vortex;Électronique;1011.92;705;En stock;4.6;2024-10-02;11.26;3660123884639
PROD-1128;Haltères Apex;Sports & Loisirs;1283.25;1007;En stock;3.0;2024-03-12;11.63;3660123538136
PROD-1129;Parfum Elite;Beauté & Santé;381.95;882;En stock;3.3;2025-01-18;2.88;3660123240857
PROD-1130;Four à Micro-ondes Nova;Maison & Cuisine;658.36;225;En stock;3.9;2026-04-13;3.27;3660123310701
PROD-1131;Montre Connectée Nova;Électronique;1053.83;392;En stock;3.5;2026-07-12;13.09;3660123562139
PROD-1132;Sèche-Cheveux Elite;Beauté & Santé;224.29;600;En stock;3.2;2024-05-07;4.22;3660123458772
PROD-1133;Tablette Nova;Électronique;626.48;1377;En stock;4.5;2024-01-10;1.01;3660123888318
PROD-1134;Montre Connectée Vortex;Électronique;1028.07;85;En stock;3.2;2025-06-18;11.9;3660123493914
PROD-1135;Crème Hydratante Quantum;Beauté & Santé;620.46;690;En stock;4.2;2024-12-10;5.62;3660123459742
PROD-1136;Jeans Slim Zenith;Mode;867.94;775;En stock;4.2;2024-12-30;13.11;3660123945435
PROD-1137;Smartphone Quantum;Électronique;1132.99;822;En stock;4.5;2026-06-28;13.88;3660123126927
PROD-1138;Sèche-Cheveux Vortex;Beauté & Santé;370.5;1432;En stock;4.5;2024-09-11;5.59;3660123748388
PROD-1139;Raquette de Tennis Quantum;Sports & Loisirs;861.68;6;Stock faible;5.0;2026-04-12;4.9;3660123764563
PROD-1140;T-shirt en Coton Elite;Mode;429.92;909;En stock;3.5;2025-05-11;6.06;3660123742349
PROD-1141;Écouteurs Sans Fil Quantum;Électronique;1221.41;975;En stock;5.0;2026-05-27;10.52;3660123205335
PROD-1142;Haltères Vortex;Sports & Loisirs;261.64;293;En stock;4.7;2026-06-16;8.62;3660123998422
PROD-1143;Sèche-Cheveux Nova;Beauté & Santé;652.31;178;En stock;3.6;2025-11-20;14.94;3660123589478
PROD-1144;Four à Micro-ondes Apex;Maison & Cuisine;631.99;1107;En stock;3.5;2024-08-04;2.64;3660123791792
PROD-1145;Smartphone Quantum;Électronique;1291.43;59;En stock;3.3;2024-11-30;13.55;3660123903533
PROD-1146;Jeans Slim Elite;Mode;342.33;975;En stock;4.9;2025-11-17;1.93;3660123242350
PROD-1147;Parfum Apex;Beauté & Santé;1036.24;681;En stock;4.7;2025-08-12;11.52;3660123729858
PROD-1148;Montre Connectée Zenith;Électronique;496.33;1469;En stock;4.5;2026-01-12;5.79;3660123773292
PROD-1149;Parfum Nova;Beauté & Santé;298.37;236;En stock;3.6;2024-04-24;1.43;3660123876555
PROD-1150;Brosse à Dents Électrique Elite;Beauté & Santé;1225.18;1173;En stock;3.7;2026-05-23;4.77;3660123498663
PROD-1151;Sèche-Cheveux Zenith;Beauté & Santé;89.82;1096;En stock;3.4;2025-02-01;14.7;3660123435169
PROD-1152;Jeans Slim Vortex;Mode;866.22;1209;En stock;3.4;2025-02-08;0.24;3660123993766
PROD-1153;Haltères Nova;Sports & Loisirs;1062.82;607;En stock;4.7;2025-05-26;10.23;3660123254586
PROD-1154;Crème Hydratante Nova;Beauté & Santé;973.7;1439;En stock;3.1;2024-11-23;4.7;3660123822049
PROD-1155;Écouteurs Sans Fil Elite;Électronique;750.41;1292;En stock;4.7;2025-05-21;4.44;3660123495007
PROD-1156;Écouteurs Sans Fil Nova;Électronique;1077.96;431;En stock;4.7;2026-04-09;3.45;3660123871464
PROD-1157;Ordinateur Portable Quantum;Électronique;948.33;612;En stock;5.0;2025-11-06;13.69;3660123266926
PROD-1158;Tablette Quantum;Électronique;445.25;1388;En stock;3.9;2024-12-22;11.39;3660123510059
PROD-1159;Tablette Elite;Électronique;375.11;1426;En stock;4.8;2025-12-18;12.86;3660123512900
PROD-1160;Ordinateur Portable Zenith;Électronique;980.41;1188;En stock;4.7;2024-02-25;12.76;3660123844056
PROD-1161;Chaussures de Sport Elite;Mode;221.16;281;En stock;3.9;2025-05-09;4.44;3660123251857
PROD-1162;Machine à Café Elite;Maison & Cuisine;262.39;1333;En stock;3.0;2026-01-13;12.86;3660123206900
PROD-1163;Four à Micro-ondes Quantum;Maison & Cuisine;886.47;344;En stock;4.9;2024-04-08;5.4;3660123596894
PROD-1164;Aspirateur Robot Apex;Maison & Cuisine;1274.55;1331;En stock;3.7;2025-03-20;14.55;3660123757428
PROD-1165;Vélo Tout Terrain Apex;Sports & Loisirs;163.25;812;En stock;4.0;2025-12-05;8.98;3660123280865
PROD-1166;Tapis de Yoga Quantum;Sports & Loisirs;1125.71;1331;En stock;3.8;2025-10-09;9.83;3660123485166
PROD-1167;Smartphone Apex;Électronique;116.59;1001;En stock;4.3;2026-07-19;7.7;3660123124145
PROD-1168;Parfum Zenith;Beauté & Santé;904.9;193;En stock;4.6;2024-07-04;5.82;3660123775908
PROD-1169;Haltères Vortex;Sports & Loisirs;171.55;666;En stock;3.1;2026-07-19;12.95;3660123663621
PROD-1170;Four à Micro-ondes Elite;Maison & Cuisine;35.46;1138;En stock;4.6;2026-03-13;12.2;3660123612295
PROD-1171;Tablette Vortex;Électronique;705.28;1334;En stock;3.2;2026-02-10;3.19;3660123790573
PROD-1172;Ordinateur Portable Vortex;Électronique;906.82;10;Stock faible;4.1;2026-03-30;4.78;3660123141044
PROD-1173;Friteuse sans Huile Nova;Maison & Cuisine;851.9;179;En stock;4.1;2026-05-21;11.32;3660123188720
PROD-1174;Tablette Zenith;Électronique;478.98;1114;En stock;3.3;2025-11-04;0.1;3660123415201
PROD-1175;Tablette Zenith;Électronique;860.3;911;En stock;3.3;2025-05-17;10.46;3660123648055
PROD-1176;Sac à Dos Vortex;Mode;668.65;1408;En stock;3.2;2026-04-19;0.77;3660123138518
PROD-1177;Machine à Café Zenith;Maison & Cuisine;1114.34;440;En stock;4.9;2025-09-08;8.33;3660123720529
PROD-1178;Veste d'Hiver Nova;Mode;950.53;864;En stock;3.1;2024-09-18;3.98;3660123781332
PROD-1179;Four à Micro-ondes Quantum;Maison & Cuisine;117.39;520;En stock;4.4;2025-12-12;2.23;3660123313660
PROD-1180;Montre Connectée Elite;Électronique;357.52;1296;En stock;4.4;2024-07-16;10.75;3660123691021
PROD-1181;Brosse à Dents Électrique Quantum;Beauté & Santé;1069.81;647;En stock;5.0;2025-03-20;5.75;3660123732928
PROD-1182;Aspirateur Robot Zenith;Maison & Cuisine;170.75;225;En stock;4.4;2025-02-20;1.08;3660123771274
PROD-1183;Écouteurs Sans Fil Zenith;Électronique;1013.7;299;En stock;4.7;2024-08-19;4.18;3660123202704
PROD-1184;Vélo Tout Terrain Quantum;Sports & Loisirs;1237.79;252;En stock;3.4;2026-01-15;13.15;3660123717429
PROD-1185;Tapis de Yoga Vortex;Sports & Loisirs;460.07;1171;En stock;4.7;2025-07-18;4.14;3660123203878
PROD-1186;Ordinateur Portable Zenith;Électronique;1230.99;797;En stock;3.4;2026-04-05;11.15;3660123927061
PROD-1187;Parfum Quantum;Beauté & Santé;774.07;530;En stock;3.0;2025-06-09;10.73;3660123789504
PROD-1188;Machine à Café Quantum;Maison & Cuisine;742.14;547;En stock;3.1;2026-01-12;9.62;3660123488131
PROD-1189;Friteuse sans Huile Quantum;Maison & Cuisine;921.74;374;En stock;3.9;2024-12-28;12.0;3660123626625
PROD-1190;Veste d'Hiver Quantum;Mode;681.56;1471;En stock;4.8;2026-04-13;3.51;3660123766511
PROD-1191;Écouteurs Sans Fil Quantum;Électronique;1004.04;184;En stock;4.3;2024-03-19;10.98;3660123198181
PROD-1192;Friteuse sans Huile Apex;Maison & Cuisine;119.1;585;En stock;4.1;2025-05-19;12.14;3660123111214
PROD-1193;Raquette de Tennis Elite;Sports & Loisirs;185.98;1019;En stock;4.0;2025-11-24;13.33;3660123831782
PROD-1194;Télévision 4K Apex;Électronique;805.0;14;Stock faible;4.4;2025-12-20;8.06;3660123461822
PROD-1195;Friteuse sans Huile Elite;Maison & Cuisine;795.85;1243;En stock;3.9;2024-06-21;10.15;3660123900808
PROD-1196;Brosse à Dents Électrique Nova;Beauté & Santé;106.9;273;En stock;4.0;2024-02-22;6.4;3660123497509
PROD-1197;Mélangeur Apex;Maison & Cuisine;445.96;1390;En stock;3.5;2025-07-06;12.78;3660123999474
PROD-1198;Écouteurs Sans Fil Zenith;Électronique;633.22;542;En stock;3.4;2026-01-25;9.5;3660123512742
PROD-1199;Mélangeur Elite;Maison & Cuisine;675.02;72;En stock;4.9;2026-07-02;9.3;3660123611984
PROD-1200;Écouteurs Sans Fil Apex;Électronique;804.02;672;En stock;3.6;2024-04-19;0.18;3660123857526
PROD-1201;Four à Micro-ondes Zenith;Maison & Cuisine;21.42;882;En stock;4.0;2024-03-27;7.98;3660123261177
PROD-1202;Tapis de Yoga Quantum;Sports & Loisirs;18.9;1344;En stock;3.5;2025-04-26;5.99;3660123413823
PROD-1203;Chaussures de Sport Nova;Mode;701.98;551;En stock;3.2;2025-03-25;9.88;3660123560698
PROD-1204;Machine à Café Zenith;Maison & Cuisine;973.74;11;Stock faible;3.7;2026-06-10;10.67;3660123216041
PROD-1205;Mélangeur Apex;Maison & Cuisine;182.44;862;En stock;4.5;2026-07-11;0.57;3660123798566
PROD-1206;Four à Micro-ondes Elite;Maison & Cuisine;1277.97;243;En stock;3.8;2025-07-17;7.48;3660123814852
PROD-1207;Mélangeur Quantum;Maison & Cuisine;657.39;796;En stock;3.3;2024-04-20;11.91;3660123232250
PROD-1208;Mélangeur Vortex;Maison & Cuisine;27.6;1401;En stock;3.5;2025-11-25;12.46;3660123550536
PROD-1209;Sèche-Cheveux Quantum;Beauté & Santé;629.44;577;En stock;4.0;2026-02-18;6.49;3660123747614
PROD-1210;Friteuse sans Huile Nova;Maison & Cuisine;331.8;235;En stock;4.7;2025-12-18;3.79;3660123960471
PROD-1211;Vélo Tout Terrain Quantum;Sports & Loisirs;921.32;211;En stock;4.4;2025-05-29;9.21;3660123297833
PROD-1212;Brosse à Dents Électrique Nova;Beauté & Santé;165.38;821;En stock;3.1;2024-07-15;13.94;3660123547011
PROD-1213;Tablette Nova;Électronique;127.3;104;En stock;3.8;2025-06-21;4.67;3660123764073
PROD-1214;Machine à Café Zenith;Maison & Cuisine;559.63;125;En stock;4.0;2025-10-21;0.87;3660123215400
PROD-1215;Veste d'Hiver Zenith;Mode;1226.46;1457;En stock;3.8;2024-11-23;13.44;3660123290580
PROD-1216;Smartphone Apex;Électronique;861.95;658;En stock;3.4;2025-04-28;4.27;3660123735984
PROD-1217;Télévision 4K Nova;Électronique;335.41;1006;En stock;3.7;2024-11-07;1.76;3660123801442
PROD-1218;Montre Connectée Vortex;Électronique;1003.89;266;En stock;3.7;2026-01-29;12.17;3660123879020
PROD-1219;Crème Hydratante Nova;Beauté & Santé;848.81;430;En stock;4.2;2024-03-30;13.32;3660123236823
PROD-1220;Sèche-Cheveux Apex;Beauté & Santé;766.65;1340;En stock;4.6;2024-07-16;10.6;3660123203428
PROD-1221;Tablette Vortex;Électronique;452.33;1485;En stock;3.9;2026-02-18;3.11;3660123855781
PROD-1222;Aspirateur Robot Nova;Maison & Cuisine;257.29;1127;En stock;4.4;2026-07-01;13.17;3660123994894
PROD-1223;Crème Hydratante Zenith;Beauté & Santé;588.53;1469;En stock;3.2;2025-03-22;1.11;3660123539357
PROD-1224;Sèche-Cheveux Nova;Beauté & Santé;782.9;1426;En stock;4.9;2024-10-23;0.78;3660123693677
PROD-1225;Montre Connectée Nova;Électronique;965.51;814;En stock;4.0;2025-06-29;13.07;3660123178628
PROD-1226;Four à Micro-ondes Vortex;Maison & Cuisine;505.54;799;En stock;3.8;2024-10-05;3.18;3660123103775
PROD-1227;Friteuse sans Huile Nova;Maison & Cuisine;773.82;18;Stock faible;4.8;2026-03-20;7.74;3660123628291
PROD-1228;Crème Hydratante Zenith;Beauté & Santé;1109.68;606;En stock;4.4;2025-07-19;1.87;3660123334807
PROD-1229;Tablette Nova;Électronique;386.47;1309;En stock;3.3;2026-06-23;4.24;3660123239430
PROD-1230;T-shirt en Coton Elite;Mode;1274.22;430;En stock;4.1;2024-01-02;9.76;3660123763416
PROD-1231;Crème Hydratante Zenith;Beauté & Santé;117.38;1444;En stock;4.8;2024-09-27;10.86;3660123528178
PROD-1232;Crème Hydratante Zenith;Beauté & Santé;1280.98;1281;En stock;4.6;2026-04-23;5.4;3660123865960
PROD-1233;Jeans Slim Zenith;Mode;1263.36;1100;En stock;4.3;2026-06-07;11.69;3660123918427
PROD-1234;Sèche-Cheveux Elite;Beauté & Santé;972.03;782;En stock;4.9;2024-09-20;13.06;3660123765117
PROD-1235;Brosse à Dents Électrique Quantum;Beauté & Santé;294.61;550;En stock;3.4;2025-10-06;12.14;3660123889470
PROD-1236;Vélo Tout Terrain Quantum;Sports & Loisirs;308.91;1487;En stock;3.9;2024-05-31;13.54;3660123198242
PROD-1237;Vélo Tout Terrain Quantum;Sports & Loisirs;248.68;360;En stock;3.4;2025-05-17;14.16;3660123289170
PROD-1238;T-shirt en Coton Zenith;Mode;220.16;363;En stock;4.6;2025-12-04;9.16;3660123172827
PROD-1239;Aspirateur Robot Quantum;Maison & Cuisine;326.37;1321;En stock;4.9;2024-04-12;10.89;3660123243960
PROD-1240;Tablette Apex;Électronique;497.45;42;Stock faible;3.2;2024-01-14;11.48;3660123775788
PROD-1241;Ordinateur Portable Nova;Électronique;1003.44;548;En stock;3.3;2025-10-04;9.03;3660123930892
PROD-1242;Smartphone Vortex;Électronique;959.6;693;En stock;4.7;2024-03-28;3.11;3660123603762
PROD-1243;Parfum Nova;Beauté & Santé;406.52;980;En stock;3.3;2024-02-27;8.2;3660123380448
PROD-1244;Sèche-Cheveux Apex;Beauté & Santé;1074.14;210;En stock;4.1;2024-04-15;7.72;3660123977116
PROD-1245;Vélo Tout Terrain Apex;Sports & Loisirs;1186.69;49;Stock faible;3.5;2025-01-29;2.3;3660123787199
PROD-1246;Jeans Slim Elite;Mode;506.31;1464;En stock;4.6;2024-04-25;7.43;3660123215485
PROD-1247;Aspirateur Robot Zenith;Maison & Cuisine;470.92;1260;En stock;3.7;2025-01-04;13.86;3660123188923
PROD-1248;Tablette Nova;Électronique;239.7;1086;En stock;3.7;2024-07-04;10.22;3660123257517
PROD-1249;Sac à Dos Zenith;Mode;459.41;212;En stock;3.5;2025-05-26;9.96;3660123378293
PROD-1250;Smartphone Nova;Électronique;1013.33;300;En stock;3.6;2025-02-03;6.76;3660123935558
PROD-1251;Tapis de Yoga Apex;Sports & Loisirs;755.41;1488;En stock;3.6;2024-04-02;4.91;3660123233730
PROD-1252;Four à Micro-ondes Zenith;Maison & Cuisine;421.91;868;En stock;4.0;2025-02-27;9.07;3660123767527
PROD-1253;Jeans Slim Elite;Mode;1198.86;784;En stock;3.8;2025-05-24;8.13;3660123616530
PROD-1254;Brosse à Dents Électrique Quantum;Beauté & Santé;117.86;1464;En stock;3.8;2025-08-14;11.67;3660123950701
PROD-1255;Aspirateur Robot Nova;Maison & Cuisine;476.6;416;En stock;5.0;2024-01-18;5.5;3660123596947
PROD-1256;Aspirateur Robot Apex;Maison & Cuisine;1185.65;739;En stock;4.7;2026-06-06;11.7;3660123246118
PROD-1257;Chaussures de Sport Nova;Mode;1087.47;1129;En stock;4.9;2026-07-23;6.37;3660123320974
PROD-1258;Aspirateur Robot Elite;Maison & Cuisine;187.75;1424;En stock;4.4;2025-01-21;11.02;3660123829937
PROD-1259;Haltères Apex;Sports & Loisirs;914.8;1357;En stock;4.2;2025-05-03;12.58;3660123265856
PROD-1260;Ordinateur Portable Zenith;Électronique;192.24;501;En stock;3.2;2025-08-05;12.48;3660123536726
PROD-1261;Machine à Café Quantum;Maison & Cuisine;969.18;1080;En stock;4.4;2024-11-02;7.11;3660123857656
PROD-1262;Chaussures de Sport Elite;Mode;906.86;587;En stock;3.2;2024-03-02;13.23;3660123133679
PROD-1263;Brosse à Dents Électrique Vortex;Beauté & Santé;216.84;811;En stock;4.7;2025-11-27;14.23;3660123576364
PROD-1264;Crème Hydratante Vortex;Beauté & Santé;657.41;1452;En stock;3.5;2024-06-09;4.15;3660123196402
PROD-1265;Parfum Nova;Beauté & Santé;968.63;820;En stock;4.2;2024-08-12;5.95;3660123962458
PROD-1266;Sèche-Cheveux Elite;Beauté & Santé;614.27;641;En stock;4.3;2025-02-18;12.43;3660123272830
PROD-1267;Écouteurs Sans Fil Elite;Électronique;557.24;552;En stock;3.2;2024-03-20;5.5;3660123916628
PROD-1268;T-shirt en Coton Nova;Mode;374.04;1109;En stock;3.2;2024-08-04;9.0;3660123893270
PROD-1269;Jeans Slim Vortex;Mode;270.22;66;En stock;3.5;2024-03-28;14.65;3660123692232
PROD-1270;Tablette Quantum;Électronique;68.92;644;En stock;3.2;2024-11-12;0.23;3660123473973
PROD-1271;Chaussures de Sport Vortex;Mode;261.39;800;En stock;4.5;2024-05-12;10.57;3660123202110
PROD-1272;Chaussures de Sport Elite;Mode;659.61;1028;En stock;4.6;2024-06-02;0.45;3660123934739
PROD-1273;Gourde Isotherme Vortex;Sports & Loisirs;1130.76;76;En stock;3.6;2024-06-04;10.27;3660123182578
PROD-1274;Montre Connectée Nova;Électronique;1150.87;1395;En stock;4.3;2026-02-26;10.81;3660123625986
PROD-1275;Crème Hydratante Quantum;Beauté & Santé;1023.09;694;En stock;3.6;2025-09-30;12.85;3660123551832
PROD-1276;Montre Connectée Elite;Électronique;510.04;427;En stock;5.0;2025-09-13;1.22;3660123259804
PROD-1277;Parfum Apex;Beauté & Santé;1048.09;292;En stock;4.5;2024-11-12;8.25;3660123936116
PROD-1278;Télévision 4K Apex;Électronique;596.69;347;En stock;4.9;2024-06-14;1.12;3660123704516
PROD-1279;Veste d'Hiver Apex;Mode;101.75;1455;En stock;4.5;2024-09-21;14.79;3660123368463
PROD-1280;Vélo Tout Terrain Apex;Sports & Loisirs;1263.46;999;En stock;3.1;2026-05-29;4.37;3660123528902
PROD-1281;Brosse à Dents Électrique Quantum;Beauté & Santé;483.07;1279;En stock;4.9;2025-01-17;1.34;3660123533265
PROD-1282;Parfum Zenith;Beauté & Santé;1141.85;1397;En stock;3.1;2025-10-21;0.95;3660123928994
PROD-1283;Friteuse sans Huile Apex;Maison & Cuisine;209.38;215;En stock;3.6;2024-06-11;8.59;3660123995304
PROD-1284;Ordinateur Portable Quantum;Électronique;1137.65;1370;En stock;3.2;2025-04-22;7.08;3660123661109
PROD-1285;Tapis de Yoga Apex;Sports & Loisirs;242.54;221;En stock;4.8;2026-08-02;6.01;3660123554153
PROD-1286;Four à Micro-ondes Zenith;Maison & Cuisine;93.16;701;En stock;5.0;2025-05-12;3.27;3660123877293
PROD-1287;Tapis de Yoga Zenith;Sports & Loisirs;596.4;1116;En stock;3.3;2025-04-26;2.27;3660123323839
PROD-1288;Sac à Dos Apex;Mode;1284.27;778;En stock;3.1;2026-04-07;5.49;3660123551002
PROD-1289;Vélo Tout Terrain Apex;Sports & Loisirs;282.82;46;Stock faible;4.9;2025-12-01;6.4;3660123364315
PROD-1290;Aspirateur Robot Nova;Maison & Cuisine;99.33;829;En stock;3.2;2026-06-13;10.71;3660123540110
PROD-1291;Brosse à Dents Électrique Elite;Beauté & Santé;1162.05;376;En stock;4.7;2024-04-04;13.43;3660123549350
PROD-1292;Veste d'Hiver Nova;Mode;266.19;858;En stock;4.0;2025-07-02;10.36;3660123268494
PROD-1293;Haltères Elite;Sports & Loisirs;745.7;20;Stock faible;4.1;2026-07-04;9.0;3660123181588
PROD-1294;Brosse à Dents Électrique Zenith;Beauté & Santé;866.63;648;En stock;3.0;2026-07-07;6.93;3660123254650
PROD-1295;Haltères Apex;Sports & Loisirs;1031.69;1380;En stock;3.8;2025-06-17;10.86;3660123572445
PROD-1296;Four à Micro-ondes Elite;Maison & Cuisine;1260.59;199;En stock;3.1;2026-02-02;14.69;3660123540586
PROD-1297;Brosse à Dents Électrique Vortex;Beauté & Santé;497.04;712;En stock;3.4;2024-07-14;14.58;3660123704856
PROD-1298;Écouteurs Sans Fil Zenith;Électronique;30.88;628;En stock;4.0;2026-06-07;1.96;3660123623376
PROD-1299;Gourde Isotherme Quantum;Sports & Loisirs;463.72;1110;En stock;3.9;2026-02-22;5.1;3660123284354
PROD-1300;Gourde Isotherme Zenith;Sports & Loisirs;238.18;1218;En stock;3.3;2025-03-22;5.79;3660123986142
PROD-1301;Haltères Elite;Sports & Loisirs;810.28;203;En stock;5.0;2026-04-05;12.57;3660123193992
PROD-1302;Tablette Quantum;Électronique;143.73;1277;En stock;4.9;2024-04-12;9.54;3660123627812
PROD-1303;Sèche-Cheveux Elite;Beauté & Santé;383.97;861;En stock;3.4;2026-03-06;6.87;3660123499591
PROD-1304;Ordinateur Portable Quantum;Électronique;1236.2;718;En stock;4.9;2026-07-24;7.01;3660123960270
PROD-1305;Tapis de Yoga Zenith;Sports & Loisirs;1019.02;1039;En stock;3.6;2026-06-19;9.91;3660123422328
PROD-1306;Vélo Tout Terrain Apex;Sports & Loisirs;1171.23;849;En stock;3.1;2024-01-27;2.39;3660123492592
PROD-1307;Crème Hydratante Zenith;Beauté & Santé;229.82;1171;En stock;5.0;2024-09-04;8.38;3660123510373
PROD-1308;Friteuse sans Huile Elite;Maison & Cuisine;517.37;105;En stock;4.6;2025-08-14;6.49;3660123767181
PROD-1309;Vélo Tout Terrain Quantum;Sports & Loisirs;1176.37;1059;En stock;3.3;2024-08-24;1.58;3660123940089
PROD-1310;Friteuse sans Huile Apex;Maison & Cuisine;824.55;802;En stock;4.7;2025-10-04;13.76;3660123978012
PROD-1311;Brosse à Dents Électrique Zenith;Beauté & Santé;272.84;191;En stock;3.1;2024-01-12;9.47;3660123722107
PROD-1312;Aspirateur Robot Vortex;Maison & Cuisine;922.76;161;En stock;4.1;2024-01-26;11.16;3660123236889
PROD-1313;Haltères Nova;Sports & Loisirs;319.23;454;En stock;3.6;2025-07-02;12.62;3660123861593
PROD-1314;Haltères Elite;Sports & Loisirs;76.75;169;En stock;4.9;2025-10-04;0.44;3660123707497
PROD-1315;Smartphone Quantum;Électronique;1206.08;251;En stock;3.2;2024-10-16;4.0;3660123289401
PROD-1316;Smartphone Quantum;Électronique;1099.55;425;En stock;3.8;2025-05-17;11.95;3660123533843
PROD-1317;Télévision 4K Elite;Électronique;108.43;1407;En stock;3.8;2026-06-30;4.77;3660123572780
PROD-1318;Machine à Café Zenith;Maison & Cuisine;23.07;365;En stock;4.3;2025-10-08;9.14;3660123132978
PROD-1319;Écouteurs Sans Fil Zenith;Électronique;634.24;1257;En stock;4.2;2024-01-06;2.46;3660123877725
PROD-1320;T-shirt en Coton Nova;Mode;791.87;1097;En stock;3.0;2025-06-08;11.44;3660123326813
PROD-1321;T-shirt en Coton Nova;Mode;48.04;283;En stock;3.4;2026-01-15;10.4;3660123232729
PROD-1322;Veste d'Hiver Quantum;Mode;267.01;188;En stock;3.7;2025-07-18;9.81;3660123589730
PROD-1323;Gourde Isotherme Vortex;Sports & Loisirs;1230.78;395;En stock;3.5;2024-07-21;10.34;3660123852244
PROD-1324;Chaussures de Sport Apex;Mode;762.9;1203;En stock;3.6;2026-03-24;3.17;3660123857135
PROD-1325;Gourde Isotherme Quantum;Sports & Loisirs;556.61;556;En stock;4.6;2025-09-29;1.7;3660123501652
PROD-1326;Vélo Tout Terrain Vortex;Sports & Loisirs;465.25;1295;En stock;4.6;2025-04-05;2.59;3660123135399
PROD-1327;Crème Hydratante Vortex;Beauté & Santé;538.64;1236;En stock;4.7;2025-10-22;14.26;3660123656267
PROD-1328;Chaussures de Sport Apex;Mode;157.89;660;En stock;3.9;2024-07-09;5.43;3660123176168
PROD-1329;Mélangeur Zenith;Maison & Cuisine;197.09;643;En stock;3.2;2024-11-22;10.36;3660123851622
PROD-1330;Jeans Slim Quantum;Mode;742.03;658;En stock;4.8;2025-07-29;1.09;3660123397391
PROD-1331;Brosse à Dents Électrique Vortex;Beauté & Santé;290.52;1148;En stock;3.6;2025-09-14;14.2;3660123946648
PROD-1332;Tablette Elite;Électronique;554.05;891;En stock;3.6;2024-11-23;3.05;3660123152072
PROD-1333;Gourde Isotherme Apex;Sports & Loisirs;1287.43;862;En stock;3.2;2025-04-08;2.65;3660123442753
PROD-1334;Parfum Nova;Beauté & Santé;753.56;583;En stock;3.0;2026-03-13;12.86;3660123104872
PROD-1335;Haltères Nova;Sports & Loisirs;1095.71;824;En stock;3.1;2025-06-30;13.78;3660123141020
PROD-1336;T-shirt en Coton Apex;Mode;616.15;850;En stock;4.4;2024-10-08;4.83;3660123462623
PROD-1337;Tapis de Yoga Vortex;Sports & Loisirs;1009.24;1011;En stock;4.2;2025-02-06;4.55;3660123576663
PROD-1338;Tapis de Yoga Zenith;Sports & Loisirs;1219.63;210;En stock;3.1;2024-02-18;12.4;3660123245473
PROD-1339;Écouteurs Sans Fil Elite;Électronique;944.28;463;En stock;3.3;2024-07-14;10.89;3660123951739
PROD-1340;Sac à Dos Apex;Mode;1214.99;107;En stock;3.5;2026-03-14;0.74;3660123150335
PROD-1341;T-shirt en Coton Zenith;Mode;434.82;1254;En stock;4.6;2025-01-23;4.12;3660123278612
PROD-1342;Friteuse sans Huile Quantum;Maison & Cuisine;164.66;653;En stock;4.7;2026-02-10;8.8;3660123991450
PROD-1343;Gourde Isotherme Elite;Sports & Loisirs;167.85;1080;En stock;3.5;2025-05-04;9.95;3660123394169
PROD-1344;Chaussures de Sport Nova;Mode;128.41;606;En stock;4.4;2024-12-27;8.42;3660123354149
PROD-1345;Aspirateur Robot Apex;Maison & Cuisine;1263.57;123;En stock;3.4;2025-11-17;3.32;3660123958271
PROD-1346;Vélo Tout Terrain Quantum;Sports & Loisirs;144.84;427;En stock;4.6;2026-02-18;7.96;3660123428580
PROD-1347;Chaussures de Sport Elite;Mode;208.65;1033;En stock;3.2;2024-05-13;3.36;3660123481308
PROD-1348;Gourde Isotherme Vortex;Sports & Loisirs;672.36;819;En stock;3.4;2024-10-11;6.4;3660123819602
PROD-1349;Sac à Dos Elite;Mode;141.65;944;En stock;4.8;2026-02-01;1.74;3660123117393
PROD-1350;Vélo Tout Terrain Zenith;Sports & Loisirs;46.87;1355;En stock;4.1;2024-12-26;4.06;3660123677035
PROD-1351;Écouteurs Sans Fil Quantum;Électronique;283.56;812;En stock;4.0;2025-06-04;5.07;3660123562779
PROD-1352;Veste d'Hiver Apex;Mode;73.37;783;En stock;4.5;2025-03-08;2.99;3660123298652
PROD-1353;Vélo Tout Terrain Vortex;Sports & Loisirs;365.93;1244;En stock;4.0;2025-03-19;1.73;3660123152294
PROD-1354;Aspirateur Robot Nova;Maison & Cuisine;158.58;73;En stock;4.2;2024-09-01;1.08;3660123205939
PROD-1355;Jeans Slim Vortex;Mode;912.36;828;En stock;3.8;2024-04-13;3.38;3660123964098
PROD-1356;Chaussures de Sport Nova;Mode;230.62;416;En stock;3.7;2024-10-21;10.62;3660123401967
PROD-1357;Smartphone Nova;Électronique;659.17;1434;En stock;4.2;2026-01-26;4.65;3660123821353
PROD-1358;Machine à Café Zenith;Maison & Cuisine;889.05;341;En stock;3.4;2026-07-10;6.88;3660123113353
PROD-1359;Gourde Isotherme Zenith;Sports & Loisirs;36.86;540;En stock;4.8;2024-06-23;10.22;3660123994529
PROD-1360;Tablette Zenith;Électronique;1260.7;1194;En stock;3.0;2026-06-13;3.79;3660123214699
PROD-1361;Smartphone Vortex;Électronique;887.25;595;En stock;4.7;2025-06-21;7.6;3660123891666
PROD-1362;Aspirateur Robot Apex;Maison & Cuisine;402.93;687;En stock;3.9;2026-01-22;5.33;3660123672223
PROD-1363;Chaussures de Sport Zenith;Mode;479.92;27;Stock faible;4.7;2024-11-04;10.68;3660123642985
PROD-1364;Parfum Apex;Beauté & Santé;358.21;1063;En stock;4.5;2024-01-22;2.3;3660123530250
PROD-1365;Machine à Café Zenith;Maison & Cuisine;652.19;500;En stock;4.2;2025-12-13;14.6;3660123476879
PROD-1366;Aspirateur Robot Nova;Maison & Cuisine;1197.62;773;En stock;4.3;2024-10-07;13.17;3660123811774
PROD-1367;Parfum Vortex;Beauté & Santé;235.68;1390;En stock;3.7;2024-12-05;5.93;3660123537564
PROD-1368;Veste d'Hiver Nova;Mode;63.01;1065;En stock;4.4;2026-05-04;9.22;3660123554515
PROD-1369;Raquette de Tennis Zenith;Sports & Loisirs;382.04;17;Stock faible;4.0;2025-12-02;2.29;3660123813999
PROD-1370;Friteuse sans Huile Zenith;Maison & Cuisine;814.69;1360;En stock;3.3;2025-05-13;4.4;3660123938635
PROD-1371;T-shirt en Coton Quantum;Mode;62.82;579;En stock;4.7;2024-05-06;0.89;3660123420677
PROD-1372;Télévision 4K Zenith;Électronique;861.72;1;Stock faible;3.1;2024-05-21;5.32;3660123397025
PROD-1373;Brosse à Dents Électrique Apex;Beauté & Santé;930.01;292;En stock;5.0;2024-07-20;6.54;3660123184638
PROD-1374;Jeans Slim Apex;Mode;620.39;726;En stock;3.5;2025-11-25;9.59;3660123543089
PROD-1375;Tapis de Yoga Zenith;Sports & Loisirs;1197.04;1222;En stock;3.6;2025-07-31;6.59;3660123438144
PROD-1376;Brosse à Dents Électrique Elite;Beauté & Santé;1000.27;512;En stock;3.3;2025-07-21;3.07;3660123419811
PROD-1377;Écouteurs Sans Fil Vortex;Électronique;1205.97;944;En stock;4.1;2025-01-19;11.76;3660123974357
PROD-1378;Tapis de Yoga Nova;Sports & Loisirs;689.27;1421;En stock;3.6;2025-12-02;10.72;3660123591130
PROD-1379;Chaussures de Sport Quantum;Mode;552.44;840;En stock;3.9;2026-07-23;8.43;3660123904016
PROD-1380;Tapis de Yoga Nova;Sports & Loisirs;803.61;619;En stock;4.6;2025-08-17;7.73;3660123233457
PROD-1381;Crème Hydratante Apex;Beauté & Santé;984.37;804;En stock;3.3;2025-11-17;0.19;3660123946705
PROD-1382;Parfum Apex;Beauté & Santé;119.2;553;En stock;4.7;2025-10-27;1.7;3660123723210
PROD-1383;Écouteurs Sans Fil Vortex;Électronique;631.08;678;En stock;4.7;2024-05-04;11.13;3660123807173
PROD-1384;Sèche-Cheveux Elite;Beauté & Santé;274.52;295;En stock;4.1;2025-05-22;2.13;3660123808502
PROD-1385;Mélangeur Elite;Maison & Cuisine;411.04;13;Stock faible;4.6;2025-09-30;10.35;3660123220280
PROD-1386;Smartphone Nova;Électronique;788.88;247;En stock;4.0;2024-09-10;3.14;3660123596754
PROD-1387;Tablette Quantum;Électronique;514.01;249;En stock;3.6;2025-05-10;14.74;3660123960116
PROD-1388;Friteuse sans Huile Zenith;Maison & Cuisine;1069.97;1395;En stock;3.9;2025-11-04;9.3;3660123553355
PROD-1389;Aspirateur Robot Nova;Maison & Cuisine;192.77;1346;En stock;3.5;2025-06-07;11.15;3660123673236
PROD-1390;Four à Micro-ondes Quantum;Maison & Cuisine;384.14;1367;En stock;3.2;2025-08-25;7.45;3660123800133
PROD-1391;Chaussures de Sport Quantum;Mode;909.96;219;En stock;3.9;2026-04-13;6.43;3660123129329
PROD-1392;Chaussures de Sport Apex;Mode;737.82;22;Stock faible;4.2;2024-02-04;9.71;3660123789115
PROD-1393;Parfum Apex;Beauté & Santé;1181.45;726;En stock;4.9;2025-04-24;13.25;3660123580614
PROD-1394;T-shirt en Coton Nova;Mode;471.48;1030;En stock;3.4;2026-07-13;10.62;3660123509599
PROD-1395;Sèche-Cheveux Nova;Beauté & Santé;856.13;720;En stock;4.3;2025-07-30;5.16;3660123849923
PROD-1396;Mélangeur Elite;Maison & Cuisine;400.77;806;En stock;3.1;2026-05-09;9.71;3660123494812
PROD-1397;Raquette de Tennis Elite;Sports & Loisirs;242.67;1451;En stock;4.9;2026-03-05;9.92;3660123371818
PROD-1398;Mélangeur Vortex;Maison & Cuisine;1242.19;712;En stock;4.2;2026-04-29;6.12;3660123147111
PROD-1399;Montre Connectée Nova;Électronique;308.89;1362;En stock;3.2;2025-11-26;7.2;3660123896822
PROD-1400;Machine à Café Apex;Maison & Cuisine;1170.72;356;En stock;4.5;2025-01-28;11.36;3660123540460
PROD-1401;Smartphone Vortex;Électronique;333.11;76;En stock;4.7;2024-03-15;6.68;3660123492505
PROD-1402;Sèche-Cheveux Nova;Beauté & Santé;424.29;1430;En stock;3.9;2024-05-16;14.83;3660123701651
PROD-1403;Brosse à Dents Électrique Nova;Beauté & Santé;335.71;896;En stock;4.4;2024-08-18;3.1;3660123269963
PROD-1404;Raquette de Tennis Nova;Sports & Loisirs;120.95;49;Stock faible;4.3;2025-11-15;1.53;3660123134853
PROD-1405;Aspirateur Robot Zenith;Maison & Cuisine;1008.95;1163;En stock;4.1;2024-03-14;5.18;3660123815507
PROD-1406;Parfum Nova;Beauté & Santé;1083.79;1168;En stock;4.7;2025-05-27;5.35;3660123748522
PROD-1407;Brosse à Dents Électrique Apex;Beauté & Santé;576.14;1280;En stock;3.8;2024-03-13;8.58;3660123233370
PROD-1408;Crème Hydratante Apex;Beauté & Santé;162.12;472;En stock;3.1;2025-07-07;5.03;3660123334903
PROD-1409;Veste d'Hiver Quantum;Mode;917.21;139;En stock;4.7;2024-06-10;14.52;3660123178409
PROD-1410;Brosse à Dents Électrique Vortex;Beauté & Santé;1212.02;1024;En stock;3.6;2025-09-25;0.94;3660123831400
PROD-1411;Tablette Quantum;Électronique;1218.63;538;En stock;4.3;2024-02-03;5.14;3660123373553
PROD-1412;Mélangeur Apex;Maison & Cuisine;189.67;1120;En stock;4.6;2024-12-03;13.87;3660123795558
PROD-1413;Ordinateur Portable Quantum;Électronique;104.05;1154;En stock;4.8;2025-12-20;12.54;3660123946712
PROD-1414;Écouteurs Sans Fil Apex;Électronique;1235.37;1225;En stock;4.5;2024-03-23;13.32;3660123602028
PROD-1415;Mélangeur Elite;Maison & Cuisine;63.84;72;En stock;4.0;2024-08-18;9.79;3660123552476
PROD-1416;Haltères Nova;Sports & Loisirs;37.65;113;En stock;3.1;2026-03-11;12.19;3660123660134
PROD-1417;Parfum Elite;Beauté & Santé;891.83;37;Stock faible;4.1;2024-02-23;5.87;3660123495552
PROD-1418;Four à Micro-ondes Elite;Maison & Cuisine;560.61;282;En stock;3.2;2024-04-30;13.47;3660123485570
PROD-1419;Jeans Slim Zenith;Mode;573.11;118;En stock;3.5;2024-04-04;8.87;3660123338158
PROD-1420;Raquette de Tennis Vortex;Sports & Loisirs;69.05;30;Stock faible;4.7;2024-09-12;12.21;3660123180333
PROD-1421;Ordinateur Portable Quantum;Électronique;242.96;89;En stock;3.6;2025-09-08;9.86;3660123356108
PROD-1422;Jeans Slim Vortex;Mode;523.18;1346;En stock;3.2;2024-03-19;1.24;3660123670054
PROD-1423;Four à Micro-ondes Elite;Maison & Cuisine;958.42;731;En stock;4.8;2026-05-29;3.38;3660123847775
PROD-1424;Veste d'Hiver Vortex;Mode;387.55;1338;En stock;3.5;2026-07-03;4.09;3660123831666
PROD-1425;Sèche-Cheveux Apex;Beauté & Santé;457.15;841;En stock;4.4;2025-09-28;7.34;3660123182256
PROD-1426;Machine à Café Vortex;Maison & Cuisine;307.38;1132;En stock;3.4;2025-01-16;10.9;3660123926215
PROD-1427;Aspirateur Robot Nova;Maison & Cuisine;910.85;1331;En stock;4.5;2024-04-26;0.42;3660123976950
PROD-1428;Écouteurs Sans Fil Zenith;Électronique;768.82;615;En stock;4.7;2024-03-27;0.99;3660123996086
PROD-1429;Parfum Quantum;Beauté & Santé;34.3;783;En stock;3.8;2024-02-15;3.44;3660123497753
PROD-1430;Four à Micro-ondes Vortex;Maison & Cuisine;77.4;624;En stock;3.1;2026-02-20;5.28;3660123127254
PROD-1431;Crème Hydratante Zenith;Beauté & Santé;1055.2;1210;En stock;3.4;2024-01-29;5.18;3660123969520
PROD-1432;Parfum Quantum;Beauté & Santé;1019.56;116;En stock;4.6;2025-07-20;5.88;3660123856334
PROD-1433;Sac à Dos Quantum;Mode;556.74;1472;En stock;4.1;2025-06-15;3.98;3660123499812
PROD-1434;Vélo Tout Terrain Nova;Sports & Loisirs;1180.94;574;En stock;4.6;2024-10-07;1.37;3660123362073
PROD-1435;Crème Hydratante Zenith;Beauté & Santé;746.69;79;En stock;4.2;2025-01-05;4.1;3660123362682
PROD-1436;Sèche-Cheveux Apex;Beauté & Santé;405.88;1353;En stock;3.6;2024-09-27;12.73;3660123565367
PROD-1437;Tapis de Yoga Quantum;Sports & Loisirs;21.43;75;En stock;4.9;2025-05-06;9.6;3660123683646
PROD-1438;Four à Micro-ondes Apex;Maison & Cuisine;757.64;162;En stock;3.6;2025-09-16;8.32;3660123167154
PROD-1439;Vélo Tout Terrain Zenith;Sports & Loisirs;998.1;565;En stock;3.5;2025-05-21;2.0;3660123760957
PROD-1440;Machine à Café Vortex;Maison & Cuisine;856.2;476;En stock;3.2;2024-02-09;2.85;3660123631333
PROD-1441;Raquette de Tennis Zenith;Sports & Loisirs;64.11;1469;En stock;3.5;2026-01-01;14.88;3660123369950
PROD-1442;Montre Connectée Zenith;Électronique;707.16;91;En stock;4.2;2024-12-24;1.73;3660123631562
PROD-1443;Tapis de Yoga Vortex;Sports & Loisirs;109.9;417;En stock;3.7;2025-01-15;12.45;3660123814097
PROD-1444;Tapis de Yoga Elite;Sports & Loisirs;560.14;579;En stock;3.3;2024-11-30;9.14;3660123477788
PROD-1445;Chaussures de Sport Elite;Mode;493.37;602;En stock;4.2;2024-06-13;5.59;3660123405002
PROD-1446;Friteuse sans Huile Apex;Maison & Cuisine;147.03;433;En stock;4.6;2025-06-07;10.76;3660123878088
PROD-1447;Crème Hydratante Nova;Beauté & Santé;498.69;1193;En stock;3.1;2026-01-13;2.34;3660123899656
PROD-1448;Smartphone Nova;Électronique;739.36;1176;En stock;4.3;2026-01-21;6.33;3660123868654
PROD-1449;Tablette Apex;Électronique;793.15;1350;En stock;4.0;2025-03-27;4.82;3660123304497
PROD-1450;Crème Hydratante Nova;Beauté & Santé;433.99;741;En stock;3.5;2024-11-18;11.25;3660123221023
PROD-1451;Four à Micro-ondes Elite;Maison & Cuisine;1245.31;839;En stock;3.7;2024-12-26;8.45;3660123180157
PROD-1452;Chaussures de Sport Vortex;Mode;307.14;857;En stock;3.5;2026-04-27;12.42;3660123231366
PROD-1453;Brosse à Dents Électrique Quantum;Beauté & Santé;879.59;1363;En stock;3.3;2024-09-23;11.96;3660123458163
PROD-1454;T-shirt en Coton Apex;Mode;536.96;1034;En stock;5.0;2025-08-12;7.46;3660123910176
PROD-1455;Machine à Café Quantum;Maison & Cuisine;30.0;247;En stock;3.8;2026-02-22;8.36;3660123592684
PROD-1456;Ordinateur Portable Apex;Électronique;1085.67;49;Stock faible;4.4;2024-03-15;2.07;3660123655021
PROD-1457;Gourde Isotherme Zenith;Sports & Loisirs;174.4;1427;En stock;4.1;2025-12-30;4.47;3660123453169
PROD-1458;Sac à Dos Vortex;Mode;805.44;1479;En stock;3.1;2026-01-26;13.82;3660123570700
PROD-1459;Gourde Isotherme Elite;Sports & Loisirs;1086.89;592;En stock;4.5;2025-12-17;2.11;3660123292362
PROD-1460;Sèche-Cheveux Nova;Beauté & Santé;1165.31;1215;En stock;4.2;2025-11-21;9.78;3660123497803
PROD-1461;Chaussures de Sport Nova;Mode;666.17;1204;En stock;3.6;2026-03-02;1.54;3660123411792
PROD-1462;Haltères Apex;Sports & Loisirs;737.72;1075;En stock;4.2;2026-05-14;13.93;3660123399113
PROD-1463;Chaussures de Sport Zenith;Mode;986.91;293;En stock;3.1;2026-01-22;13.25;3660123866493
PROD-1464;Four à Micro-ondes Vortex;Maison & Cuisine;368.94;1260;En stock;3.6;2024-12-21;4.34;3660123224309
PROD-1465;Veste d'Hiver Quantum;Mode;576.19;346;En stock;3.6;2026-07-28;3.97;3660123735615
PROD-1466;Ordinateur Portable Elite;Électronique;369.42;196;En stock;3.4;2026-05-08;7.68;3660123277054
PROD-1467;Tablette Apex;Électronique;1248.21;1105;En stock;4.1;2024-07-18;0.2;3660123972944
PROD-1468;Écouteurs Sans Fil Nova;Électronique;373.56;1169;En stock;3.9;2025-03-31;7.86;3660123971406
PROD-1469;Haltères Apex;Sports & Loisirs;933.95;245;En stock;3.9;2025-03-18;7.45;3660123191083
PROD-1470;Mélangeur Elite;Maison & Cuisine;872.63;724;En stock;4.6;2026-02-01;11.92;3660123862693
PROD-1471;Écouteurs Sans Fil Nova;Électronique;664.1;565;En stock;3.9;2026-01-23;7.74;3660123914791
PROD-1472;Montre Connectée Elite;Électronique;416.09;78;En stock;3.9;2025-12-23;11.93;3660123432951
PROD-1473;Friteuse sans Huile Elite;Maison & Cuisine;1090.54;1282;En stock;3.1;2025-10-11;9.45;3660123357859
PROD-1474;Friteuse sans Huile Quantum;Maison & Cuisine;1135.02;450;En stock;4.3;2024-09-28;7.1;3660123608042
PROD-1475;Four à Micro-ondes Zenith;Maison & Cuisine;180.0;1300;En stock;4.8;2025-06-12;12.87;3660123885851
PROD-1476;Aspirateur Robot Quantum;Maison & Cuisine;96.76;1142;En stock;4.2;2025-12-28;2.75;3660123538471
PROD-1477;Sac à Dos Quantum;Mode;824.01;480;En stock;4.3;2025-05-10;8.0;3660123288811
PROD-1478;Jeans Slim Zenith;Mode;871.68;1003;En stock;4.6;2025-02-05;9.01;3660123669810
PROD-1479;Haltères Apex;Sports & Loisirs;292.41;588;En stock;3.8;2025-04-02;4.95;3660123794595
PROD-1480;Tapis de Yoga Nova;Sports & Loisirs;609.5;653;En stock;4.3;2024-12-21;10.48;3660123839056
PROD-1481;Four à Micro-ondes Quantum;Maison & Cuisine;785.36;1407;En stock;3.5;2024-10-24;4.09;3660123325555
PROD-1482;Tapis de Yoga Vortex;Sports & Loisirs;1005.61;535;En stock;4.3;2025-02-25;5.93;3660123563419
PROD-1483;Gourde Isotherme Zenith;Sports & Loisirs;1186.95;549;En stock;4.0;2024-08-12;5.16;3660123958285
PROD-1484;Écouteurs Sans Fil Quantum;Électronique;538.65;1172;En stock;4.8;2025-07-02;3.17;3660123755660
PROD-1485;Tablette Vortex;Électronique;435.28;1238;En stock;4.1;2026-01-09;0.41;3660123497607
PROD-1486;Montre Connectée Zenith;Électronique;1186.76;1132;En stock;3.1;2024-02-20;7.83;3660123479687
PROD-1487;Brosse à Dents Électrique Nova;Beauté & Santé;1091.2;810;En stock;4.7;2024-08-22;4.42;3660123269244
PROD-1488;Veste d'Hiver Quantum;Mode;288.13;509;En stock;4.9;2024-02-06;12.7;3660123891802
PROD-1489;Sèche-Cheveux Vortex;Beauté & Santé;523.33;993;En stock;3.1;2024-10-16;4.59;3660123341177
PROD-1490;Aspirateur Robot Zenith;Maison & Cuisine;977.38;773;En stock;4.3;2024-05-14;12.29;3660123383114
PROD-1491;Smartphone Apex;Électronique;660.81;1440;En stock;4.5;2025-03-01;0.4;3660123878727
PROD-1492;Brosse à Dents Électrique Apex;Beauté & Santé;959.27;801;En stock;3.4;2025-09-12;12.9;3660123922892
PROD-1493;Chaussures de Sport Vortex;Mode;969.08;618;En stock;3.5;2024-07-26;1.59;3660123787919
PROD-1494;Parfum Quantum;Beauté & Santé;385.69;190;En stock;3.4;2025-02-20;8.46;3660123606828
PROD-1495;Sac à Dos Vortex;Mode;325.54;35;Stock faible;5.0;2026-01-15;5.97;3660123490843
PROD-1496;Sèche-Cheveux Quantum;Beauté & Santé;299.03;50;En stock;3.8;2024-08-25;6.76;3660123599967
PROD-1497;Sèche-Cheveux Elite;Beauté & Santé;410.68;294;En stock;4.6;2024-03-26;1.52;3660123277477
PROD-1498;Four à Micro-ondes Vortex;Maison & Cuisine;332.45;289;En stock;3.8;2026-05-08;7.16;3660123858154
PROD-1499;Brosse à Dents Électrique Apex;Beauté & Santé;999.95;516;En stock;3.8;2026-01-28;5.13;3660123257928
PROD-1500;Écouteurs Sans Fil Elite;Électronique;739.24;832;En stock;4.7;2024-10-01;10.39;3660123891714
PROD-1501;Parfum Vortex;Beauté & Santé;654.75;1335;En stock;3.5;2025-04-17;10.66;3660123639420
PROD-1502;Sèche-Cheveux Apex;Beauté & Santé;559.15;158;En stock;3.8;2026-02-14;0.3;3660123645195
PROD-1503;Ordinateur Portable Nova;Électronique;574.5;232;En stock;3.1;2025-03-10;7.48;3660123756581
PROD-1504;Parfum Nova;Beauté & Santé;976.19;1120;En stock;3.8;2024-01-10;4.52;3660123556633
PROD-1505;Veste d'Hiver Vortex;Mode;425.87;761;En stock;4.1;2024-06-18;2.21;3660123648668
PROD-1506;Friteuse sans Huile Elite;Maison & Cuisine;488.91;1238;En stock;3.5;2025-04-18;3.24;3660123446215
PROD-1507;Machine à Café Vortex;Maison & Cuisine;932.45;970;En stock;3.0;2025-03-02;2.77;3660123593348
PROD-1508;Smartphone Zenith;Électronique;914.88;408;En stock;4.4;2025-07-04;6.93;3660123199315
PROD-1509;Tablette Quantum;Électronique;776.84;136;En stock;3.7;2025-07-26;13.26;3660123461714
PROD-1510;Ordinateur Portable Zenith;Électronique;376.59;872;En stock;4.2;2024-11-09;5.57;3660123904246
PROD-1511;Haltères Vortex;Sports & Loisirs;707.9;1350;En stock;3.4;2025-08-29;2.37;3660123866150
PROD-1512;Mélangeur Nova;Maison & Cuisine;349.18;209;En stock;3.3;2025-06-18;8.85;3660123903266
PROD-1513;Haltères Vortex;Sports & Loisirs;1005.84;1212;En stock;4.2;2026-04-06;11.09;3660123745804
PROD-1514;Vélo Tout Terrain Nova;Sports & Loisirs;13.44;474;En stock;5.0;2024-04-03;13.95;3660123744794
PROD-1515;Machine à Café Nova;Maison & Cuisine;623.34;0;Rupture de stock;3.6;2026-07-06;14.55;3660123243628
PROD-1516;Parfum Quantum;Beauté & Santé;867.64;669;En stock;3.6;2026-02-17;1.85;3660123687354
PROD-1517;Gourde Isotherme Quantum;Sports & Loisirs;921.05;727;En stock;3.6;2025-06-18;4.82;3660123181998
PROD-1518;Brosse à Dents Électrique Nova;Beauté & Santé;1229.67;568;En stock;4.4;2026-05-10;6.61;3660123563100
PROD-1519;Haltères Elite;Sports & Loisirs;165.1;891;En stock;4.3;2024-07-01;0.48;3660123483450
PROD-1520;Haltères Elite;Sports & Loisirs;557.05;1263;En stock;4.1;2026-07-31;14.1;3660123501035
PROD-1521;Jeans Slim Elite;Mode;1294.11;401;En stock;3.9;2025-06-22;3.0;3660123714663
PROD-1522;Veste d'Hiver Apex;Mode;1185.23;519;En stock;4.0;2024-01-14;9.14;3660123135156
PROD-1523;Chaussures de Sport Quantum;Mode;66.64;1424;En stock;4.4;2024-10-07;9.42;3660123699975
PROD-1524;Montre Connectée Quantum;Électronique;1296.42;1294;En stock;3.9;2024-06-26;7.15;3660123779003
PROD-1525;Sèche-Cheveux Apex;Beauté & Santé;486.69;1255;En stock;4.8;2024-06-05;10.61;3660123285501
PROD-1526;Aspirateur Robot Quantum;Maison & Cuisine;1085.93;244;En stock;3.1;2025-10-14;10.69;3660123429500
PROD-1527;Tablette Zenith;Électronique;1278.58;397;En stock;4.3;2026-01-25;0.35;3660123977944
PROD-1528;Jeans Slim Vortex;Mode;941.54;750;En stock;4.0;2025-11-11;6.11;3660123978409
PROD-1529;Smartphone Nova;Électronique;1074.3;1027;En stock;3.3;2024-09-30;1.35;3660123564937
PROD-1530;Écouteurs Sans Fil Vortex;Électronique;266.29;1035;En stock;3.8;2025-10-12;11.23;3660123978559
PROD-1531;Écouteurs Sans Fil Zenith;Électronique;733.11;241;En stock;3.7;2025-08-04;12.56;3660123190277
PROD-1532;Parfum Apex;Beauté & Santé;159.97;185;En stock;3.4;2024-03-29;2.87;3660123719864
PROD-1533;Ordinateur Portable Apex;Électronique;290.6;767;En stock;3.9;2026-06-17;10.89;3660123358717
PROD-1534;Jeans Slim Elite;Mode;985.01;271;En stock;3.6;2025-01-23;10.62;3660123286650
PROD-1535;Jeans Slim Vortex;Mode;417.04;462;En stock;4.7;2024-10-06;13.27;3660123285715
PROD-1536;Veste d'Hiver Elite;Mode;577.07;189;En stock;4.0;2025-08-15;5.52;3660123909889
PROD-1537;Parfum Elite;Beauté & Santé;896.27;349;En stock;3.1;2026-05-04;8.82;3660123263267
PROD-1538;Brosse à Dents Électrique Elite;Beauté & Santé;569.66;1323;En stock;4.6;2026-03-26;4.4;3660123458802
PROD-1539;Crème Hydratante Apex;Beauté & Santé;672.11;431;En stock;3.5;2025-04-23;3.99;3660123220898
PROD-1540;Brosse à Dents Électrique Quantum;Beauté & Santé;190.35;1201;En stock;3.6;2025-07-31;5.73;3660123716972
PROD-1541;Écouteurs Sans Fil Elite;Électronique;144.94;734;En stock;4.7;2024-01-09;2.47;3660123598593
PROD-1542;Veste d'Hiver Elite;Mode;1174.83;383;En stock;4.8;2024-11-09;2.52;3660123673338
PROD-1543;Aspirateur Robot Quantum;Maison & Cuisine;1053.89;934;En stock;4.2;2025-12-12;6.58;3660123518731
PROD-1544;Vélo Tout Terrain Zenith;Sports & Loisirs;943.14;1230;En stock;3.7;2025-11-25;6.08;3660123142078
PROD-1545;Friteuse sans Huile Apex;Maison & Cuisine;553.06;551;En stock;4.9;2025-02-14;8.94;3660123271993
PROD-1546;Brosse à Dents Électrique Zenith;Beauté & Santé;1153.7;1428;En stock;4.9;2024-07-22;14.28;3660123695578
PROD-1547;Machine à Café Elite;Maison & Cuisine;439.75;110;En stock;4.9;2024-11-12;11.91;3660123248332
PROD-1548;Chaussures de Sport Quantum;Mode;223.28;1;Stock faible;4.3;2024-07-24;13.26;3660123415917
PROD-1549;T-shirt en Coton Nova;Mode;314.67;416;En stock;3.9;2026-01-11;3.75;3660123817974
PROD-1550;Crème Hydratante Apex;Beauté & Santé;625.76;705;En stock;3.2;2025-07-17;10.33;3660123832723
PROD-1551;Four à Micro-ondes Elite;Maison & Cuisine;495.41;949;En stock;4.4;2026-02-20;13.76;3660123506400
PROD-1552;Mélangeur Nova;Maison & Cuisine;525.84;669;En stock;4.8;2026-04-19;10.15;3660123545217
PROD-1553;Parfum Vortex;Beauté & Santé;102.43;1000;En stock;4.3;2025-08-23;0.5;3660123738081
PROD-1554;Machine à Café Zenith;Maison & Cuisine;477.33;1026;En stock;4.6;2025-09-17;9.03;3660123517522
PROD-1555;Montre Connectée Nova;Électronique;188.11;384;En stock;3.1;2024-11-05;6.59;3660123456082
PROD-1556;Vélo Tout Terrain Quantum;Sports & Loisirs;204.45;637;En stock;3.8;2026-04-20;7.26;3660123373698
PROD-1557;Vélo Tout Terrain Nova;Sports & Loisirs;523.69;1059;En stock;4.7;2025-04-21;12.11;3660123463108
PROD-1558;Montre Connectée Quantum;Électronique;1046.57;25;Stock faible;3.3;2024-05-11;8.66;3660123502642
PROD-1559;Tapis de Yoga Quantum;Sports & Loisirs;853.41;1372;En stock;3.8;2026-02-28;0.91;3660123545625
PROD-1560;T-shirt en Coton Vortex;Mode;1051.18;922;En stock;4.0;2026-03-10;7.16;3660123451339
PROD-1561;Crème Hydratante Apex;Beauté & Santé;1023.28;868;En stock;4.1;2025-01-27;13.07;3660123183895
PROD-1562;Aspirateur Robot Zenith;Maison & Cuisine;1233.17;1449;En stock;4.2;2024-07-21;7.77;3660123744371
PROD-1563;Gourde Isotherme Apex;Sports & Loisirs;609.53;81;En stock;3.2;2025-05-16;6.96;3660123152505
PROD-1564;Crème Hydratante Zenith;Beauté & Santé;559.15;1382;En stock;3.6;2026-04-18;0.45;3660123380216
PROD-1565;Mélangeur Zenith;Maison & Cuisine;548.0;914;En stock;3.6;2025-10-13;0.63;3660123217108
PROD-1566;T-shirt en Coton Vortex;Mode;962.89;509;En stock;3.4;2025-07-01;1.51;3660123862091
PROD-1567;Four à Micro-ondes Quantum;Maison & Cuisine;1161.59;707;En stock;4.9;2025-12-06;9.3;3660123965674
PROD-1568;Parfum Apex;Beauté & Santé;108.72;763;En stock;3.1;2025-09-15;14.65;3660123768796
PROD-1569;Télévision 4K Vortex;Électronique;1274.53;161;En stock;3.7;2025-10-14;11.26;3660123543054
PROD-1570;Tapis de Yoga Nova;Sports & Loisirs;1235.95;526;En stock;4.4;2026-01-30;13.26;3660123977504
PROD-1571;Tapis de Yoga Nova;Sports & Loisirs;746.44;620;En stock;4.2;2025-07-06;12.83;3660123355592
PROD-1572;Écouteurs Sans Fil Vortex;Électronique;620.05;894;En stock;3.5;2025-12-06;11.7;3660123390302
PROD-1573;Sèche-Cheveux Vortex;Beauté & Santé;524.28;371;En stock;4.4;2024-10-06;0.18;3660123317198
PROD-1574;Télévision 4K Elite;Électronique;177.39;546;En stock;3.9;2026-03-20;14.64;3660123433614
PROD-1575;Ordinateur Portable Nova;Électronique;33.3;664;En stock;3.4;2025-09-18;4.39;3660123846621
PROD-1576;Parfum Vortex;Beauté & Santé;552.78;1219;En stock;3.7;2025-02-02;7.19;3660123684745
PROD-1577;Écouteurs Sans Fil Zenith;Électronique;422.33;910;En stock;3.3;2026-05-24;11.16;3660123320869
PROD-1578;Brosse à Dents Électrique Elite;Beauté & Santé;513.17;825;En stock;3.1;2026-05-22;8.61;3660123182427
PROD-1579;Raquette de Tennis Zenith;Sports & Loisirs;117.18;1084;En stock;3.7;2024-10-25;11.29;3660123573431
PROD-1580;Tapis de Yoga Nova;Sports & Loisirs;816.06;341;En stock;4.2;2025-08-01;6.53;3660123902097
PROD-1581;Écouteurs Sans Fil Vortex;Électronique;969.82;480;En stock;3.8;2025-07-04;2.06;3660123736613
PROD-1582;Smartphone Quantum;Électronique;291.6;226;En stock;4.1;2024-07-01;12.99;3660123904126
PROD-1583;Raquette de Tennis Quantum;Sports & Loisirs;464.1;445;En stock;3.8;2025-09-05;4.26;3660123907927
PROD-1584;T-shirt en Coton Elite;Mode;1151.33;1296;En stock;4.5;2024-11-21;7.58;3660123658375
PROD-1585;Vélo Tout Terrain Quantum;Sports & Loisirs;648.32;950;En stock;3.6;2026-08-04;6.8;3660123286255
PROD-1586;Haltères Apex;Sports & Loisirs;697.13;684;En stock;4.5;2025-11-02;2.67;3660123203099
PROD-1587;Raquette de Tennis Elite;Sports & Loisirs;549.34;856;En stock;3.8;2025-10-13;0.53;3660123335082
PROD-1588;Friteuse sans Huile Vortex;Maison & Cuisine;659.33;164;En stock;4.2;2026-01-19;6.19;3660123123942
PROD-1589;Sac à Dos Nova;Mode;224.72;1281;En stock;3.9;2024-04-03;14.28;3660123123823
PROD-1590;Parfum Vortex;Beauté & Santé;669.61;395;En stock;4.7;2024-06-14;6.92;3660123858183
PROD-1591;Machine à Café Quantum;Maison & Cuisine;1218.9;409;En stock;3.6;2024-10-27;1.07;3660123132390
PROD-1592;Friteuse sans Huile Quantum;Maison & Cuisine;602.35;1400;En stock;4.2;2024-09-04;11.97;3660123583819
PROD-1593;Sèche-Cheveux Vortex;Beauté & Santé;1090.85;326;En stock;3.5;2026-01-09;14.44;3660123107217
PROD-1594;Montre Connectée Elite;Électronique;534.18;1064;En stock;5.0;2026-06-01;5.84;3660123921079
PROD-1595;Haltères Elite;Sports & Loisirs;703.16;1465;En stock;4.6;2025-10-24;14.84;3660123849484
PROD-1596;Télévision 4K Quantum;Électronique;1077.79;122;En stock;3.6;2025-02-11;12.44;3660123860375
PROD-1597;Écouteurs Sans Fil Quantum;Électronique;934.44;1047;En stock;4.3;2025-03-26;6.49;3660123230083
PROD-1598;Ordinateur Portable Zenith;Électronique;987.73;1187;En stock;4.5;2024-04-24;10.86;3660123484265
PROD-1599;Haltères Nova;Sports & Loisirs;1187.73;988;En stock;3.4;2024-04-09;5.02;3660123827414
PROD-1600;Télévision 4K Elite;Électronique;644.12;501;En stock;4.5;2024-12-16;4.5;3660123566272
PROD-1601;Chaussures de Sport Elite;Mode;342.71;563;En stock;4.2;2026-02-18;2.19;3660123647125
PROD-1602;T-shirt en Coton Nova;Mode;1145.41;1154;En stock;3.7;2024-10-25;4.67;3660123850609
PROD-1603;Friteuse sans Huile Elite;Maison & Cuisine;403.11;1460;En stock;3.9;2024-10-28;2.4;3660123944311
PROD-1604;Machine à Café Vortex;Maison & Cuisine;387.1;786;En stock;3.5;2024-08-21;0.52;3660123321943
PROD-1605;Crème Hydratante Nova;Beauté & Santé;763.65;531;En stock;3.7;2025-06-04;11.21;3660123641922
PROD-1606;Gourde Isotherme Vortex;Sports & Loisirs;1171.0;704;En stock;4.3;2025-08-24;12.8;3660123429563
PROD-1607;Crème Hydratante Quantum;Beauté & Santé;1126.37;993;En stock;4.3;2026-06-10;7.93;3660123283906
PROD-1608;Gourde Isotherme Apex;Sports & Loisirs;872.67;132;En stock;3.7;2024-11-12;3.18;3660123257379
PROD-1609;Sac à Dos Elite;Mode;1028.15;1331;En stock;3.4;2025-05-25;6.94;3660123769658
PROD-1610;Montre Connectée Vortex;Électronique;1168.58;414;En stock;3.7;2024-02-03;6.04;3660123203641
PROD-1611;Sac à Dos Apex;Mode;360.19;1095;En stock;4.7;2025-07-04;13.1;3660123936677
PROD-1612;Télévision 4K Vortex;Électronique;684.59;501;En stock;3.5;2026-01-27;2.82;3660123782420
PROD-1613;Machine à Café Elite;Maison & Cuisine;935.41;363;En stock;3.1;2025-09-15;4.06;3660123390955
PROD-1614;Montre Connectée Nova;Électronique;956.0;130;En stock;4.8;2024-05-15;7.89;3660123163821
PROD-1615;Machine à Café Nova;Maison & Cuisine;765.51;1190;En stock;4.0;2024-04-10;8.1;3660123919370
PROD-1616;Écouteurs Sans Fil Elite;Électronique;104.23;979;En stock;3.2;2024-03-26;7.19;3660123204727
PROD-1617;Brosse à Dents Électrique Vortex;Beauté & Santé;638.52;1165;En stock;3.0;2025-03-16;12.93;3660123216941
PROD-1618;Vélo Tout Terrain Vortex;Sports & Loisirs;1049.43;1258;En stock;4.5;2024-01-01;3.85;3660123526947
PROD-1619;Crème Hydratante Quantum;Beauté & Santé;824.15;673;En stock;4.0;2025-06-10;4.33;3660123776624
PROD-1620;Veste d'Hiver Vortex;Mode;331.23;563;En stock;4.4;2025-05-30;4.7;3660123561419
PROD-1621;Ordinateur Portable Quantum;Électronique;18.4;1043;En stock;3.9;2024-06-16;2.76;3660123897376
PROD-1622;Haltères Apex;Sports & Loisirs;1203.62;907;En stock;3.7;2025-12-04;8.12;3660123291528
PROD-1623;Aspirateur Robot Nova;Maison & Cuisine;285.04;1027;En stock;3.6;2026-02-23;8.0;3660123207916
PROD-1624;Sac à Dos Nova;Mode;746.59;316;En stock;3.6;2024-07-15;11.52;3660123923982
PROD-1625;Machine à Café Vortex;Maison & Cuisine;864.73;666;En stock;4.9;2025-04-30;9.84;3660123927062
PROD-1626;Haltères Nova;Sports & Loisirs;1213.36;966;En stock;4.9;2026-05-04;4.62;3660123252029
PROD-1627;Veste d'Hiver Elite;Mode;466.56;645;En stock;3.9;2025-03-11;8.49;3660123899743
PROD-1628;Tapis de Yoga Quantum;Sports & Loisirs;81.34;837;En stock;3.7;2026-04-04;2.18;3660123579083
PROD-1629;T-shirt en Coton Elite;Mode;270.84;1355;En stock;4.4;2024-10-28;12.51;3660123124829
PROD-1630;Chaussures de Sport Quantum;Mode;430.12;1146;En stock;4.5;2026-03-27;3.3;3660123627374
PROD-1631;Haltères Apex;Sports & Loisirs;106.0;328;En stock;3.7;2025-05-06;14.13;3660123721742
PROD-1632;Tapis de Yoga Elite;Sports & Loisirs;513.17;1446;En stock;4.0;2024-10-13;14.81;3660123714585
PROD-1633;Tapis de Yoga Apex;Sports & Loisirs;82.38;701;En stock;3.6;2025-01-13;6.63;3660123398042
PROD-1634;Télévision 4K Nova;Électronique;1146.29;151;En stock;3.6;2026-03-04;11.01;3660123964352
PROD-1635;Machine à Café Vortex;Maison & Cuisine;395.51;409;En stock;4.1;2025-03-24;3.75;3660123700554
PROD-1636;Crème Hydratante Vortex;Beauté & Santé;695.02;596;En stock;4.4;2024-05-23;11.6;3660123171307
PROD-1637;Veste d'Hiver Quantum;Mode;973.97;439;En stock;3.4;2025-04-24;3.49;3660123479798
PROD-1638;Jeans Slim Elite;Mode;1263.15;530;En stock;3.5;2026-02-04;14.0;3660123247083
PROD-1639;Montre Connectée Quantum;Électronique;561.25;996;En stock;4.6;2026-05-01;7.97;3660123637145
PROD-1640;T-shirt en Coton Vortex;Mode;573.99;65;En stock;4.9;2026-06-13;11.99;3660123928519
PROD-1641;Parfum Zenith;Beauté & Santé;751.5;1299;En stock;3.1;2024-03-18;8.52;3660123685410
PROD-1642;Tablette Nova;Électronique;1040.17;179;En stock;4.1;2025-04-24;9.19;3660123300160
PROD-1643;Montre Connectée Quantum;Électronique;1064.89;953;En stock;3.9;2026-06-20;14.92;3660123259598
PROD-1644;T-shirt en Coton Nova;Mode;845.7;695;En stock;3.9;2026-03-10;10.42;3660123960050
PROD-1645;Tapis de Yoga Quantum;Sports & Loisirs;751.4;13;Stock faible;4.2;2025-02-03;0.38;3660123336170
PROD-1646;Chaussures de Sport Nova;Mode;343.91;456;En stock;4.2;2026-02-25;4.97;3660123579989
PROD-1647;Friteuse sans Huile Zenith;Maison & Cuisine;1162.27;1464;En stock;4.7;2024-06-05;2.91;3660123255486
PROD-1648;Mélangeur Nova;Maison & Cuisine;140.15;1092;En stock;4.2;2026-05-14;0.69;3660123233508
PROD-1649;Crème Hydratante Apex;Beauté & Santé;432.41;645;En stock;4.9;2025-11-04;3.21;3660123417644
PROD-1650;Four à Micro-ondes Zenith;Maison & Cuisine;310.53;444;En stock;4.5;2024-01-28;2.15;3660123560996
PROD-1651;Télévision 4K Apex;Électronique;582.69;427;En stock;3.8;2025-04-02;6.63;3660123308286
PROD-1652;Four à Micro-ondes Vortex;Maison & Cuisine;1060.69;190;En stock;4.9;2025-06-02;13.71;3660123859712
PROD-1653;Sèche-Cheveux Nova;Beauté & Santé;986.01;246;En stock;4.9;2026-01-28;9.11;3660123886099
PROD-1654;Chaussures de Sport Nova;Mode;281.31;185;En stock;4.6;2025-01-03;7.22;3660123633447
PROD-1655;Télévision 4K Apex;Électronique;19.35;860;En stock;3.8;2026-05-28;1.59;3660123477898
PROD-1656;T-shirt en Coton Quantum;Mode;1230.25;1335;En stock;3.6;2025-12-19;1.36;3660123774844
PROD-1657;Gourde Isotherme Apex;Sports & Loisirs;1237.18;562;En stock;4.5;2026-07-07;4.92;3660123247572
PROD-1658;Machine à Café Vortex;Maison & Cuisine;21.95;1062;En stock;3.3;2025-12-12;7.1;3660123140884
PROD-1659;Tablette Nova;Électronique;1127.58;1353;En stock;3.6;2025-09-24;6.28;3660123265132
PROD-1660;Vélo Tout Terrain Nova;Sports & Loisirs;1217.81;310;En stock;4.5;2026-04-09;10.06;3660123482801
PROD-1661;Ordinateur Portable Apex;Électronique;651.84;626;En stock;3.8;2025-01-17;13.64;3660123378062
PROD-1662;Crème Hydratante Apex;Beauté & Santé;1020.41;679;En stock;3.1;2025-04-26;0.61;3660123251352
PROD-1663;Tapis de Yoga Vortex;Sports & Loisirs;496.37;1225;En stock;4.4;2024-06-22;2.46;3660123115664
PROD-1664;Jeans Slim Apex;Mode;551.64;135;En stock;3.2;2025-05-02;7.02;3660123535239
PROD-1665;Parfum Nova;Beauté & Santé;1115.41;1304;En stock;3.0;2025-05-02;7.1;3660123369338
PROD-1666;Mélangeur Elite;Maison & Cuisine;706.57;1256;En stock;4.3;2024-04-08;7.22;3660123885088
PROD-1667;Brosse à Dents Électrique Nova;Beauté & Santé;292.9;265;En stock;4.6;2024-05-26;3.46;3660123186181
PROD-1668;Montre Connectée Quantum;Électronique;374.16;1259;En stock;3.2;2024-08-19;3.83;3660123865492
PROD-1669;Veste d'Hiver Elite;Mode;1266.39;1368;En stock;4.2;2025-06-13;8.7;3660123379682
PROD-1670;Mélangeur Quantum;Maison & Cuisine;493.44;297;En stock;4.2;2026-05-21;0.61;3660123938621
PROD-1671;Tapis de Yoga Nova;Sports & Loisirs;1273.58;29;Stock faible;3.3;2024-02-04;12.55;3660123349382
PROD-1672;Four à Micro-ondes Zenith;Maison & Cuisine;25.1;984;En stock;4.0;2024-12-18;2.9;3660123956675
PROD-1673;Parfum Quantum;Beauté & Santé;1290.57;928;En stock;4.2;2025-07-12;6.65;3660123881147
PROD-1674;Sac à Dos Zenith;Mode;445.05;381;En stock;3.5;2026-04-06;13.09;3660123909508
PROD-1675;Parfum Elite;Beauté & Santé;134.48;701;En stock;4.5;2024-09-26;1.04;3660123483172
PROD-1676;Tapis de Yoga Vortex;Sports & Loisirs;172.82;465;En stock;5.0;2026-04-29;1.76;3660123677204
PROD-1677;Jeans Slim Zenith;Mode;406.06;893;En stock;4.1;2024-03-25;14.5;3660123629241
PROD-1678;Four à Micro-ondes Vortex;Maison & Cuisine;261.38;1393;En stock;3.4;2024-01-18;3.06;3660123880765
PROD-1679;Sac à Dos Vortex;Mode;1016.11;1152;En stock;4.7;2025-06-21;0.8;3660123659054
PROD-1680;Sac à Dos Nova;Mode;904.86;1087;En stock;3.3;2024-06-11;1.59;3660123273681
PROD-1681;Brosse à Dents Électrique Elite;Beauté & Santé;206.14;1248;En stock;3.8;2024-07-26;4.25;3660123520345
PROD-1682;Chaussures de Sport Vortex;Mode;1263.88;975;En stock;3.9;2024-05-19;10.85;3660123414565
PROD-1683;Smartphone Zenith;Électronique;923.75;1368;En stock;3.6;2026-08-03;11.03;3660123722838
PROD-1684;Smartphone Quantum;Électronique;190.98;984;En stock;4.6;2026-02-21;14.58;3660123354240
PROD-1685;Vélo Tout Terrain Elite;Sports & Loisirs;550.51;1211;En stock;3.4;2026-05-04;5.32;3660123337298
PROD-1686;Jeans Slim Quantum;Mode;169.27;1199;En stock;4.9;2024-06-04;3.17;3660123249326
PROD-1687;Veste d'Hiver Apex;Mode;831.41;1066;En stock;3.6;2024-04-15;11.6;3660123727516
PROD-1688;Vélo Tout Terrain Elite;Sports & Loisirs;575.36;255;En stock;4.1;2025-09-16;6.87;3660123173822
PROD-1689;Veste d'Hiver Apex;Mode;502.13;523;En stock;3.2;2025-04-22;6.45;3660123276638
PROD-1690;Haltères Nova;Sports & Loisirs;684.45;181;En stock;5.0;2025-09-09;14.4;3660123480160
PROD-1691;Four à Micro-ondes Elite;Maison & Cuisine;1252.58;863;En stock;3.1;2024-04-17;12.99;3660123393814
PROD-1692;Veste d'Hiver Elite;Mode;665.08;859;En stock;4.3;2024-09-14;14.75;3660123187129
PROD-1693;Smartphone Elite;Électronique;1049.72;497;En stock;4.2;2024-08-14;8.91;3660123797962
PROD-1694;T-shirt en Coton Elite;Mode;639.33;1242;En stock;4.7;2025-01-19;9.14;3660123799984
PROD-1695;Tapis de Yoga Vortex;Sports & Loisirs;149.05;1316;En stock;4.9;2025-08-12;1.51;3660123901144
PROD-1696;Mélangeur Vortex;Maison & Cuisine;877.66;1236;En stock;3.8;2025-02-07;10.8;3660123141801
PROD-1697;Chaussures de Sport Quantum;Mode;749.6;1070;En stock;3.1;2025-02-12;12.22;3660123758629
PROD-1698;Tapis de Yoga Nova;Sports & Loisirs;741.33;49;Stock faible;4.3;2024-12-02;1.57;3660123532164
PROD-1699;Montre Connectée Quantum;Électronique;1105.75;519;En stock;3.7;2025-11-30;5.23;3660123360781
PROD-1700;Chaussures de Sport Apex;Mode;428.61;1431;En stock;5.0;2024-09-26;11.55;3660123268393
PROD-1701;Friteuse sans Huile Vortex;Maison & Cuisine;846.28;821;En stock;4.5;2026-03-10;12.25;3660123985752
PROD-1702;Tapis de Yoga Zenith;Sports & Loisirs;463.82;1102;En stock;4.5;2026-05-06;14.49;3660123431910
PROD-1703;T-shirt en Coton Elite;Mode;126.65;831;En stock;3.6;2025-05-24;9.63;3660123893315
PROD-1704;Vélo Tout Terrain Zenith;Sports & Loisirs;1114.2;994;En stock;3.7;2026-04-05;6.62;3660123479021
PROD-1705;Machine à Café Zenith;Maison & Cuisine;30.54;388;En stock;4.2;2026-07-19;7.64;3660123773508
PROD-1706;Crème Hydratante Vortex;Beauté & Santé;704.34;815;En stock;4.2;2024-03-18;3.06;3660123194940
PROD-1707;Parfum Zenith;Beauté & Santé;198.03;696;En stock;4.1;2025-02-10;2.08;3660123503953
PROD-1708;Montre Connectée Zenith;Électronique;801.3;168;En stock;3.6;2024-08-18;6.69;3660123142753
PROD-1709;Friteuse sans Huile Nova;Maison & Cuisine;871.09;560;En stock;3.1;2024-08-17;12.52;3660123329612
PROD-1710;Machine à Café Quantum;Maison & Cuisine;845.77;442;En stock;3.3;2024-10-30;3.73;3660123121783
PROD-1711;Parfum Quantum;Beauté & Santé;544.73;1128;En stock;5.0;2024-07-15;6.24;3660123989092
PROD-1712;Parfum Elite;Beauté & Santé;752.33;792;En stock;4.5;2025-12-24;11.97;3660123481649
PROD-1713;Chaussures de Sport Zenith;Mode;480.21;480;En stock;3.6;2024-12-31;1.25;3660123826871
PROD-1714;Mélangeur Elite;Maison & Cuisine;328.49;1102;En stock;4.2;2024-04-08;14.72;3660123922312
PROD-1715;Parfum Vortex;Beauté & Santé;414.39;1237;En stock;3.5;2024-12-22;10.79;3660123776295
PROD-1716;Brosse à Dents Électrique Quantum;Beauté & Santé;357.17;108;En stock;3.9;2025-03-24;7.51;3660123557372
PROD-1717;Ordinateur Portable Apex;Électronique;732.34;1144;En stock;4.3;2026-07-06;5.28;3660123840618
PROD-1718;Aspirateur Robot Elite;Maison & Cuisine;467.18;1472;En stock;3.6;2024-09-15;14.22;3660123863112
PROD-1719;Montre Connectée Vortex;Électronique;643.13;1442;En stock;4.5;2024-05-16;14.79;3660123325657
PROD-1720;Haltères Vortex;Sports & Loisirs;909.39;623;En stock;3.7;2025-08-06;12.0;3660123632629
PROD-1721;Vélo Tout Terrain Vortex;Sports & Loisirs;1274.42;1201;En stock;3.6;2024-01-07;14.57;3660123155544
PROD-1722;Sac à Dos Apex;Mode;1009.25;145;En stock;4.2;2025-06-26;6.26;3660123269038
PROD-1723;Machine à Café Vortex;Maison & Cuisine;1008.11;367;En stock;4.7;2024-01-31;9.78;3660123619018
PROD-1724;Écouteurs Sans Fil Apex;Électronique;131.46;826;En stock;4.1;2025-12-02;5.87;3660123527372
PROD-1725;Gourde Isotherme Nova;Sports & Loisirs;1102.96;374;En stock;3.2;2024-12-29;2.74;3660123551266
PROD-1726;Chaussures de Sport Apex;Mode;248.08;822;En stock;3.4;2024-12-25;14.79;3660123763756
PROD-1727;Écouteurs Sans Fil Quantum;Électronique;979.83;1072;En stock;3.5;2026-06-19;9.13;3660123684191
PROD-1728;Montre Connectée Zenith;Électronique;133.17;3;Stock faible;4.9;2025-06-25;0.29;3660123442737
PROD-1729;Haltères Apex;Sports & Loisirs;1042.04;1163;En stock;4.1;2026-05-29;1.13;3660123280767
PROD-1730;Friteuse sans Huile Quantum;Maison & Cuisine;244.49;447;En stock;5.0;2024-04-09;13.09;3660123262184
PROD-1731;Crème Hydratante Vortex;Beauté & Santé;238.23;902;En stock;4.4;2026-06-19;11.6;3660123631972
PROD-1732;Four à Micro-ondes Apex;Maison & Cuisine;812.48;1100;En stock;4.8;2026-03-23;14.12;3660123946415
PROD-1733;Veste d'Hiver Apex;Mode;460.27;369;En stock;4.2;2024-06-20;13.51;3660123621824
PROD-1734;Friteuse sans Huile Nova;Maison & Cuisine;1296.56;690;En stock;4.9;2026-08-08;9.91;3660123972174
PROD-1735;Gourde Isotherme Apex;Sports & Loisirs;872.62;134;En stock;3.7;2025-01-09;2.21;3660123957300
PROD-1736;Vélo Tout Terrain Quantum;Sports & Loisirs;63.64;120;En stock;4.8;2026-08-01;7.26;3660123984580
PROD-1737;Sèche-Cheveux Vortex;Beauté & Santé;127.32;1341;En stock;3.6;2025-06-23;8.49;3660123836316
PROD-1738;Parfum Vortex;Beauté & Santé;839.72;578;En stock;3.6;2025-04-03;11.48;3660123407189
PROD-1739;Gourde Isotherme Quantum;Sports & Loisirs;496.41;1004;En stock;3.0;2024-04-16;4.89;3660123607620
PROD-1740;Parfum Zenith;Beauté & Santé;651.91;588;En stock;4.5;2025-12-16;0.92;3660123971636
PROD-1741;Ordinateur Portable Apex;Électronique;406.17;1203;En stock;4.5;2025-08-07;8.19;3660123772066
PROD-1742;T-shirt en Coton Vortex;Mode;46.06;620;En stock;3.8;2024-12-26;14.47;3660123154982
PROD-1743;Raquette de Tennis Vortex;Sports & Loisirs;1105.48;1041;En stock;3.7;2025-12-16;0.77;3660123324912
PROD-1744;Télévision 4K Nova;Électronique;1161.13;1459;En stock;3.6;2026-01-01;3.13;3660123316779
PROD-1745;Sèche-Cheveux Apex;Beauté & Santé;1199.48;421;En stock;4.8;2024-04-29;13.87;3660123104968
PROD-1746;Mélangeur Nova;Maison & Cuisine;1283.33;467;En stock;3.7;2026-05-07;6.09;3660123263503
PROD-1747;Friteuse sans Huile Nova;Maison & Cuisine;812.07;528;En stock;4.8;2025-03-08;10.24;3660123844669
PROD-1748;Jeans Slim Elite;Mode;960.25;558;En stock;3.8;2024-01-11;6.3;3660123533732
PROD-1749;Haltères Nova;Sports & Loisirs;1063.56;999;En stock;3.5;2024-01-11;9.44;3660123514678
PROD-1750;Montre Connectée Quantum;Électronique;176.26;1412;En stock;3.4;2025-10-14;1.8;3660123266643
PROD-1751;Tapis de Yoga Nova;Sports & Loisirs;702.64;342;En stock;4.9;2024-09-19;14.33;3660123849756
PROD-1752;Haltères Vortex;Sports & Loisirs;379.5;1167;En stock;3.5;2026-02-18;1.88;3660123962849
PROD-1753;Aspirateur Robot Vortex;Maison & Cuisine;1101.92;411;En stock;3.3;2024-02-06;7.09;3660123214655
PROD-1754;Ordinateur Portable Apex;Électronique;1084.68;377;En stock;3.2;2025-12-11;12.12;3660123353495
PROD-1755;Raquette de Tennis Zenith;Sports & Loisirs;575.15;292;En stock;3.9;2026-02-26;0.71;3660123628083
PROD-1756;Machine à Café Elite;Maison & Cuisine;420.11;1164;En stock;3.0;2024-06-05;5.19;3660123362985
PROD-1757;Mélangeur Quantum;Maison & Cuisine;268.83;1319;En stock;3.1;2025-01-24;2.38;3660123405980
PROD-1758;Sèche-Cheveux Nova;Beauté & Santé;247.3;398;En stock;3.7;2026-01-08;6.64;3660123561929
PROD-1759;Ordinateur Portable Vortex;Électronique;691.83;1140;En stock;3.3;2025-07-14;14.47;3660123159468
PROD-1760;Montre Connectée Apex;Électronique;538.79;1094;En stock;3.0;2026-01-07;2.63;3660123437281
PROD-1761;T-shirt en Coton Nova;Mode;1172.95;1401;En stock;3.5;2025-01-25;0.15;3660123161255
PROD-1762;Raquette de Tennis Apex;Sports & Loisirs;1115.52;1286;En stock;3.1;2025-07-12;1.2;3660123780381
PROD-1763;Raquette de Tennis Elite;Sports & Loisirs;508.0;1404;En stock;4.2;2025-04-05;13.66;3660123349214
PROD-1764;Raquette de Tennis Zenith;Sports & Loisirs;455.23;1303;En stock;3.9;2026-07-30;13.49;3660123576287
PROD-1765;Crème Hydratante Nova;Beauté & Santé;196.28;1304;En stock;4.5;2025-02-01;14.99;3660123268104
PROD-1766;T-shirt en Coton Quantum;Mode;1049.02;294;En stock;3.1;2025-02-24;10.69;3660123667802
PROD-1767;Four à Micro-ondes Nova;Maison & Cuisine;1093.76;722;En stock;3.4;2025-02-19;6.37;3660123538017
PROD-1768;Gourde Isotherme Quantum;Sports & Loisirs;1238.55;949;En stock;3.7;2024-11-29;10.01;3660123239580
PROD-1769;Brosse à Dents Électrique Nova;Beauté & Santé;289.87;391;En stock;4.1;2026-06-13;10.97;3660123922215
PROD-1770;Crème Hydratante Quantum;Beauté & Santé;717.18;836;En stock;3.7;2024-11-10;3.28;3660123248196
PROD-1771;Tapis de Yoga Vortex;Sports & Loisirs;851.38;615;En stock;4.8;2026-03-04;13.06;3660123532136
PROD-1772;Ordinateur Portable Nova;Électronique;445.6;320;En stock;4.3;2025-06-13;6.53;3660123564498
PROD-1773;Montre Connectée Nova;Électronique;507.89;1366;En stock;3.3;2026-02-02;10.24;3660123906606
PROD-1774;Four à Micro-ondes Vortex;Maison & Cuisine;1018.59;405;En stock;3.3;2024-11-20;7.08;3660123874337
PROD-1775;Four à Micro-ondes Zenith;Maison & Cuisine;797.35;1254;En stock;4.1;2025-10-05;13.15;3660123809035
PROD-1776;Smartphone Apex;Électronique;37.68;108;En stock;3.7;2024-04-02;4.77;3660123474023
PROD-1777;Machine à Café Nova;Maison & Cuisine;406.74;135;En stock;3.7;2026-07-20;4.8;3660123968487
PROD-1778;Gourde Isotherme Zenith;Sports & Loisirs;917.64;593;En stock;3.6;2026-04-01;8.47;3660123259401
PROD-1779;Four à Micro-ondes Apex;Maison & Cuisine;696.66;1266;En stock;3.8;2025-07-29;8.33;3660123592377
PROD-1780;Jeans Slim Apex;Mode;866.38;300;En stock;4.8;2024-04-09;11.36;3660123242185
PROD-1781;Gourde Isotherme Quantum;Sports & Loisirs;625.17;40;Stock faible;4.2;2026-04-17;5.5;3660123562355
PROD-1782;Brosse à Dents Électrique Quantum;Beauté & Santé;1163.23;1007;En stock;4.9;2025-08-03;5.22;3660123456281
PROD-1783;Écouteurs Sans Fil Apex;Électronique;238.62;1278;En stock;3.6;2025-02-07;13.76;3660123216362
PROD-1784;Mélangeur Zenith;Maison & Cuisine;927.71;170;En stock;3.7;2026-03-29;7.47;3660123752069
PROD-1785;Parfum Nova;Beauté & Santé;481.12;517;En stock;3.4;2024-10-13;14.73;3660123124583
PROD-1786;Haltères Nova;Sports & Loisirs;77.08;489;En stock;4.4;2024-09-26;6.79;3660123553980
PROD-1787;T-shirt en Coton Zenith;Mode;977.49;1344;En stock;3.9;2024-03-23;5.06;3660123132897
PROD-1788;Friteuse sans Huile Apex;Maison & Cuisine;957.68;39;Stock faible;3.6;2024-07-23;13.58;3660123498476
PROD-1789;Tapis de Yoga Elite;Sports & Loisirs;876.75;1427;En stock;3.8;2025-01-10;12.07;3660123995092
PROD-1790;Gourde Isotherme Elite;Sports & Loisirs;451.34;709;En stock;4.4;2025-07-19;2.97;3660123395322
PROD-1791;T-shirt en Coton Quantum;Mode;1195.21;173;En stock;4.6;2026-07-24;4.85;3660123633506
PROD-1792;Smartphone Nova;Électronique;1050.02;219;En stock;3.5;2024-06-30;5.66;3660123261487
PROD-1793;Brosse à Dents Électrique Apex;Beauté & Santé;1124.15;19;Stock faible;4.4;2026-01-24;12.12;3660123747454
PROD-1794;Ordinateur Portable Vortex;Électronique;817.69;943;En stock;4.3;2024-12-04;11.81;3660123210973
PROD-1795;Sèche-Cheveux Apex;Beauté & Santé;918.34;408;En stock;4.8;2026-08-06;1.31;3660123196158
PROD-1796;Smartphone Quantum;Électronique;1031.14;477;En stock;3.4;2026-01-04;1.28;3660123435968
PROD-1797;Brosse à Dents Électrique Quantum;Beauté & Santé;1064.63;1450;En stock;5.0;2025-09-11;10.62;3660123592002
PROD-1798;Sac à Dos Apex;Mode;580.84;1039;En stock;3.0;2024-06-29;14.62;3660123376049
PROD-1799;Friteuse sans Huile Vortex;Maison & Cuisine;1264.8;1433;En stock;3.2;2026-02-18;1.23;3660123296134
PROD-1800;Jeans Slim Nova;Mode;519.11;1213;En stock;3.6;2025-02-26;7.65;3660123399266
PROD-1801;Four à Micro-ondes Zenith;Maison & Cuisine;1073.55;493;En stock;4.1;2025-11-01;13.37;3660123816734
PROD-1802;Veste d'Hiver Nova;Mode;93.39;128;En stock;4.0;2026-07-13;11.02;3660123749954
PROD-1803;Tapis de Yoga Elite;Sports & Loisirs;996.11;1466;En stock;3.9;2026-02-01;10.15;3660123433864
PROD-1804;Crème Hydratante Elite;Beauté & Santé;888.58;1388;En stock;4.9;2025-08-05;4.01;3660123980515
PROD-1805;Chaussures de Sport Zenith;Mode;967.42;983;En stock;3.7;2024-11-03;11.47;3660123428702
PROD-1806;Brosse à Dents Électrique Nova;Beauté & Santé;767.52;87;En stock;4.4;2025-02-23;7.03;3660123584064
PROD-1807;Chaussures de Sport Quantum;Mode;1130.59;951;En stock;3.9;2024-05-25;11.09;3660123504293
PROD-1808;Tapis de Yoga Nova;Sports & Loisirs;1026.85;781;En stock;5.0;2025-10-09;2.33;3660123483474
PROD-1809;Télévision 4K Elite;Électronique;1177.91;309;En stock;4.2;2024-07-07;3.33;3660123117185
PROD-1810;Gourde Isotherme Nova;Sports & Loisirs;359.44;405;En stock;3.0;2025-02-05;2.46;3660123970085
PROD-1811;Crème Hydratante Nova;Beauté & Santé;255.02;1242;En stock;4.4;2025-03-19;6.58;3660123992964
PROD-1812;Four à Micro-ondes Elite;Maison & Cuisine;87.08;217;En stock;3.1;2024-11-27;10.62;3660123737343
PROD-1813;Jeans Slim Nova;Mode;679.19;1012;En stock;4.6;2025-03-02;7.41;3660123422969
PROD-1814;Mélangeur Elite;Maison & Cuisine;410.68;1266;En stock;3.9;2024-05-04;9.03;3660123655364
PROD-1815;Veste d'Hiver Elite;Mode;491.62;1410;En stock;4.7;2025-01-13;8.52;3660123596524
PROD-1816;Smartphone Quantum;Électronique;487.3;504;En stock;3.4;2024-11-30;10.36;3660123427718
PROD-1817;Haltères Vortex;Sports & Loisirs;449.57;678;En stock;4.4;2026-07-12;1.99;3660123437466
PROD-1818;Brosse à Dents Électrique Elite;Beauté & Santé;774.75;485;En stock;4.6;2024-09-12;7.38;3660123592571
PROD-1819;Écouteurs Sans Fil Vortex;Électronique;1146.13;786;En stock;4.5;2025-09-30;4.89;3660123654943
PROD-1820;Gourde Isotherme Vortex;Sports & Loisirs;1171.55;1490;En stock;3.5;2025-04-05;5.9;3660123302565
PROD-1821;Jeans Slim Zenith;Mode;1103.62;120;En stock;3.9;2024-08-16;9.53;3660123443109
PROD-1822;Sac à Dos Quantum;Mode;734.81;558;En stock;4.9;2025-05-11;14.78;3660123734148
PROD-1823;Brosse à Dents Électrique Elite;Beauté & Santé;252.76;1223;En stock;4.2;2024-10-29;11.03;3660123871222
PROD-1824;Friteuse sans Huile Vortex;Maison & Cuisine;374.36;770;En stock;3.8;2026-04-18;12.81;3660123412661
PROD-1825;Jeans Slim Nova;Mode;391.96;59;En stock;4.3;2026-02-19;6.38;3660123486538
PROD-1826;Vélo Tout Terrain Quantum;Sports & Loisirs;817.39;1137;En stock;3.3;2025-03-30;11.4;3660123212978
PROD-1827;Chaussures de Sport Zenith;Mode;265.13;1242;En stock;3.9;2024-06-15;8.84;3660123438484
PROD-1828;Smartphone Apex;Électronique;1129.37;1131;En stock;4.0;2024-05-25;4.8;3660123855500
PROD-1829;Raquette de Tennis Apex;Sports & Loisirs;821.26;1323;En stock;3.6;2024-07-01;4.97;3660123976686
PROD-1830;Montre Connectée Zenith;Électronique;427.97;1164;En stock;3.1;2025-06-07;0.93;3660123852112
PROD-1831;Four à Micro-ondes Apex;Maison & Cuisine;1205.75;286;En stock;3.3;2025-06-19;2.53;3660123848529
PROD-1832;Aspirateur Robot Zenith;Maison & Cuisine;1264.28;692;En stock;3.2;2024-12-17;11.29;3660123616377
PROD-1833;Raquette de Tennis Apex;Sports & Loisirs;686.83;1314;En stock;4.6;2025-12-12;2.41;3660123962816
PROD-1834;Ordinateur Portable Quantum;Électronique;215.18;534;En stock;3.5;2024-02-27;9.71;3660123684774
PROD-1835;Smartphone Elite;Électronique;1097.32;461;En stock;4.0;2024-02-13;3.36;3660123343967
PROD-1836;Machine à Café Vortex;Maison & Cuisine;422.09;793;En stock;4.5;2025-11-17;6.0;3660123635032
PROD-1837;Chaussures de Sport Apex;Mode;873.83;1427;En stock;3.8;2024-03-10;0.7;3660123718312
PROD-1838;Ordinateur Portable Nova;Électronique;761.72;14;Stock faible;3.7;2024-03-23;8.77;3660123485999
PROD-1839;Brosse à Dents Électrique Quantum;Beauté & Santé;284.47;1098;En stock;3.0;2025-10-04;11.19;3660123395087
PROD-1840;Sac à Dos Zenith;Mode;669.02;327;En stock;4.7;2026-02-11;9.15;3660123450733
PROD-1841;Mélangeur Zenith;Maison & Cuisine;516.49;1332;En stock;3.6;2024-01-30;6.74;3660123783051
PROD-1842;Parfum Nova;Beauté & Santé;248.42;85;En stock;3.8;2024-04-19;11.17;3660123315569
PROD-1843;Friteuse sans Huile Elite;Maison & Cuisine;973.97;1412;En stock;4.3;2026-06-26;8.94;3660123418107
PROD-1844;Chaussures de Sport Apex;Mode;845.69;470;En stock;4.1;2026-06-24;12.67;3660123327337
PROD-1845;Sèche-Cheveux Zenith;Beauté & Santé;25.93;370;En stock;4.7;2024-07-30;7.54;3660123854914
PROD-1846;Haltères Quantum;Sports & Loisirs;1279.65;1232;En stock;4.5;2026-07-31;7.43;3660123688072
PROD-1847;Crème Hydratante Elite;Beauté & Santé;1115.98;508;En stock;3.2;2024-04-19;13.28;3660123994101
PROD-1848;Tablette Apex;Électronique;1115.73;561;En stock;4.9;2024-11-06;6.73;3660123864147
PROD-1849;Brosse à Dents Électrique Apex;Beauté & Santé;79.05;440;En stock;4.3;2025-03-09;11.15;3660123490931
PROD-1850;Écouteurs Sans Fil Quantum;Électronique;853.17;609;En stock;4.5;2026-07-09;1.89;3660123248728
PROD-1851;Chaussures de Sport Nova;Mode;165.21;1303;En stock;4.5;2025-11-29;11.91;3660123599651
PROD-1852;Aspirateur Robot Apex;Maison & Cuisine;121.05;480;En stock;3.9;2026-06-26;8.74;3660123684523
PROD-1853;Veste d'Hiver Apex;Mode;916.7;982;En stock;3.1;2025-12-09;2.38;3660123168322
PROD-1854;Gourde Isotherme Apex;Sports & Loisirs;57.93;885;En stock;4.7;2025-02-26;2.71;3660123113913
PROD-1855;Sèche-Cheveux Elite;Beauté & Santé;91.27;575;En stock;4.4;2026-01-06;7.24;3660123940896
PROD-1856;T-shirt en Coton Elite;Mode;360.82;385;En stock;3.5;2025-04-03;12.17;3660123781765
PROD-1857;Tablette Quantum;Électronique;731.03;1439;En stock;4.0;2024-08-25;10.76;3660123878594
PROD-1858;Écouteurs Sans Fil Zenith;Électronique;124.05;752;En stock;3.9;2025-04-28;8.21;3660123491399
PROD-1859;Sac à Dos Vortex;Mode;197.94;1309;En stock;3.7;2024-06-27;8.75;3660123490185
PROD-1860;Haltères Zenith;Sports & Loisirs;200.44;1377;En stock;4.5;2025-05-21;10.17;3660123527636
PROD-1861;Chaussures de Sport Apex;Mode;786.77;281;En stock;3.7;2025-01-02;9.72;3660123572665
PROD-1862;Brosse à Dents Électrique Apex;Beauté & Santé;453.05;1280;En stock;3.3;2024-12-15;8.15;3660123972428
PROD-1863;Friteuse sans Huile Nova;Maison & Cuisine;1270.62;421;En stock;4.6;2025-02-09;1.32;3660123539328
PROD-1864;Tablette Vortex;Électronique;64.14;212;En stock;4.2;2024-09-17;14.02;3660123796922
PROD-1865;Machine à Café Elite;Maison & Cuisine;925.57;685;En stock;4.0;2024-11-29;11.0;3660123935623
PROD-1866;Sac à Dos Quantum;Mode;684.82;804;En stock;3.4;2024-12-25;11.27;3660123821211
PROD-1867;Ordinateur Portable Elite;Électronique;840.62;318;En stock;4.7;2026-07-05;11.32;3660123850992
PROD-1868;Tablette Apex;Électronique;648.8;147;En stock;4.4;2024-11-09;3.7;3660123525847
PROD-1869;Jeans Slim Vortex;Mode;833.33;391;En stock;3.0;2024-02-01;4.51;3660123317146
PROD-1870;Aspirateur Robot Apex;Maison & Cuisine;336.92;243;En stock;3.8;2025-01-01;9.96;3660123111081
PROD-1871;Crème Hydratante Zenith;Beauté & Santé;510.18;426;En stock;3.6;2025-09-26;8.89;3660123601680
PROD-1872;Sèche-Cheveux Elite;Beauté & Santé;643.81;64;En stock;4.0;2024-12-25;0.56;3660123834665
PROD-1873;Gourde Isotherme Vortex;Sports & Loisirs;1003.02;865;En stock;4.4;2025-09-27;13.22;3660123818115
PROD-1874;Tapis de Yoga Quantum;Sports & Loisirs;59.88;998;En stock;4.5;2024-03-29;7.18;3660123670147
PROD-1875;Smartphone Nova;Électronique;944.31;1465;En stock;4.3;2024-04-06;6.87;3660123885438
PROD-1876;Jeans Slim Vortex;Mode;1279.35;70;En stock;3.6;2025-07-19;11.68;3660123996157
PROD-1877;Vélo Tout Terrain Vortex;Sports & Loisirs;539.67;21;Stock faible;4.4;2025-08-30;12.95;3660123918764
PROD-1878;Tablette Quantum;Électronique;99.13;371;En stock;3.9;2025-12-14;8.52;3660123940231
PROD-1879;Sèche-Cheveux Zenith;Beauté & Santé;765.49;1429;En stock;4.0;2024-06-27;13.54;3660123407641
PROD-1880;Aspirateur Robot Zenith;Maison & Cuisine;785.44;873;En stock;3.2;2024-06-07;14.53;3660123180552
PROD-1881;Four à Micro-ondes Quantum;Maison & Cuisine;331.26;793;En stock;4.6;2026-04-06;9.84;3660123285211
PROD-1882;Tapis de Yoga Zenith;Sports & Loisirs;245.64;696;En stock;4.7;2025-08-20;12.7;3660123339843
PROD-1883;Tapis de Yoga Apex;Sports & Loisirs;222.11;270;En stock;4.5;2025-09-11;8.49;3660123559378
PROD-1884;Haltères Elite;Sports & Loisirs;564.66;1450;En stock;4.1;2025-12-11;5.59;3660123669884
PROD-1885;Télévision 4K Quantum;Électronique;53.25;893;En stock;4.1;2025-03-08;1.1;3660123191480
PROD-1886;Veste d'Hiver Quantum;Mode;527.7;498;En stock;4.8;2026-06-15;2.15;3660123125280
PROD-1887;Aspirateur Robot Vortex;Maison & Cuisine;250.95;402;En stock;3.9;2025-07-13;5.66;3660123375782
PROD-1888;Tapis de Yoga Elite;Sports & Loisirs;249.3;846;En stock;3.2;2024-02-10;3.56;3660123254546
PROD-1889;Jeans Slim Elite;Mode;914.89;22;Stock faible;3.7;2025-06-06;11.84;3660123218229
PROD-1890;Crème Hydratante Vortex;Beauté & Santé;694.36;621;En stock;4.8;2024-05-20;4.86;3660123355512
PROD-1891;Vélo Tout Terrain Nova;Sports & Loisirs;866.6;979;En stock;4.0;2024-04-11;2.67;3660123679896
PROD-1892;Sèche-Cheveux Nova;Beauté & Santé;870.53;1044;En stock;3.3;2026-02-17;1.11;3660123638322
PROD-1893;Tablette Nova;Électronique;328.71;846;En stock;4.7;2025-01-05;14.07;3660123968195
PROD-1894;Chaussures de Sport Apex;Mode;980.55;87;En stock;4.7;2026-03-10;5.98;3660123301961
PROD-1895;Chaussures de Sport Quantum;Mode;792.29;460;En stock;4.5;2024-05-10;7.24;3660123928865
PROD-1896;Parfum Elite;Beauté & Santé;1134.7;1301;En stock;3.3;2025-09-05;7.87;3660123621282
PROD-1897;Télévision 4K Vortex;Électronique;49.87;135;En stock;4.1;2025-12-22;13.39;3660123252634
PROD-1898;Écouteurs Sans Fil Zenith;Électronique;517.3;951;En stock;4.3;2026-07-28;5.19;3660123976949
PROD-1899;Crème Hydratante Zenith;Beauté & Santé;1113.43;962;En stock;4.0;2025-01-30;11.39;3660123980287
PROD-1900;Brosse à Dents Électrique Quantum;Beauté & Santé;444.82;1416;En stock;4.0;2024-12-16;8.04;3660123746307
PROD-1901;Écouteurs Sans Fil Elite;Électronique;355.98;555;En stock;4.7;2025-08-31;7.75;3660123428258
PROD-1902;Jeans Slim Vortex;Mode;256.72;627;En stock;3.4;2024-12-09;7.81;3660123531530
PROD-1903;Veste d'Hiver Vortex;Mode;556.75;1349;En stock;3.4;2025-09-19;13.37;3660123246043
PROD-1904;Jeans Slim Elite;Mode;894.9;1459;En stock;4.1;2024-11-24;3.15;3660123585166
PROD-1905;Brosse à Dents Électrique Apex;Beauté & Santé;944.71;596;En stock;4.3;2024-07-29;9.01;3660123764214
PROD-1906;Jeans Slim Elite;Mode;1054.34;767;En stock;3.5;2025-05-10;10.78;3660123695789
PROD-1907;Raquette de Tennis Zenith;Sports & Loisirs;198.77;1241;En stock;3.1;2024-05-07;14.5;3660123952612
PROD-1908;Parfum Apex;Beauté & Santé;95.83;521;En stock;4.9;2025-04-10;14.03;3660123677392
PROD-1909;Crème Hydratante Vortex;Beauté & Santé;742.01;407;En stock;3.5;2025-03-13;9.46;3660123613340
PROD-1910;Sèche-Cheveux Quantum;Beauté & Santé;573.94;641;En stock;3.2;2024-07-04;1.93;3660123897048
PROD-1911;Smartphone Apex;Électronique;367.78;1123;En stock;4.1;2024-05-10;11.78;3660123879116
PROD-1912;Vélo Tout Terrain Apex;Sports & Loisirs;1159.78;1160;En stock;3.1;2024-04-24;5.13;3660123754688
PROD-1913;Veste d'Hiver Quantum;Mode;320.47;451;En stock;4.2;2025-08-07;11.3;3660123679459
PROD-1914;Jeans Slim Nova;Mode;39.6;1196;En stock;3.6;2024-08-13;2.66;3660123965200
PROD-1915;Vélo Tout Terrain Vortex;Sports & Loisirs;805.01;328;En stock;3.2;2026-01-28;9.25;3660123382831
PROD-1916;Tapis de Yoga Apex;Sports & Loisirs;327.58;832;En stock;3.4;2025-04-15;9.18;3660123281973
PROD-1917;Mélangeur Apex;Maison & Cuisine;14.08;1374;En stock;3.6;2025-08-16;12.93;3660123990859
PROD-1918;Gourde Isotherme Nova;Sports & Loisirs;309.5;167;En stock;3.8;2025-03-30;6.69;3660123875070
PROD-1919;Raquette de Tennis Quantum;Sports & Loisirs;39.69;556;En stock;3.4;2025-11-20;7.42;3660123927942
PROD-1920;Crème Hydratante Zenith;Beauté & Santé;36.71;1039;En stock;4.2;2026-05-08;6.69;3660123315450
PROD-1921;Jeans Slim Elite;Mode;109.78;1431;En stock;4.4;2024-06-21;11.84;3660123317192
PROD-1922;Mélangeur Zenith;Maison & Cuisine;532.57;509;En stock;4.4;2026-07-09;3.54;3660123729602
PROD-1923;Tapis de Yoga Elite;Sports & Loisirs;1216.48;499;En stock;4.3;2024-03-07;6.84;3660123938966
PROD-1924;Télévision 4K Vortex;Électronique;455.28;780;En stock;3.0;2025-03-22;10.89;3660123544740
PROD-1925;Télévision 4K Zenith;Électronique;459.21;551;En stock;3.7;2024-09-23;7.23;3660123276728
PROD-1926;Friteuse sans Huile Elite;Maison & Cuisine;677.14;1087;En stock;4.6;2026-05-16;0.64;3660123499973
PROD-1927;T-shirt en Coton Nova;Mode;126.05;325;En stock;3.2;2025-12-13;8.34;3660123362554
PROD-1928;Tablette Zenith;Électronique;594.49;600;En stock;3.3;2025-03-22;4.25;3660123295056
PROD-1929;Four à Micro-ondes Zenith;Maison & Cuisine;224.94;136;En stock;3.5;2024-04-04;9.35;3660123700424
PROD-1930;Mélangeur Vortex;Maison & Cuisine;616.61;866;En stock;4.8;2024-08-29;0.36;3660123304876
PROD-1931;Sèche-Cheveux Apex;Beauté & Santé;1006.95;551;En stock;4.6;2024-07-02;8.06;3660123916902
PROD-1932;Raquette de Tennis Zenith;Sports & Loisirs;942.93;312;En stock;4.1;2024-07-10;3.76;3660123109171
PROD-1933;Jeans Slim Zenith;Mode;672.08;42;Stock faible;4.0;2026-07-05;0.95;3660123241504
PROD-1934;Aspirateur Robot Quantum;Maison & Cuisine;211.11;270;En stock;3.5;2025-09-15;12.53;3660123701740
PROD-1935;Chaussures de Sport Nova;Mode;596.87;1454;En stock;3.2;2024-09-11;2.52;3660123735448
PROD-1936;Smartphone Quantum;Électronique;185.31;588;En stock;3.9;2026-03-29;7.4;3660123890897
PROD-1937;Raquette de Tennis Vortex;Sports & Loisirs;946.83;1075;En stock;3.9;2025-10-24;14.15;3660123471128
PROD-1938;Parfum Zenith;Beauté & Santé;685.27;834;En stock;3.3;2026-05-28;7.55;3660123943934
PROD-1939;Ordinateur Portable Apex;Électronique;783.73;752;En stock;4.7;2024-04-28;9.11;3660123532446
PROD-1940;Gourde Isotherme Zenith;Sports & Loisirs;491.96;644;En stock;4.0;2026-02-07;0.34;3660123556694
PROD-1941;Four à Micro-ondes Vortex;Maison & Cuisine;1029.77;286;En stock;4.3;2024-11-05;6.01;3660123249228
PROD-1942;Ordinateur Portable Quantum;Électronique;336.26;817;En stock;3.9;2025-04-21;5.64;3660123314635
PROD-1943;Vélo Tout Terrain Quantum;Sports & Loisirs;1247.9;502;En stock;4.9;2026-07-07;9.64;3660123206204
PROD-1944;Veste d'Hiver Apex;Mode;462.21;791;En stock;4.8;2026-06-12;6.56;3660123727296
PROD-1945;Veste d'Hiver Vortex;Mode;721.56;82;En stock;4.9;2026-06-08;12.72;3660123171046
PROD-1946;Veste d'Hiver Nova;Mode;410.33;1037;En stock;3.3;2024-04-13;2.27;3660123845647
PROD-1947;Crème Hydratante Apex;Beauté & Santé;41.83;447;En stock;4.3;2025-01-15;0.46;3660123523008
PROD-1948;Sac à Dos Quantum;Mode;457.52;668;En stock;3.6;2024-02-22;12.04;3660123714068
PROD-1949;Télévision 4K Quantum;Électronique;569.09;1052;En stock;3.1;2026-03-09;8.27;3660123885317
PROD-1950;Sèche-Cheveux Nova;Beauté & Santé;1213.49;773;En stock;3.7;2026-01-01;6.65;3660123857641
PROD-1951;Jeans Slim Nova;Mode;993.11;402;En stock;3.2;2025-01-28;4.21;3660123330935
PROD-1952;Smartphone Zenith;Électronique;25.62;272;En stock;3.4;2025-08-05;2.99;3660123938306
PROD-1953;Four à Micro-ondes Vortex;Maison & Cuisine;742.95;431;En stock;3.0;2024-03-08;2.53;3660123139280
PROD-1954;Chaussures de Sport Apex;Mode;292.62;339;En stock;4.8;2025-05-20;1.8;3660123801934
PROD-1955;Haltères Vortex;Sports & Loisirs;949.01;762;En stock;4.7;2024-09-21;8.7;3660123674541
PROD-1956;Veste d'Hiver Vortex;Mode;210.71;1396;En stock;4.7;2025-08-26;7.85;3660123392515
PROD-1957;Brosse à Dents Électrique Nova;Beauté & Santé;1061.25;888;En stock;4.0;2024-12-02;14.11;3660123415169
PROD-1958;Gourde Isotherme Apex;Sports & Loisirs;1238.2;615;En stock;4.6;2024-09-20;1.69;3660123255159
PROD-1959;Brosse à Dents Électrique Nova;Beauté & Santé;1146.15;509;En stock;3.9;2024-06-05;13.9;3660123831257
PROD-1960;Crème Hydratante Quantum;Beauté & Santé;967.85;858;En stock;4.1;2024-11-02;1.31;3660123270336
PROD-1961;Parfum Elite;Beauté & Santé;95.54;642;En stock;4.9;2024-02-28;6.59;3660123954653
PROD-1962;Vélo Tout Terrain Quantum;Sports & Loisirs;620.38;62;En stock;3.7;2025-01-14;1.86;3660123347130
PROD-1963;Gourde Isotherme Quantum;Sports & Loisirs;769.06;830;En stock;3.9;2024-08-28;4.37;3660123740231
PROD-1964;Mélangeur Nova;Maison & Cuisine;781.39;1215;En stock;3.8;2024-03-25;1.6;3660123186308
PROD-1965;Ordinateur Portable Vortex;Électronique;562.81;189;En stock;4.9;2026-03-23;12.14;3660123779445
PROD-1966;Aspirateur Robot Apex;Maison & Cuisine;617.85;66;En stock;3.3;2026-05-13;5.56;3660123818968
PROD-1967;Sac à Dos Apex;Mode;62.14;634;En stock;3.7;2024-02-09;14.95;3660123186345
PROD-1968;Tablette Apex;Électronique;1069.63;393;En stock;4.6;2026-07-07;5.92;3660123614179
PROD-1969;Écouteurs Sans Fil Vortex;Électronique;385.93;1077;En stock;3.1;2025-09-19;4.34;3660123168097
PROD-1970;Raquette de Tennis Zenith;Sports & Loisirs;213.03;1433;En stock;4.0;2025-05-23;9.14;3660123822502
PROD-1971;T-shirt en Coton Quantum;Mode;1109.27;1361;En stock;3.3;2025-04-29;12.17;3660123476178
PROD-1972;Crème Hydratante Zenith;Beauté & Santé;852.99;821;En stock;3.8;2024-08-28;11.93;3660123988272
PROD-1973;Veste d'Hiver Nova;Mode;320.47;304;En stock;4.4;2024-02-07;1.28;3660123716230
PROD-1974;Ordinateur Portable Apex;Électronique;1297.7;258;En stock;3.3;2024-03-16;4.31;3660123448890
PROD-1975;Sac à Dos Nova;Mode;937.04;891;En stock;3.8;2025-10-21;10.06;3660123804266
PROD-1976;Crème Hydratante Elite;Beauté & Santé;280.6;969;En stock;4.3;2025-01-07;2.43;3660123300790
PROD-1977;T-shirt en Coton Apex;Mode;50.47;516;En stock;3.8;2026-04-12;7.51;3660123790308
PROD-1978;Haltères Quantum;Sports & Loisirs;181.44;669;En stock;4.5;2025-12-25;6.39;3660123430079
PROD-1979;Brosse à Dents Électrique Apex;Beauté & Santé;1131.22;336;En stock;4.9;2025-03-01;1.49;3660123450807
PROD-1980;Aspirateur Robot Nova;Maison & Cuisine;319.62;1236;En stock;4.0;2024-10-11;13.62;3660123855797
PROD-1981;Four à Micro-ondes Apex;Maison & Cuisine;1004.4;1293;En stock;3.7;2024-12-17;12.02;3660123491143
PROD-1982;T-shirt en Coton Apex;Mode;632.8;1026;En stock;3.4;2024-05-31;5.05;3660123790660
PROD-1983;Crème Hydratante Vortex;Beauté & Santé;513.98;1082;En stock;5.0;2025-09-19;13.91;3660123306214
PROD-1984;Tapis de Yoga Quantum;Sports & Loisirs;1253.73;1210;En stock;4.1;2025-07-05;14.95;3660123578608
PROD-1985;Écouteurs Sans Fil Zenith;Électronique;33.1;1206;En stock;4.3;2026-03-21;1.04;3660123969849
PROD-1986;Gourde Isotherme Vortex;Sports & Loisirs;747.74;645;En stock;4.7;2024-08-16;6.79;3660123414869
PROD-1987;Ordinateur Portable Elite;Électronique;1176.64;520;En stock;3.8;2024-01-05;8.01;3660123142513
PROD-1988;Four à Micro-ondes Nova;Maison & Cuisine;522.09;880;En stock;3.1;2024-03-18;12.06;3660123386926
PROD-1989;Parfum Apex;Beauté & Santé;657.25;1500;En stock;4.6;2025-10-17;11.84;3660123906250
PROD-1990;Sèche-Cheveux Quantum;Beauté & Santé;1285.63;437;En stock;4.1;2025-07-19;4.38;3660123221500
PROD-1991;Four à Micro-ondes Vortex;Maison & Cuisine;946.17;362;En stock;4.1;2024-07-24;0.31;3660123550363
PROD-1992;Écouteurs Sans Fil Elite;Électronique;326.81;982;En stock;3.0;2024-05-12;13.97;3660123866526
PROD-1993;Jeans Slim Elite;Mode;387.08;526;En stock;3.8;2026-07-16;6.45;3660123864581
PROD-1994;Mélangeur Apex;Maison & Cuisine;996.96;591;En stock;3.6;2025-07-09;10.4;3660123770063
PROD-1995;Smartphone Nova;Électronique;1136.45;6;Stock faible;4.9;2024-03-08;11.7;3660123933016
PROD-1996;Jeans Slim Apex;Mode;996.71;691;En stock;3.2;2026-02-23;12.54;3660123660560
PROD-1997;Raquette de Tennis Apex;Sports & Loisirs;630.79;1258;En stock;3.6;2024-03-26;5.41;3660123196500
PROD-1998;Jeans Slim Quantum;Mode;1050.51;1116;En stock;4.9;2026-01-12;0.37;3660123750475
PROD-1999;Smartphone Nova;Électronique;198.09;328;En stock;4.0;2025-12-07;8.07;3660123601943
PROD-2000;T-shirt en Coton Zenith;Mode;1111.01;885;En stock;3.2;2025-06-08;11.66;3660123522009
PROD-2001;Machine à Café Nova;Maison & Cuisine;811.18;990;En stock;4.5;2026-02-04;10.49;3660123880823
PROD-2002;Four à Micro-ondes Vortex;Maison & Cuisine;1004.37;793;En stock;3.6;2025-01-12;3.07;3660123144003
PROD-2003;Télévision 4K Nova;Électronique;14.79;727;En stock;3.0;2025-11-11;14.02;3660123780228
PROD-2004;Chaussures de Sport Elite;Mode;1090.39;645;En stock;4.7;2024-03-28;2.1;3660123200639
PROD-2005;Sèche-Cheveux Vortex;Beauté & Santé;185.13;1012;En stock;4.1;2025-07-18;10.92;3660123457253
PROD-2006;Tablette Apex;Électronique;1024.12;1306;En stock;3.6;2024-11-15;8.1;3660123546316
PROD-2007;T-shirt en Coton Apex;Mode;80.83;614;En stock;4.3;2024-05-20;10.47;3660123955316
PROD-2008;Vélo Tout Terrain Zenith;Sports & Loisirs;448.51;843;En stock;5.0;2025-06-27;5.52;3660123622491
PROD-2009;Veste d'Hiver Quantum;Mode;39.31;583;En stock;3.7;2025-12-29;1.49;3660123244100
PROD-2010;Sèche-Cheveux Zenith;Beauté & Santé;156.24;541;En stock;4.5;2024-11-21;13.34;3660123291489
PROD-2011;Brosse à Dents Électrique Vortex;Beauté & Santé;1042.47;474;En stock;3.1;2024-11-14;12.64;3660123676935
PROD-2012;Sèche-Cheveux Elite;Beauté & Santé;718.12;1182;En stock;4.7;2025-07-13;4.53;3660123679198
PROD-2013;T-shirt en Coton Quantum;Mode;980.46;83;En stock;3.6;2026-06-18;6.36;3660123789855
PROD-2014;Veste d'Hiver Elite;Mode;77.14;140;En stock;3.2;2025-08-25;0.16;3660123600146
PROD-2015;Télévision 4K Zenith;Électronique;533.72;218;En stock;3.5;2025-08-28;14.1;3660123932681
PROD-2016;Aspirateur Robot Zenith;Maison & Cuisine;227.2;1328;En stock;4.8;2025-12-18;13.01;3660123761482
PROD-2017;Télévision 4K Nova;Électronique;950.08;259;En stock;3.3;2026-04-21;12.97;3660123634442
PROD-2018;Four à Micro-ondes Apex;Maison & Cuisine;889.01;559;En stock;4.2;2026-01-17;11.67;3660123296660
PROD-2019;Raquette de Tennis Nova;Sports & Loisirs;86.58;432;En stock;4.2;2025-02-01;2.97;3660123653418
PROD-2020;Veste d'Hiver Nova;Mode;531.82;1209;En stock;3.8;2025-08-15;4.39;3660123361127
PROD-2021;Sèche-Cheveux Elite;Beauté & Santé;552.08;1327;En stock;4.2;2024-01-02;14.67;3660123525244
PROD-2022;Brosse à Dents Électrique Elite;Beauté & Santé;336.28;262;En stock;4.2;2026-04-13;9.65;3660123225805
PROD-2023;Machine à Café Elite;Maison & Cuisine;61.86;511;En stock;4.5;2026-01-18;1.18;3660123513892
PROD-2024;Machine à Café Zenith;Maison & Cuisine;1247.62;1176;En stock;3.0;2024-08-03;10.79;3660123970287
PROD-2025;Télévision 4K Apex;Électronique;450.34;915;En stock;3.3;2026-01-11;9.75;3660123229230
PROD-2026;Veste d'Hiver Quantum;Mode;498.54;1062;En stock;4.4;2025-03-30;9.98;3660123999422
PROD-2027;Machine à Café Quantum;Maison & Cuisine;465.59;1363;En stock;4.7;2025-11-09;3.72;3660123612662
PROD-2028;Chaussures de Sport Apex;Mode;335.21;887;En stock;3.9;2024-03-03;11.74;3660123974187
PROD-2029;Montre Connectée Quantum;Électronique;686.31;417;En stock;3.8;2026-06-21;4.38;3660123397214
PROD-2030;Jeans Slim Quantum;Mode;1002.07;969;En stock;4.6;2025-06-26;1.07;3660123576503
PROD-2031;Veste d'Hiver Elite;Mode;299.36;411;En stock;4.4;2024-10-09;12.61;3660123509568
PROD-2032;Jeans Slim Quantum;Mode;294.52;273;En stock;3.0;2024-08-28;9.71;3660123503263
PROD-2033;Friteuse sans Huile Vortex;Maison & Cuisine;838.03;296;En stock;3.2;2026-01-08;5.63;3660123367188
PROD-2034;Écouteurs Sans Fil Elite;Électronique;676.25;635;En stock;4.5;2024-01-21;1.04;3660123212322
PROD-2035;Mélangeur Zenith;Maison & Cuisine;1054.52;1368;En stock;4.9;2026-05-26;9.24;3660123937806
PROD-2036;Brosse à Dents Électrique Elite;Beauté & Santé;651.17;1082;En stock;3.0;2024-01-21;4.98;3660123823137
PROD-2037;Parfum Vortex;Beauté & Santé;450.26;985;En stock;3.4;2024-04-21;11.02;3660123855898
PROD-2038;Haltères Elite;Sports & Loisirs;1047.92;1200;En stock;3.4;2025-02-15;10.08;3660123730794
PROD-2039;Crème Hydratante Apex;Beauté & Santé;500.09;1279;En stock;3.4;2024-09-07;4.94;3660123999464
PROD-2040;Veste d'Hiver Quantum;Mode;989.01;1090;En stock;3.7;2024-08-21;6.52;3660123689756
PROD-2041;Montre Connectée Apex;Électronique;143.11;280;En stock;3.5;2026-06-06;0.75;3660123589771
PROD-2042;Raquette de Tennis Elite;Sports & Loisirs;103.65;1394;En stock;5.0;2025-07-15;6.68;3660123242314
PROD-2043;Machine à Café Nova;Maison & Cuisine;488.42;74;En stock;3.5;2026-07-29;8.85;3660123226120
PROD-2044;Sac à Dos Quantum;Mode;1162.09;191;En stock;3.7;2024-08-30;9.22;3660123198052
PROD-2045;Sac à Dos Vortex;Mode;972.87;493;En stock;3.1;2025-12-06;4.23;3660123275151
PROD-2046;Télévision 4K Nova;Électronique;1036.47;677;En stock;3.2;2025-05-30;8.78;3660123703638
PROD-2047;T-shirt en Coton Quantum;Mode;908.32;730;En stock;4.5;2025-07-23;10.47;3660123128206
PROD-2048;Montre Connectée Vortex;Électronique;37.55;563;En stock;3.4;2026-04-22;2.44;3660123873298
PROD-2049;Montre Connectée Nova;Électronique;262.64;428;En stock;3.4;2024-10-29;6.97;3660123793802
PROD-2050;Vélo Tout Terrain Vortex;Sports & Loisirs;183.51;241;En stock;4.5;2026-01-11;3.14;3660123757594
PROD-2051;Chaussures de Sport Nova;Mode;897.4;325;En stock;3.9;2024-01-08;2.65;3660123136835
PROD-2052;Brosse à Dents Électrique Elite;Beauté & Santé;1097.34;860;En stock;3.2;2026-02-21;2.45;3660123176769
PROD-2053;Four à Micro-ondes Apex;Maison & Cuisine;570.65;1432;En stock;4.6;2024-09-29;10.73;3660123848392
PROD-2054;Crème Hydratante Quantum;Beauté & Santé;213.03;1217;En stock;4.1;2025-08-03;3.31;3660123570872
PROD-2055;Vélo Tout Terrain Vortex;Sports & Loisirs;1089.32;911;En stock;3.6;2024-09-23;9.13;3660123869040
PROD-2056;Ordinateur Portable Quantum;Électronique;391.23;1096;En stock;3.9;2024-04-03;13.13;3660123220950
PROD-2057;Aspirateur Robot Nova;Maison & Cuisine;960.72;1092;En stock;4.9;2024-04-25;8.44;3660123513775
PROD-2058;Brosse à Dents Électrique Apex;Beauté & Santé;678.15;1103;En stock;4.8;2026-03-29;1.98;3660123153223
PROD-2059;Sèche-Cheveux Nova;Beauté & Santé;705.3;171;En stock;3.7;2025-07-04;1.49;3660123373825
PROD-2060;Sac à Dos Nova;Mode;1078.25;90;En stock;3.9;2026-05-20;12.58;3660123246499
PROD-2061;Aspirateur Robot Vortex;Maison & Cuisine;200.68;905;En stock;3.1;2026-01-08;9.54;3660123184050
PROD-2062;Chaussures de Sport Nova;Mode;888.92;691;En stock;3.1;2026-02-22;0.27;3660123128648
PROD-2063;Montre Connectée Apex;Électronique;117.88;337;En stock;4.5;2026-04-07;9.59;3660123185000
PROD-2064;Montre Connectée Nova;Électronique;630.2;201;En stock;3.9;2026-07-04;8.13;3660123489587
PROD-2065;Montre Connectée Elite;Électronique;1259.54;52;En stock;4.4;2024-12-27;4.76;3660123804830
PROD-2066;Tablette Elite;Électronique;383.91;598;En stock;3.5;2024-03-28;8.23;3660123255130
PROD-2067;Parfum Zenith;Beauté & Santé;643.56;156;En stock;3.3;2026-04-24;11.47;3660123625772
PROD-2068;Sèche-Cheveux Zenith;Beauté & Santé;499.47;82;En stock;4.0;2025-04-23;0.49;3660123728318
PROD-2069;Smartphone Elite;Électronique;347.05;503;En stock;3.8;2025-10-13;5.19;3660123479025
PROD-2070;Crème Hydratante Vortex;Beauté & Santé;203.44;773;En stock;4.1;2024-08-29;6.25;3660123936449
PROD-2071;Sac à Dos Nova;Mode;1287.95;756;En stock;4.3;2025-01-09;4.72;3660123278505
PROD-2072;Parfum Elite;Beauté & Santé;64.01;1462;En stock;3.1;2025-04-26;0.89;3660123318016
PROD-2073;Four à Micro-ondes Vortex;Maison & Cuisine;1114.26;1143;En stock;3.9;2024-12-29;11.82;3660123117819
PROD-2074;Brosse à Dents Électrique Nova;Beauté & Santé;93.21;548;En stock;4.6;2026-08-08;1.92;3660123510702
PROD-2075;Sac à Dos Apex;Mode;1158.35;1083;En stock;4.5;2024-09-24;9.42;3660123371226
PROD-2076;Friteuse sans Huile Quantum;Maison & Cuisine;652.99;509;En stock;4.0;2025-01-22;10.8;3660123296800
PROD-2077;Sèche-Cheveux Quantum;Beauté & Santé;355.45;317;En stock;4.3;2024-05-24;10.48;3660123749146
PROD-2078;Jeans Slim Vortex;Mode;747.12;1371;En stock;4.3;2024-11-10;6.17;3660123266296
PROD-2079;Ordinateur Portable Quantum;Électronique;985.85;267;En stock;3.7;2026-01-12;12.69;3660123551819
PROD-2080;Aspirateur Robot Zenith;Maison & Cuisine;1249.39;515;En stock;3.2;2026-06-13;0.71;3660123509137
PROD-2081;Chaussures de Sport Nova;Mode;467.52;765;En stock;4.5;2026-06-06;13.11;3660123295652
PROD-2082;Vélo Tout Terrain Elite;Sports & Loisirs;881.71;696;En stock;4.1;2024-07-10;4.48;3660123864670
PROD-2083;Montre Connectée Apex;Électronique;616.07;630;En stock;3.8;2024-10-13;12.96;3660123637898
PROD-2084;Sèche-Cheveux Nova;Beauté & Santé;952.7;754;En stock;3.5;2025-12-15;7.56;3660123287123
PROD-2085;Veste d'Hiver Elite;Mode;1264.48;953;En stock;4.2;2025-12-14;1.02;3660123821690
PROD-2086;T-shirt en Coton Zenith;Mode;896.0;117;En stock;5.0;2024-10-25;3.66;3660123326632
PROD-2087;Mélangeur Nova;Maison & Cuisine;1078.79;527;En stock;4.2;2026-06-23;10.66;3660123513893
PROD-2088;Machine à Café Apex;Maison & Cuisine;126.16;1456;En stock;4.2;2025-06-22;7.05;3660123925620
PROD-2089;Tablette Apex;Électronique;792.32;406;En stock;3.5;2024-04-03;9.5;3660123307607
PROD-2090;Vélo Tout Terrain Nova;Sports & Loisirs;532.43;661;En stock;5.0;2024-02-10;13.25;3660123996336
PROD-2091;Montre Connectée Apex;Électronique;1243.5;1253;En stock;4.5;2025-05-23;11.4;3660123443346
PROD-2092;Tapis de Yoga Quantum;Sports & Loisirs;1249.34;833;En stock;4.6;2026-01-07;12.97;3660123108789
PROD-2093;Ordinateur Portable Nova;Électronique;1068.24;60;En stock;4.2;2024-12-08;11.7;3660123217455
PROD-2094;Brosse à Dents Électrique Vortex;Beauté & Santé;685.78;26;Stock faible;3.5;2025-01-21;5.07;3660123767768
PROD-2095;Haltères Elite;Sports & Loisirs;375.9;1220;En stock;3.2;2026-01-12;13.63;3660123103223
PROD-2096;Brosse à Dents Électrique Quantum;Beauté & Santé;484.59;708;En stock;3.3;2024-02-29;1.24;3660123733016
PROD-2097;Smartphone Vortex;Électronique;834.67;1177;En stock;3.6;2025-07-06;4.45;3660123342587
PROD-2098;Raquette de Tennis Quantum;Sports & Loisirs;452.4;54;En stock;4.2;2026-02-13;14.95;3660123304163
PROD-2099;Machine à Café Nova;Maison & Cuisine;792.46;1035;En stock;3.3;2024-09-02;6.82;3660123451473
PROD-2100;Chaussures de Sport Apex;Mode;128.96;74;En stock;4.4;2026-05-27;10.99;3660123236369
PROD-2101;Parfum Elite;Beauté & Santé;65.27;751;En stock;4.3;2026-03-07;11.9;3660123349192
PROD-2102;Gourde Isotherme Quantum;Sports & Loisirs;571.62;94;En stock;4.0;2024-04-08;1.84;3660123235042
PROD-2103;Tapis de Yoga Apex;Sports & Loisirs;1227.55;113;En stock;4.0;2024-07-27;5.48;3660123517155
PROD-2104;Sèche-Cheveux Apex;Beauté & Santé;508.3;1402;En stock;3.9;2024-11-24;14.11;3660123323193
PROD-2105;Ordinateur Portable Nova;Électronique;337.68;697;En stock;3.7;2026-04-17;6.5;3660123677022
PROD-2106;Four à Micro-ondes Vortex;Maison & Cuisine;150.31;1282;En stock;4.7;2025-03-10;11.47;3660123775441
PROD-2107;Friteuse sans Huile Nova;Maison & Cuisine;1279.25;540;En stock;3.6;2024-02-11;1.83;3660123418773
PROD-2108;Sèche-Cheveux Vortex;Beauté & Santé;1280.83;397;En stock;3.7;2024-08-31;7.21;3660123799512
PROD-2109;Brosse à Dents Électrique Quantum;Beauté & Santé;69.49;478;En stock;4.3;2025-09-21;10.89;3660123155994
PROD-2110;Montre Connectée Zenith;Électronique;592.47;1421;En stock;3.0;2026-04-21;0.81;3660123486130
PROD-2111;Sèche-Cheveux Zenith;Beauté & Santé;378.63;372;En stock;4.9;2026-01-01;14.93;3660123367642
PROD-2112;Brosse à Dents Électrique Quantum;Beauté & Santé;985.51;1446;En stock;4.1;2025-10-02;6.37;3660123754818
PROD-2113;Parfum Elite;Beauté & Santé;392.36;1131;En stock;4.3;2026-02-16;9.04;3660123865206
PROD-2114;Tapis de Yoga Vortex;Sports & Loisirs;391.25;1096;En stock;4.6;2025-08-16;5.82;3660123696389
PROD-2115;Machine à Café Zenith;Maison & Cuisine;739.28;602;En stock;3.0;2025-05-27;13.32;3660123697144
PROD-2116;Brosse à Dents Électrique Nova;Beauté & Santé;1158.79;221;En stock;3.4;2026-03-10;12.13;3660123333861
PROD-2117;Jeans Slim Quantum;Mode;531.42;1146;En stock;4.9;2024-02-26;6.18;3660123833665
PROD-2118;Tablette Quantum;Électronique;209.94;1311;En stock;3.2;2026-02-21;6.32;3660123132002
PROD-2119;Vélo Tout Terrain Elite;Sports & Loisirs;288.51;1150;En stock;4.9;2026-01-11;3.5;3660123736203
PROD-2120;Mélangeur Elite;Maison & Cuisine;864.67;740;En stock;4.3;2026-07-09;14.26;3660123245251
PROD-2121;Sèche-Cheveux Zenith;Beauté & Santé;1078.13;705;En stock;4.9;2026-06-27;9.99;3660123249376
PROD-2122;Parfum Zenith;Beauté & Santé;48.61;301;En stock;3.8;2026-02-20;5.44;3660123809418
PROD-2123;Four à Micro-ondes Elite;Maison & Cuisine;353.18;1127;En stock;3.8;2025-01-22;5.24;3660123760972
PROD-2124;Ordinateur Portable Apex;Électronique;734.7;872;En stock;3.2;2026-04-30;10.32;3660123252795
PROD-2125;Friteuse sans Huile Zenith;Maison & Cuisine;747.23;246;En stock;3.5;2024-07-15;11.68;3660123518036
PROD-2126;Brosse à Dents Électrique Nova;Beauté & Santé;768.01;636;En stock;4.7;2024-10-05;9.43;3660123142532
PROD-2127;Ordinateur Portable Quantum;Électronique;980.5;2;Stock faible;3.0;2026-05-22;7.76;3660123729557
PROD-2128;Gourde Isotherme Apex;Sports & Loisirs;1297.98;239;En stock;4.7;2026-02-20;5.87;3660123311873
PROD-2129;Smartphone Elite;Électronique;259.39;1253;En stock;3.7;2026-04-23;12.83;3660123150243
PROD-2130;Télévision 4K Vortex;Électronique;82.21;1327;En stock;3.6;2024-10-27;9.48;3660123176716
PROD-2131;T-shirt en Coton Quantum;Mode;536.04;362;En stock;4.7;2025-06-18;3.02;3660123710756
PROD-2132;Gourde Isotherme Elite;Sports & Loisirs;195.3;1494;En stock;3.7;2025-10-14;4.27;3660123117634
PROD-2133;Gourde Isotherme Quantum;Sports & Loisirs;782.49;800;En stock;3.3;2026-01-01;14.15;3660123246518
PROD-2134;Gourde Isotherme Elite;Sports & Loisirs;177.73;280;En stock;3.7;2025-07-22;12.0;3660123882094
PROD-2135;Gourde Isotherme Quantum;Sports & Loisirs;1200.78;329;En stock;4.1;2025-09-08;1.1;3660123915519
PROD-2136;T-shirt en Coton Quantum;Mode;1218.17;1381;En stock;4.1;2024-03-09;14.56;3660123308078
PROD-2137;Four à Micro-ondes Nova;Maison & Cuisine;125.04;271;En stock;4.9;2024-11-17;5.43;3660123279567
PROD-2138;Mélangeur Quantum;Maison & Cuisine;150.23;1115;En stock;4.9;2025-04-20;0.26;3660123990813
PROD-2139;Aspirateur Robot Apex;Maison & Cuisine;787.77;0;Rupture de stock;3.8;2024-08-12;11.28;3660123349532
PROD-2140;Crème Hydratante Nova;Beauté & Santé;613.36;1118;En stock;4.1;2024-12-19;5.7;3660123299635
PROD-2141;Four à Micro-ondes Apex;Maison & Cuisine;1159.9;1116;En stock;3.6;2024-09-27;8.93;3660123861252
PROD-2142;Friteuse sans Huile Zenith;Maison & Cuisine;71.63;810;En stock;3.6;2024-02-14;14.6;3660123199107
PROD-2143;Haltères Zenith;Sports & Loisirs;1293.45;484;En stock;3.9;2025-11-29;3.83;3660123206551
PROD-2144;Gourde Isotherme Vortex;Sports & Loisirs;149.67;290;En stock;4.8;2026-01-28;11.88;3660123799689
PROD-2145;Brosse à Dents Électrique Nova;Beauté & Santé;106.97;330;En stock;4.3;2026-06-18;7.42;3660123960498
PROD-2146;Brosse à Dents Électrique Apex;Beauté & Santé;820.45;534;En stock;4.0;2025-03-05;2.66;3660123672653
PROD-2147;Chaussures de Sport Elite;Mode;895.94;896;En stock;3.5;2025-03-12;13.01;3660123342880
PROD-2148;Brosse à Dents Électrique Apex;Beauté & Santé;1104.01;362;En stock;4.1;2024-11-22;6.19;3660123454912
PROD-2149;Friteuse sans Huile Quantum;Maison & Cuisine;1248.09;46;Stock faible;4.0;2025-12-20;8.87;3660123854117
PROD-2150;Gourde Isotherme Elite;Sports & Loisirs;1205.96;243;En stock;3.9;2025-12-17;1.01;3660123620580
PROD-2151;Four à Micro-ondes Vortex;Maison & Cuisine;1016.04;300;En stock;4.7;2024-01-16;5.54;3660123102360
PROD-2152;Raquette de Tennis Nova;Sports & Loisirs;118.8;350;En stock;3.4;2025-10-06;5.3;3660123806617
PROD-2153;Aspirateur Robot Quantum;Maison & Cuisine;885.57;1350;En stock;3.7;2026-03-06;5.09;3660123569009
PROD-2154;Montre Connectée Zenith;Électronique;532.36;307;En stock;4.5;2025-06-19;9.8;3660123282677
PROD-2155;Tablette Nova;Électronique;432.33;814;En stock;4.9;2026-02-12;8.95;3660123141350
PROD-2156;Crème Hydratante Nova;Beauté & Santé;564.64;1247;En stock;4.1;2026-03-13;8.25;3660123116951
PROD-2157;Machine à Café Apex;Maison & Cuisine;1107.62;69;En stock;4.9;2025-12-09;10.97;3660123794486
PROD-2158;Parfum Elite;Beauté & Santé;781.7;1416;En stock;3.5;2024-10-25;9.76;3660123412619
PROD-2159;Crème Hydratante Elite;Beauté & Santé;796.54;1133;En stock;4.3;2025-10-24;1.35;3660123463624
PROD-2160;Raquette de Tennis Vortex;Sports & Loisirs;600.66;73;En stock;4.4;2025-03-27;1.47;3660123287739
PROD-2161;Friteuse sans Huile Quantum;Maison & Cuisine;587.37;978;En stock;3.4;2026-02-26;14.58;3660123295833
PROD-2162;Tablette Quantum;Électronique;364.61;159;En stock;4.9;2024-03-06;10.82;3660123795931
PROD-2163;Gourde Isotherme Vortex;Sports & Loisirs;696.52;787;En stock;4.1;2026-05-27;9.39;3660123557666
PROD-2164;Parfum Elite;Beauté & Santé;1100.7;265;En stock;3.6;2025-08-13;3.02;3660123886185
PROD-2165;Montre Connectée Vortex;Électronique;420.54;1073;En stock;3.0;2025-10-20;2.87;3660123755569
PROD-2166;Mélangeur Apex;Maison & Cuisine;907.19;61;En stock;4.3;2026-06-07;5.47;3660123509106
PROD-2167;Raquette de Tennis Zenith;Sports & Loisirs;894.43;1165;En stock;3.1;2025-11-20;1.96;3660123393178
PROD-2168;Brosse à Dents Électrique Elite;Beauté & Santé;451.98;767;En stock;3.5;2024-07-05;14.02;3660123512272
PROD-2169;Raquette de Tennis Quantum;Sports & Loisirs;262.97;722;En stock;4.7;2025-09-18;4.48;3660123769307
PROD-2170;Machine à Café Elite;Maison & Cuisine;697.18;1179;En stock;4.7;2026-03-19;5.93;3660123332990
PROD-2171;Friteuse sans Huile Vortex;Maison & Cuisine;1215.54;696;En stock;3.8;2024-09-23;1.29;3660123813586
PROD-2172;Jeans Slim Vortex;Mode;992.32;1479;En stock;5.0;2025-05-09;2.75;3660123460029
PROD-2173;Vélo Tout Terrain Vortex;Sports & Loisirs;231.69;1206;En stock;3.4;2025-12-12;3.41;3660123655473
PROD-2174;Crème Hydratante Apex;Beauté & Santé;298.37;1033;En stock;3.2;2025-12-28;5.93;3660123483573
PROD-2175;Montre Connectée Quantum;Électronique;679.42;791;En stock;4.9;2025-07-26;4.93;3660123739509
PROD-2176;Chaussures de Sport Elite;Mode;380.61;535;En stock;3.4;2024-07-17;4.67;3660123753451
PROD-2177;Montre Connectée Vortex;Électronique;1073.37;152;En stock;4.9;2024-04-25;13.72;3660123728098
PROD-2178;Vélo Tout Terrain Apex;Sports & Loisirs;266.89;1443;En stock;3.7;2024-08-29;4.11;3660123139521
PROD-2179;Écouteurs Sans Fil Nova;Électronique;518.93;180;En stock;3.7;2025-04-09;1.7;3660123967800
PROD-2180;Jeans Slim Apex;Mode;289.4;355;En stock;3.7;2026-06-26;3.3;3660123539860
PROD-2181;Raquette de Tennis Apex;Sports & Loisirs;317.2;872;En stock;3.9;2024-11-20;0.78;3660123750925
PROD-2182;Jeans Slim Elite;Mode;1124.88;223;En stock;3.6;2026-02-27;11.91;3660123136901
PROD-2183;Jeans Slim Quantum;Mode;503.97;1083;En stock;4.9;2024-05-04;10.47;3660123649161
PROD-2184;Raquette de Tennis Apex;Sports & Loisirs;790.53;269;En stock;4.5;2024-01-07;4.15;3660123236079
PROD-2185;Friteuse sans Huile Vortex;Maison & Cuisine;729.56;713;En stock;3.8;2026-06-30;2.14;3660123446966
PROD-2186;Parfum Quantum;Beauté & Santé;85.29;664;En stock;4.7;2025-08-20;7.65;3660123930782
PROD-2187;Raquette de Tennis Quantum;Sports & Loisirs;370.59;343;En stock;3.3;2025-12-24;5.13;3660123453669
PROD-2188;Sac à Dos Elite;Mode;447.99;1204;En stock;3.8;2025-01-07;11.97;3660123432741
PROD-2189;Crème Hydratante Nova;Beauté & Santé;657.61;623;En stock;4.9;2026-07-21;1.87;3660123187008
PROD-2190;Haltères Apex;Sports & Loisirs;185.59;12;Stock faible;4.8;2024-02-13;2.42;3660123421746
PROD-2191;Jeans Slim Vortex;Mode;845.06;475;En stock;3.1;2024-08-30;2.05;3660123965932
PROD-2192;Écouteurs Sans Fil Zenith;Électronique;99.31;11;Stock faible;3.6;2025-05-07;0.6;3660123314005
PROD-2193;Raquette de Tennis Elite;Sports & Loisirs;244.96;205;En stock;3.6;2024-10-18;12.78;3660123650284
PROD-2194;Parfum Quantum;Beauté & Santé;766.49;1467;En stock;4.0;2025-05-26;14.45;3660123823895
PROD-2195;Four à Micro-ondes Quantum;Maison & Cuisine;1169.53;903;En stock;4.4;2024-10-26;9.68;3660123256976
PROD-2196;Ordinateur Portable Zenith;Électronique;1101.28;1441;En stock;3.3;2025-01-12;4.39;3660123172973
PROD-2197;Brosse à Dents Électrique Nova;Beauté & Santé;922.75;216;En stock;4.5;2024-07-13;12.56;3660123232430
PROD-2198;Friteuse sans Huile Nova;Maison & Cuisine;1143.47;1321;En stock;3.0;2024-11-08;9.4;3660123161849
PROD-2199;Tapis de Yoga Apex;Sports & Loisirs;680.26;850;En stock;3.5;2024-06-12;3.14;3660123679596
PROD-2200;Haltères Apex;Sports & Loisirs;696.93;965;En stock;3.8;2025-12-24;1.4;3660123578179
PROD-2201;Machine à Café Zenith;Maison & Cuisine;629.29;657;En stock;3.5;2025-01-06;8.47;3660123378533
PROD-2202;Vélo Tout Terrain Quantum;Sports & Loisirs;209.62;1169;En stock;4.9;2024-11-29;2.22;3660123194617
PROD-2203;Parfum Quantum;Beauté & Santé;1170.54;1134;En stock;3.5;2024-04-14;5.95;3660123676060
PROD-2204;Four à Micro-ondes Apex;Maison & Cuisine;842.58;359;En stock;3.1;2025-12-04;3.3;3660123564412
PROD-2205;Friteuse sans Huile Elite;Maison & Cuisine;761.49;381;En stock;4.9;2026-08-06;0.54;3660123290619
PROD-2206;Machine à Café Vortex;Maison & Cuisine;1242.19;1259;En stock;3.4;2025-02-25;13.24;3660123205706
PROD-2207;Haltères Elite;Sports & Loisirs;1111.48;154;En stock;4.3;2024-08-29;8.34;3660123250861
PROD-2208;Machine à Café Zenith;Maison & Cuisine;852.77;1438;En stock;4.9;2026-03-19;8.71;3660123666402
PROD-2209;Mélangeur Vortex;Maison & Cuisine;1222.2;546;En stock;3.8;2025-05-15;10.9;3660123585519
PROD-2210;Vélo Tout Terrain Nova;Sports & Loisirs;1052.62;593;En stock;3.5;2024-01-21;8.61;3660123373718
PROD-2211;Sac à Dos Quantum;Mode;798.45;1484;En stock;3.2;2026-07-03;6.76;3660123964937
PROD-2212;Parfum Apex;Beauté & Santé;250.96;357;En stock;3.9;2024-06-14;0.93;3660123358462
PROD-2213;Parfum Vortex;Beauté & Santé;1184.75;1472;En stock;3.2;2025-05-17;10.65;3660123957211
PROD-2214;Jeans Slim Vortex;Mode;1237.08;1062;En stock;3.5;2024-06-01;0.52;3660123808020
PROD-2215;Ordinateur Portable Zenith;Électronique;522.29;1487;En stock;4.7;2025-07-15;2.91;3660123139486
PROD-2216;Écouteurs Sans Fil Vortex;Électronique;640.73;1404;En stock;4.8;2025-06-15;7.6;3660123696557
PROD-2217;Haltères Elite;Sports & Loisirs;281.65;1478;En stock;4.4;2025-01-16;10.04;3660123474723
PROD-2218;Machine à Café Elite;Maison & Cuisine;700.13;124;En stock;4.6;2026-08-02;11.28;3660123953132
PROD-2219;Ordinateur Portable Apex;Électronique;368.78;618;En stock;3.5;2025-02-01;9.72;3660123954246
PROD-2220;Crème Hydratante Apex;Beauté & Santé;603.67;710;En stock;4.7;2024-06-15;14.32;3660123863319
PROD-2221;Sèche-Cheveux Apex;Beauté & Santé;1014.83;1316;En stock;4.2;2026-03-08;13.91;3660123715387
PROD-2222;T-shirt en Coton Apex;Mode;400.59;978;En stock;3.6;2026-06-07;11.05;3660123302219
PROD-2223;Tablette Nova;Électronique;1186.02;1180;En stock;3.8;2025-04-26;1.33;3660123820134
PROD-2224;Parfum Apex;Beauté & Santé;795.21;235;En stock;3.3;2024-02-19;9.54;3660123867301
PROD-2225;Aspirateur Robot Nova;Maison & Cuisine;213.04;1406;En stock;4.8;2025-04-16;6.21;3660123889221
PROD-2226;Aspirateur Robot Apex;Maison & Cuisine;791.52;1379;En stock;3.2;2024-04-25;5.8;3660123209581
PROD-2227;Machine à Café Apex;Maison & Cuisine;166.02;1477;En stock;3.1;2024-05-19;10.87;3660123793861
PROD-2228;Parfum Nova;Beauté & Santé;265.35;1275;En stock;4.5;2024-08-07;0.65;3660123699663
PROD-2229;Four à Micro-ondes Quantum;Maison & Cuisine;445.12;1098;En stock;3.0;2024-07-02;6.88;3660123797453
PROD-2230;Sac à Dos Apex;Mode;203.01;577;En stock;3.4;2024-04-02;4.34;3660123928204
PROD-2231;Parfum Elite;Beauté & Santé;687.0;690;En stock;4.7;2025-08-13;10.01;3660123241174
PROD-2232;Friteuse sans Huile Zenith;Maison & Cuisine;494.48;35;Stock faible;4.7;2025-08-28;2.99;3660123988010
PROD-2233;Veste d'Hiver Elite;Mode;500.83;135;En stock;4.6;2026-01-23;9.86;3660123944483
PROD-2234;Friteuse sans Huile Vortex;Maison & Cuisine;455.35;1422;En stock;4.2;2026-04-23;0.35;3660123201888
PROD-2235;Four à Micro-ondes Apex;Maison & Cuisine;193.01;390;En stock;3.8;2025-01-02;8.29;3660123665852
PROD-2236;Chaussures de Sport Zenith;Mode;993.71;266;En stock;3.4;2024-01-28;3.96;3660123178589
PROD-2237;Aspirateur Robot Nova;Maison & Cuisine;1287.22;110;En stock;3.8;2025-01-05;9.25;3660123602593
PROD-2238;Friteuse sans Huile Quantum;Maison & Cuisine;368.52;340;En stock;4.2;2024-03-03;6.7;3660123856597
PROD-2239;Télévision 4K Quantum;Électronique;1121.92;45;Stock faible;3.8;2024-05-13;1.98;3660123395068
PROD-2240;Sèche-Cheveux Zenith;Beauté & Santé;422.06;324;En stock;4.7;2025-12-01;9.51;3660123107945
PROD-2241;Mélangeur Apex;Maison & Cuisine;332.1;255;En stock;3.0;2025-01-06;13.63;3660123525239
PROD-2242;Raquette de Tennis Elite;Sports & Loisirs;592.39;866;En stock;4.8;2024-11-11;9.38;3660123488904
PROD-2243;Raquette de Tennis Elite;Sports & Loisirs;1014.1;712;En stock;3.7;2025-03-11;12.67;3660123358051
PROD-2244;Chaussures de Sport Apex;Mode;186.54;514;En stock;3.9;2024-01-03;1.75;3660123681898
PROD-2245;Smartphone Vortex;Électronique;168.19;424;En stock;3.1;2026-07-22;11.08;3660123532613
PROD-2246;Brosse à Dents Électrique Apex;Beauté & Santé;589.62;565;En stock;4.5;2024-04-02;7.39;3660123544392
PROD-2247;Sèche-Cheveux Vortex;Beauté & Santé;26.93;199;En stock;4.6;2025-11-17;5.56;3660123212619
PROD-2248;Friteuse sans Huile Apex;Maison & Cuisine;1130.27;221;En stock;4.9;2025-12-22;1.01;3660123188536
PROD-2249;Friteuse sans Huile Apex;Maison & Cuisine;537.07;208;En stock;3.5;2025-04-18;10.72;3660123448273
PROD-2250;Smartphone Zenith;Électronique;475.84;1086;En stock;4.9;2025-05-18;4.57;3660123939937
PROD-2251;Vélo Tout Terrain Apex;Sports & Loisirs;918.23;50;En stock;3.0;2025-03-21;2.81;3660123657519
PROD-2252;Crème Hydratante Quantum;Beauté & Santé;559.41;879;En stock;4.2;2025-05-23;0.54;3660123226349
PROD-2253;Sèche-Cheveux Zenith;Beauté & Santé;266.65;1374;En stock;4.6;2026-03-06;3.09;3660123522135
PROD-2254;Four à Micro-ondes Zenith;Maison & Cuisine;1091.44;806;En stock;3.9;2024-06-01;1.28;3660123713571
PROD-2255;Tablette Nova;Électronique;1081.58;1432;En stock;4.7;2024-01-20;0.58;3660123378925
PROD-2256;Gourde Isotherme Quantum;Sports & Loisirs;139.21;676;En stock;4.3;2024-01-26;11.35;3660123933726
PROD-2257;Smartphone Quantum;Électronique;769.17;1365;En stock;3.9;2026-07-24;3.86;3660123120602
PROD-2258;Sac à Dos Nova;Mode;711.59;1130;En stock;3.1;2026-01-02;8.49;3660123833933
PROD-2259;Sac à Dos Apex;Mode;416.4;1367;En stock;5.0;2024-03-08;4.82;3660123280481
PROD-2260;Écouteurs Sans Fil Vortex;Électronique;795.41;77;En stock;4.6;2024-10-31;9.73;3660123726978
PROD-2261;Gourde Isotherme Vortex;Sports & Loisirs;692.64;1009;En stock;4.3;2025-10-25;1.07;3660123585750
PROD-2262;Parfum Elite;Beauté & Santé;165.15;849;En stock;3.8;2025-07-23;11.27;3660123207012
PROD-2263;Gourde Isotherme Apex;Sports & Loisirs;201.48;993;En stock;3.6;2024-02-20;7.33;3660123698755
PROD-2264;Jeans Slim Nova;Mode;1081.87;660;En stock;3.9;2024-08-03;11.08;3660123640423
PROD-2265;Crème Hydratante Vortex;Beauté & Santé;743.31;233;En stock;5.0;2025-04-01;12.12;3660123170249
PROD-2266;Jeans Slim Quantum;Mode;1104.07;1352;En stock;3.3;2024-08-07;7.06;3660123640615
PROD-2267;Raquette de Tennis Nova;Sports & Loisirs;146.33;841;En stock;3.1;2024-06-11;9.95;3660123791288
PROD-2268;Montre Connectée Elite;Électronique;819.81;194;En stock;4.7;2026-07-12;14.05;3660123938007
PROD-2269;Ordinateur Portable Zenith;Électronique;892.8;1259;En stock;4.1;2025-09-01;7.62;3660123917930
PROD-2270;Parfum Nova;Beauté & Santé;1167.7;171;En stock;5.0;2024-01-23;10.99;3660123663611
PROD-2271;Crème Hydratante Elite;Beauté & Santé;665.59;144;En stock;4.9;2026-08-08;6.05;3660123372667
PROD-2272;Sac à Dos Nova;Mode;217.31;246;En stock;3.9;2026-06-20;13.26;3660123647300
PROD-2273;Brosse à Dents Électrique Vortex;Beauté & Santé;1277.87;1038;En stock;3.7;2024-01-12;8.13;3660123164712
PROD-2274;Écouteurs Sans Fil Vortex;Électronique;70.39;971;En stock;3.6;2025-11-13;1.5;3660123983522
PROD-2275;Machine à Café Quantum;Maison & Cuisine;736.81;613;En stock;4.2;2024-04-03;11.49;3660123800431
PROD-2276;Ordinateur Portable Vortex;Électronique;1159.37;1381;En stock;4.6;2024-10-03;11.89;3660123729042
PROD-2277;Raquette de Tennis Vortex;Sports & Loisirs;204.05;1487;En stock;4.5;2025-08-15;14.15;3660123802835
PROD-2278;Tapis de Yoga Zenith;Sports & Loisirs;65.63;726;En stock;3.5;2024-04-30;3.95;3660123928868
PROD-2279;Tablette Quantum;Électronique;155.11;874;En stock;3.1;2026-07-10;8.32;3660123360163
PROD-2280;Four à Micro-ondes Zenith;Maison & Cuisine;879.7;1415;En stock;4.1;2024-08-17;5.07;3660123495718
PROD-2281;T-shirt en Coton Quantum;Mode;759.52;1348;En stock;4.3;2025-02-11;2.81;3660123771087
PROD-2282;Tablette Quantum;Électronique;915.58;579;En stock;4.7;2025-01-20;5.82;3660123360733
PROD-2283;Sac à Dos Quantum;Mode;43.04;927;En stock;4.0;2024-06-04;1.06;3660123112179
PROD-2284;Friteuse sans Huile Zenith;Maison & Cuisine;141.84;291;En stock;3.3;2024-12-30;8.74;3660123354969
PROD-2285;Haltères Vortex;Sports & Loisirs;715.25;0;Rupture de stock;4.0;2025-08-10;14.41;3660123916489
PROD-2286;Mélangeur Vortex;Maison & Cuisine;526.16;1426;En stock;4.0;2025-09-20;0.71;3660123557082
PROD-2287;Mélangeur Quantum;Maison & Cuisine;628.58;1079;En stock;3.9;2025-08-12;1.12;3660123123126
PROD-2288;Sèche-Cheveux Apex;Beauté & Santé;396.86;439;En stock;5.0;2024-04-25;8.84;3660123893445
PROD-2289;Mélangeur Elite;Maison & Cuisine;984.57;1228;En stock;4.3;2024-06-16;14.98;3660123314508
PROD-2290;Tapis de Yoga Nova;Sports & Loisirs;285.2;1473;En stock;3.8;2024-01-01;5.19;3660123360702
PROD-2291;Écouteurs Sans Fil Zenith;Électronique;727.61;193;En stock;3.8;2026-03-09;12.47;3660123122996
PROD-2292;Mélangeur Zenith;Maison & Cuisine;978.1;1014;En stock;3.3;2024-05-07;9.28;3660123549752
PROD-2293;T-shirt en Coton Nova;Mode;909.14;560;En stock;3.1;2025-08-03;6.3;3660123986180
PROD-2294;Télévision 4K Elite;Électronique;634.66;133;En stock;4.5;2024-05-09;10.53;3660123723427
PROD-2295;Sèche-Cheveux Vortex;Beauté & Santé;707.93;1493;En stock;3.0;2025-02-14;6.98;3660123677925
PROD-2296;Aspirateur Robot Zenith;Maison & Cuisine;112.7;554;En stock;3.8;2026-05-18;14.93;3660123925519
PROD-2297;Mélangeur Vortex;Maison & Cuisine;248.26;807;En stock;4.3;2024-09-28;8.23;3660123746413
PROD-2298;Brosse à Dents Électrique Elite;Beauté & Santé;1268.07;810;En stock;4.4;2025-07-16;6.66;3660123631337
PROD-2299;Raquette de Tennis Zenith;Sports & Loisirs;898.4;184;En stock;3.7;2025-08-25;3.99;3660123428786
PROD-2300;Smartphone Apex;Électronique;801.66;1479;En stock;4.2;2024-07-03;0.97;3660123820846
PROD-2301;Haltères Nova;Sports & Loisirs;909.11;781;En stock;4.8;2024-02-15;5.33;3660123173802
PROD-2302;Tapis de Yoga Quantum;Sports & Loisirs;890.76;126;En stock;3.5;2025-09-02;8.11;3660123908758
PROD-2303;Parfum Nova;Beauté & Santé;553.4;509;En stock;3.8;2025-12-27;9.75;3660123204866
PROD-2304;Crème Hydratante Zenith;Beauté & Santé;490.37;114;En stock;3.8;2024-01-08;0.83;3660123722977
PROD-2305;Crème Hydratante Nova;Beauté & Santé;395.33;1188;En stock;3.5;2024-02-18;4.47;3660123494616
PROD-2306;Haltères Elite;Sports & Loisirs;1121.41;1256;En stock;3.9;2025-05-24;6.22;3660123442752
PROD-2307;Haltères Nova;Sports & Loisirs;28.51;636;En stock;3.6;2026-06-04;5.53;3660123893002
PROD-2308;Haltères Vortex;Sports & Loisirs;1161.27;1169;En stock;3.9;2024-11-11;11.54;3660123331454
PROD-2309;Friteuse sans Huile Vortex;Maison & Cuisine;47.26;267;En stock;3.5;2026-03-12;5.61;3660123937738
PROD-2310;Gourde Isotherme Nova;Sports & Loisirs;1112.02;377;En stock;4.5;2024-12-10;10.54;3660123156824
PROD-2311;Télévision 4K Elite;Électronique;440.85;1245;En stock;3.7;2026-08-05;0.9;3660123828542
PROD-2312;Vélo Tout Terrain Nova;Sports & Loisirs;162.74;311;En stock;3.6;2026-02-19;11.99;3660123548981
PROD-2313;Gourde Isotherme Zenith;Sports & Loisirs;527.58;647;En stock;4.2;2025-02-03;0.51;3660123182905
PROD-2314;Mélangeur Elite;Maison & Cuisine;1278.7;189;En stock;3.7;2026-05-22;7.6;3660123363403
PROD-2315;Parfum Apex;Beauté & Santé;17.88;1099;En stock;3.0;2025-04-30;8.87;3660123515320
PROD-2316;Gourde Isotherme Vortex;Sports & Loisirs;174.92;162;En stock;3.3;2025-09-01;13.25;3660123475772
PROD-2317;Tapis de Yoga Zenith;Sports & Loisirs;585.48;1471;En stock;3.8;2024-09-26;12.81;3660123769614
PROD-2318;Tapis de Yoga Nova;Sports & Loisirs;952.27;337;En stock;3.1;2025-06-25;3.84;3660123871139
PROD-2319;Haltères Nova;Sports & Loisirs;564.8;1426;En stock;4.2;2025-01-30;13.01;3660123658146
PROD-2320;Télévision 4K Vortex;Électronique;461.95;1301;En stock;3.3;2024-09-28;14.23;3660123283320
PROD-2321;Jeans Slim Apex;Mode;876.55;1422;En stock;4.5;2025-05-30;4.93;3660123365518
PROD-2322;Veste d'Hiver Apex;Mode;50.54;879;En stock;3.5;2025-10-30;5.57;3660123783888
PROD-2323;Haltères Elite;Sports & Loisirs;197.87;403;En stock;4.7;2024-03-19;1.76;3660123302950
PROD-2324;Four à Micro-ondes Zenith;Maison & Cuisine;1002.97;1259;En stock;4.5;2026-01-18;14.66;3660123815309
PROD-2325;Sèche-Cheveux Quantum;Beauté & Santé;575.51;815;En stock;4.5;2024-09-05;10.0;3660123776399
PROD-2326;Four à Micro-ondes Nova;Maison & Cuisine;49.6;1136;En stock;4.1;2025-12-02;2.63;3660123176311
PROD-2327;Haltères Elite;Sports & Loisirs;26.26;1111;En stock;3.1;2026-05-17;1.1;3660123922123
PROD-2328;Vélo Tout Terrain Apex;Sports & Loisirs;338.85;1463;En stock;4.3;2024-02-03;5.86;3660123931338
PROD-2329;Mélangeur Elite;Maison & Cuisine;713.45;296;En stock;3.5;2026-07-04;3.52;3660123988951
PROD-2330;Mélangeur Apex;Maison & Cuisine;56.13;1433;En stock;4.6;2026-01-28;1.65;3660123172481
PROD-2331;Gourde Isotherme Quantum;Sports & Loisirs;661.64;1053;En stock;4.8;2026-05-12;6.43;3660123280617
PROD-2332;Veste d'Hiver Zenith;Mode;1192.65;736;En stock;3.5;2025-03-13;0.9;3660123657566
PROD-2333;Friteuse sans Huile Zenith;Maison & Cuisine;898.07;973;En stock;4.2;2024-08-10;6.81;3660123922375
PROD-2334;Sèche-Cheveux Apex;Beauté & Santé;837.9;1333;En stock;4.5;2026-03-30;10.92;3660123436067
PROD-2335;Friteuse sans Huile Apex;Maison & Cuisine;199.73;934;En stock;4.9;2025-06-08;9.95;3660123665042
PROD-2336;Raquette de Tennis Vortex;Sports & Loisirs;757.26;1200;En stock;4.1;2026-03-06;2.41;3660123901462
PROD-2337;Sèche-Cheveux Zenith;Beauté & Santé;1291.23;644;En stock;4.0;2025-12-20;2.08;3660123602625
PROD-2338;Écouteurs Sans Fil Quantum;Électronique;888.51;519;En stock;3.8;2024-02-07;12.17;3660123864306
PROD-2339;Parfum Elite;Beauté & Santé;335.89;548;En stock;3.3;2024-07-27;12.49;3660123780208
PROD-2340;Friteuse sans Huile Quantum;Maison & Cuisine;219.92;482;En stock;3.5;2026-03-22;1.64;3660123218205
PROD-2341;Parfum Apex;Beauté & Santé;515.54;321;En stock;4.9;2025-08-03;3.23;3660123280777
PROD-2342;Sèche-Cheveux Elite;Beauté & Santé;755.71;434;En stock;3.3;2024-05-04;0.77;3660123222655
PROD-2343;Ordinateur Portable Nova;Électronique;236.68;4;Stock faible;3.0;2025-12-09;7.88;3660123583717
PROD-2344;Gourde Isotherme Apex;Sports & Loisirs;68.44;61;En stock;4.0;2025-10-08;8.99;3660123685219
PROD-2345;Gourde Isotherme Apex;Sports & Loisirs;24.44;171;En stock;4.6;2024-07-12;5.65;3660123935567
PROD-2346;Écouteurs Sans Fil Apex;Électronique;1193.27;481;En stock;4.8;2024-10-23;13.94;3660123781444
PROD-2347;Aspirateur Robot Vortex;Maison & Cuisine;668.32;97;En stock;4.6;2024-10-09;6.37;3660123887559
PROD-2348;Brosse à Dents Électrique Nova;Beauté & Santé;416.16;836;En stock;4.7;2025-08-25;4.81;3660123809132
PROD-2349;Smartphone Apex;Électronique;266.13;34;Stock faible;3.9;2026-02-08;6.12;3660123291238
PROD-2350;Écouteurs Sans Fil Zenith;Électronique;1227.05;1204;En stock;3.8;2026-05-04;1.21;3660123120494
PROD-2351;Télévision 4K Quantum;Électronique;1264.44;1368;En stock;3.8;2024-10-02;1.47;3660123113675
PROD-2352;Haltères Zenith;Sports & Loisirs;1129.07;1451;En stock;3.2;2026-05-10;13.39;3660123335715
PROD-2353;T-shirt en Coton Quantum;Mode;708.72;205;En stock;3.8;2026-04-17;13.84;3660123720213
PROD-2354;Sac à Dos Quantum;Mode;64.12;1259;En stock;3.0;2026-03-02;8.47;3660123304102
PROD-2355;Gourde Isotherme Vortex;Sports & Loisirs;270.96;1134;En stock;3.3;2025-07-01;10.91;3660123692027
PROD-2356;Parfum Nova;Beauté & Santé;511.04;940;En stock;4.6;2025-06-24;3.59;3660123554504
PROD-2357;Sèche-Cheveux Quantum;Beauté & Santé;692.58;1396;En stock;4.3;2025-05-11;11.75;3660123176176
PROD-2358;T-shirt en Coton Zenith;Mode;1045.67;878;En stock;3.4;2025-04-09;12.67;3660123697006
PROD-2359;Gourde Isotherme Apex;Sports & Loisirs;904.24;484;En stock;3.3;2024-03-30;2.08;3660123835620
PROD-2360;Chaussures de Sport Elite;Mode;683.34;1144;En stock;4.7;2024-07-10;5.76;3660123417430
PROD-2361;Tablette Apex;Électronique;991.75;1170;En stock;3.7;2024-05-22;14.12;3660123922046
PROD-2362;Haltères Zenith;Sports & Loisirs;668.53;241;En stock;3.9;2025-04-12;4.43;3660123194594
PROD-2363;Four à Micro-ondes Zenith;Maison & Cuisine;506.76;378;En stock;4.6;2024-04-08;8.17;3660123935961
PROD-2364;Brosse à Dents Électrique Zenith;Beauté & Santé;128.54;1459;En stock;4.2;2024-05-21;6.59;3660123285625
PROD-2365;Machine à Café Vortex;Maison & Cuisine;1226.49;684;En stock;4.0;2024-03-17;6.79;3660123950565
PROD-2366;Veste d'Hiver Zenith;Mode;1191.95;215;En stock;4.6;2024-12-20;10.25;3660123490959
PROD-2367;Tapis de Yoga Zenith;Sports & Loisirs;571.29;1035;En stock;3.3;2026-05-15;8.71;3660123232465
PROD-2368;Chaussures de Sport Apex;Mode;926.29;36;Stock faible;4.9;2024-02-20;1.04;3660123518694
PROD-2369;Mélangeur Quantum;Maison & Cuisine;364.88;108;En stock;3.9;2024-08-04;12.43;3660123391971
PROD-2370;Vélo Tout Terrain Vortex;Sports & Loisirs;220.2;1146;En stock;4.2;2026-06-27;10.84;3660123925803
PROD-2371;T-shirt en Coton Apex;Mode;124.75;1065;En stock;4.3;2026-07-23;12.27;3660123291646
PROD-2372;Mélangeur Elite;Maison & Cuisine;593.87;184;En stock;3.3;2025-03-05;1.18;3660123668585
PROD-2373;T-shirt en Coton Quantum;Mode;95.02;719;En stock;4.9;2025-10-18;10.5;3660123161867
PROD-2374;Smartphone Vortex;Électronique;489.61;2;Stock faible;4.2;2026-05-14;7.01;3660123946475
PROD-2375;Montre Connectée Apex;Électronique;416.32;875;En stock;3.2;2026-06-20;0.75;3660123480347
PROD-2376;Four à Micro-ondes Apex;Maison & Cuisine;1068.84;278;En stock;3.4;2024-02-03;6.99;3660123948992
PROD-2377;Raquette de Tennis Zenith;Sports & Loisirs;887.82;9;Stock faible;4.9;2024-09-19;13.6;3660123970294
PROD-2378;Tablette Vortex;Électronique;1022.91;1150;En stock;4.4;2025-12-16;4.47;3660123950110
PROD-2379;Friteuse sans Huile Vortex;Maison & Cuisine;614.13;1214;En stock;4.1;2024-08-06;12.99;3660123532144
PROD-2380;Jeans Slim Vortex;Mode;341.64;967;En stock;4.5;2025-02-27;12.56;3660123192369
PROD-2381;Brosse à Dents Électrique Quantum;Beauté & Santé;270.81;636;En stock;4.6;2024-03-25;3.28;3660123907940
PROD-2382;Smartphone Zenith;Électronique;438.64;314;En stock;3.7;2025-07-28;9.99;3660123522871
PROD-2383;Machine à Café Apex;Maison & Cuisine;614.06;607;En stock;3.4;2026-06-21;11.78;3660123863753
PROD-2384;Chaussures de Sport Zenith;Mode;685.97;495;En stock;3.7;2026-07-29;2.36;3660123655682
PROD-2385;Télévision 4K Zenith;Électronique;1272.92;891;En stock;3.1;2025-03-15;6.77;3660123716862
PROD-2386;Brosse à Dents Électrique Elite;Beauté & Santé;1295.42;613;En stock;4.9;2025-05-30;3.01;3660123418389
PROD-2387;Mélangeur Nova;Maison & Cuisine;503.58;1291;En stock;4.9;2024-11-01;6.15;3660123244598
PROD-2388;Sèche-Cheveux Zenith;Beauté & Santé;440.84;912;En stock;4.6;2026-08-07;4.22;3660123152555
PROD-2389;Haltères Quantum;Sports & Loisirs;809.63;721;En stock;3.2;2025-02-10;2.48;3660123691995
PROD-2390;Aspirateur Robot Vortex;Maison & Cuisine;53.87;682;En stock;4.8;2024-11-28;1.7;3660123617351
PROD-2391;T-shirt en Coton Elite;Mode;1287.24;208;En stock;4.8;2024-04-12;14.27;3660123204980
PROD-2392;Raquette de Tennis Quantum;Sports & Loisirs;132.22;1406;En stock;3.0;2024-12-02;12.1;3660123838364
PROD-2393;Gourde Isotherme Apex;Sports & Loisirs;895.88;362;En stock;3.3;2024-01-25;6.15;3660123751147
PROD-2394;Jeans Slim Zenith;Mode;1064.66;548;En stock;4.4;2024-03-26;10.27;3660123100681
PROD-2395;Montre Connectée Nova;Électronique;245.08;642;En stock;4.6;2026-07-10;8.53;3660123162412
PROD-2396;Ordinateur Portable Quantum;Électronique;989.81;1432;En stock;4.8;2024-03-21;4.86;3660123453643
PROD-2397;Machine à Café Zenith;Maison & Cuisine;1256.92;1340;En stock;4.4;2025-08-25;3.97;3660123764499
PROD-2398;Crème Hydratante Apex;Beauté & Santé;575.09;89;En stock;4.9;2025-05-19;1.59;3660123564458
PROD-2399;Machine à Café Quantum;Maison & Cuisine;777.49;101;En stock;4.9;2025-12-26;11.17;3660123806815
PROD-2400;T-shirt en Coton Nova;Mode;869.68;134;En stock;3.1;2025-02-06;4.39;3660123810450
PROD-2401;Brosse à Dents Électrique Zenith;Beauté & Santé;1006.98;24;Stock faible;3.4;2026-07-07;8.73;3660123103150
PROD-2402;Veste d'Hiver Nova;Mode;1219.61;439;En stock;3.9;2025-06-02;9.21;3660123897250
PROD-2403;T-shirt en Coton Apex;Mode;710.15;1283;En stock;4.2;2024-04-06;14.34;3660123785707
PROD-2404;Sac à Dos Vortex;Mode;1160.55;1117;En stock;3.7;2026-02-17;11.28;3660123491957
PROD-2405;Crème Hydratante Nova;Beauté & Santé;68.95;794;En stock;3.1;2024-03-01;6.17;3660123610544
PROD-2406;Sèche-Cheveux Elite;Beauté & Santé;34.79;1169;En stock;3.9;2026-07-24;13.64;3660123674093
PROD-2407;Smartphone Vortex;Électronique;509.04;899;En stock;4.0;2024-02-15;11.7;3660123353373
PROD-2408;Raquette de Tennis Zenith;Sports & Loisirs;905.75;256;En stock;4.4;2024-08-11;9.97;3660123697977
PROD-2409;Veste d'Hiver Vortex;Mode;911.56;767;En stock;4.7;2024-01-22;0.14;3660123614616
PROD-2410;Gourde Isotherme Nova;Sports & Loisirs;441.07;16;Stock faible;3.4;2025-10-10;5.28;3660123111591
PROD-2411;Télévision 4K Nova;Électronique;1281.11;641;En stock;3.5;2026-07-09;5.93;3660123399755
PROD-2412;Télévision 4K Vortex;Électronique;338.64;1192;En stock;3.1;2024-07-10;9.96;3660123700500
PROD-2413;Machine à Café Nova;Maison & Cuisine;406.94;195;En stock;3.1;2026-01-24;11.83;3660123699070
PROD-2414;Montre Connectée Quantum;Électronique;1092.21;95;En stock;3.7;2024-01-06;9.59;3660123667294
PROD-2415;Parfum Vortex;Beauté & Santé;336.72;28;Stock faible;3.3;2026-07-13;1.84;3660123502680
PROD-2416;Gourde Isotherme Nova;Sports & Loisirs;1035.0;1262;En stock;4.9;2024-10-15;13.46;3660123450760
PROD-2417;Haltères Vortex;Sports & Loisirs;727.85;1112;En stock;3.9;2026-05-27;8.53;3660123295106
PROD-2418;Ordinateur Portable Vortex;Électronique;960.65;867;En stock;3.6;2025-02-08;0.79;3660123984121
PROD-2419;Four à Micro-ondes Elite;Maison & Cuisine;1047.29;366;En stock;4.6;2026-06-24;10.44;3660123579800
PROD-2420;Veste d'Hiver Vortex;Mode;250.62;523;En stock;3.9;2025-04-19;13.36;3660123828658
PROD-2421;Brosse à Dents Électrique Apex;Beauté & Santé;1180.45;234;En stock;3.2;2024-12-18;12.64;3660123336610
PROD-2422;Sèche-Cheveux Nova;Beauté & Santé;253.86;1434;En stock;4.9;2024-04-11;9.74;3660123737528
PROD-2423;Aspirateur Robot Zenith;Maison & Cuisine;1179.9;1074;En stock;4.6;2025-06-18;8.64;3660123612578
PROD-2424;Montre Connectée Zenith;Électronique;739.54;888;En stock;3.2;2024-04-24;7.6;3660123321706
PROD-2425;Crème Hydratante Zenith;Beauté & Santé;719.8;167;En stock;4.5;2026-06-20;4.76;3660123886038
PROD-2426;Gourde Isotherme Nova;Sports & Loisirs;918.12;192;En stock;3.8;2025-06-13;0.76;3660123152789
PROD-2427;Jeans Slim Quantum;Mode;700.11;1432;En stock;4.2;2024-08-09;1.1;3660123493674
PROD-2428;Brosse à Dents Électrique Vortex;Beauté & Santé;1182.1;982;En stock;4.8;2026-04-02;7.69;3660123447811
PROD-2429;T-shirt en Coton Elite;Mode;133.8;1052;En stock;3.3;2026-01-09;11.33;3660123270407
PROD-2430;Smartphone Nova;Électronique;721.04;1259;En stock;3.6;2024-05-10;9.42;3660123979422
PROD-2431;Machine à Café Elite;Maison & Cuisine;1229.7;121;En stock;3.5;2024-10-11;4.25;3660123392302
PROD-2432;Machine à Café Elite;Maison & Cuisine;1119.72;224;En stock;3.1;2025-01-03;8.7;3660123845055
PROD-2433;Aspirateur Robot Elite;Maison & Cuisine;173.22;1284;En stock;4.5;2024-05-10;0.64;3660123317954
PROD-2434;Écouteurs Sans Fil Elite;Électronique;907.67;448;En stock;4.7;2024-05-13;10.78;3660123622219
PROD-2435;Jeans Slim Elite;Mode;1139.79;499;En stock;3.7;2024-07-17;0.72;3660123914582
PROD-2436;Friteuse sans Huile Apex;Maison & Cuisine;549.12;96;En stock;3.8;2025-02-09;3.04;3660123815319
PROD-2437;Écouteurs Sans Fil Elite;Électronique;1033.02;472;En stock;4.9;2025-03-26;6.91;3660123473145
PROD-2438;Raquette de Tennis Apex;Sports & Loisirs;798.32;459;En stock;3.3;2024-03-13;10.29;3660123783421
PROD-2439;Friteuse sans Huile Apex;Maison & Cuisine;546.26;1404;En stock;5.0;2024-03-16;7.1;3660123496487
PROD-2440;Sèche-Cheveux Nova;Beauté & Santé;760.82;1087;En stock;3.4;2026-03-15;0.53;3660123359985
PROD-2441;Crème Hydratante Apex;Beauté & Santé;809.9;802;En stock;3.3;2025-08-04;1.31;3660123312886
PROD-2442;Télévision 4K Quantum;Électronique;28.04;114;En stock;3.7;2025-07-24;13.28;3660123982102
PROD-2443;Gourde Isotherme Quantum;Sports & Loisirs;1240.71;83;En stock;3.8;2025-12-18;5.97;3660123260402
PROD-2444;Tablette Vortex;Électronique;1047.38;741;En stock;3.7;2024-11-06;8.76;3660123916634
PROD-2445;Veste d'Hiver Elite;Mode;56.66;883;En stock;3.8;2024-07-20;10.3;3660123734031
PROD-2446;Machine à Café Vortex;Maison & Cuisine;547.7;17;Stock faible;3.6;2025-09-11;5.72;3660123575650
PROD-2447;Machine à Café Nova;Maison & Cuisine;507.08;888;En stock;4.8;2024-04-30;1.42;3660123253991
PROD-2448;Jeans Slim Quantum;Mode;868.44;703;En stock;4.9;2025-07-22;10.46;3660123379503
PROD-2449;Aspirateur Robot Elite;Maison & Cuisine;673.94;1051;En stock;4.3;2024-02-10;8.05;3660123616939
PROD-2450;Sèche-Cheveux Elite;Beauté & Santé;813.37;834;En stock;3.3;2024-09-02;10.89;3660123960525
PROD-2451;Montre Connectée Vortex;Électronique;746.44;778;En stock;3.5;2024-07-24;8.44;3660123944101
PROD-2452;Machine à Café Elite;Maison & Cuisine;1255.73;576;En stock;4.9;2024-07-10;13.35;3660123799096
PROD-2453;Écouteurs Sans Fil Vortex;Électronique;314.24;502;En stock;3.5;2024-07-26;14.25;3660123136421
PROD-2454;Aspirateur Robot Apex;Maison & Cuisine;921.25;749;En stock;4.7;2025-06-25;7.54;3660123129349
PROD-2455;Veste d'Hiver Zenith;Mode;1123.99;1490;En stock;3.8;2025-12-07;8.5;3660123381608
PROD-2456;Haltères Quantum;Sports & Loisirs;527.77;1458;En stock;4.8;2026-03-27;14.86;3660123856805
PROD-2457;Jeans Slim Zenith;Mode;1257.49;894;En stock;3.7;2025-04-28;14.87;3660123384011
PROD-2458;Gourde Isotherme Elite;Sports & Loisirs;777.08;1029;En stock;3.8;2026-04-06;1.05;3660123318755
PROD-2459;Jeans Slim Apex;Mode;238.43;584;En stock;3.7;2025-07-02;10.5;3660123108304
PROD-2460;Crème Hydratante Vortex;Beauté & Santé;1193.0;627;En stock;4.0;2026-04-14;5.19;3660123897355
PROD-2461;Raquette de Tennis Nova;Sports & Loisirs;426.78;760;En stock;4.2;2025-02-10;4.6;3660123568382
PROD-2462;Aspirateur Robot Nova;Maison & Cuisine;27.46;565;En stock;3.3;2025-01-11;11.68;3660123717088
PROD-2463;Écouteurs Sans Fil Nova;Électronique;506.39;585;En stock;3.1;2025-11-14;14.31;3660123782271
PROD-2464;Brosse à Dents Électrique Nova;Beauté & Santé;1032.49;322;En stock;4.9;2026-04-16;1.83;3660123914483
PROD-2465;Veste d'Hiver Nova;Mode;936.72;114;En stock;3.9;2025-02-26;3.38;3660123907738
PROD-2466;Vélo Tout Terrain Apex;Sports & Loisirs;1249.75;1394;En stock;4.8;2024-01-31;8.06;3660123819594
PROD-2467;Télévision 4K Vortex;Électronique;1070.31;342;En stock;3.3;2024-05-03;1.28;3660123865344
PROD-2468;Parfum Apex;Beauté & Santé;1191.82;1140;En stock;3.6;2024-06-09;3.22;3660123955266
PROD-2469;Jeans Slim Quantum;Mode;1157.03;1035;En stock;4.6;2024-09-22;4.08;3660123813321
PROD-2470;Tapis de Yoga Apex;Sports & Loisirs;651.4;1316;En stock;4.9;2026-06-09;9.76;3660123955499
PROD-2471;Montre Connectée Vortex;Électronique;540.08;699;En stock;4.8;2026-04-20;2.3;3660123566311
PROD-2472;Gourde Isotherme Nova;Sports & Loisirs;754.71;819;En stock;4.4;2025-02-20;2.91;3660123590765
PROD-2473;Smartphone Zenith;Électronique;1185.21;1322;En stock;4.7;2026-08-05;11.47;3660123834282
PROD-2474;Jeans Slim Quantum;Mode;1212.82;128;En stock;3.0;2025-01-11;4.95;3660123644361
PROD-2475;Smartphone Apex;Électronique;1197.79;990;En stock;4.7;2024-07-01;10.97;3660123168904
PROD-2476;Jeans Slim Zenith;Mode;607.41;399;En stock;3.2;2024-01-28;9.1;3660123337721
PROD-2477;Sèche-Cheveux Nova;Beauté & Santé;994.34;1083;En stock;4.6;2025-12-11;1.39;3660123272468
PROD-2478;Ordinateur Portable Apex;Électronique;265.56;1274;En stock;3.7;2025-12-27;2.4;3660123913239
PROD-2479;Vélo Tout Terrain Elite;Sports & Loisirs;44.55;1320;En stock;3.4;2026-01-13;9.5;3660123608181
PROD-2480;Mélangeur Nova;Maison & Cuisine;937.68;1260;En stock;3.7;2026-07-03;12.91;3660123816057
PROD-2481;Machine à Café Nova;Maison & Cuisine;227.97;1310;En stock;4.4;2026-04-14;6.7;3660123833280
PROD-2482;Brosse à Dents Électrique Vortex;Beauté & Santé;788.36;356;En stock;3.0;2025-01-07;12.81;3660123824765
PROD-2483;Mélangeur Nova;Maison & Cuisine;176.66;866;En stock;3.9;2025-06-03;5.32;3660123136446
PROD-2484;Gourde Isotherme Apex;Sports & Loisirs;1180.53;1128;En stock;5.0;2024-02-16;7.72;3660123507990
PROD-2485;Parfum Apex;Beauté & Santé;996.18;324;En stock;4.7;2024-07-23;5.78;3660123203463
PROD-2486;Télévision 4K Apex;Électronique;211.19;204;En stock;3.7;2026-05-15;14.29;3660123680514
PROD-2487;Friteuse sans Huile Elite;Maison & Cuisine;732.67;374;En stock;4.4;2026-05-29;7.45;3660123932313
PROD-2488;Haltères Vortex;Sports & Loisirs;1118.78;824;En stock;4.0;2024-11-28;6.69;3660123375414
PROD-2489;Machine à Café Nova;Maison & Cuisine;1273.77;443;En stock;5.0;2024-06-05;2.21;3660123269225
PROD-2490;Sèche-Cheveux Elite;Beauté & Santé;146.9;1244;En stock;3.6;2024-06-06;5.26;3660123802916
PROD-2491;Brosse à Dents Électrique Elite;Beauté & Santé;1062.23;1403;En stock;4.3;2024-07-07;2.76;3660123470922
PROD-2492;Tapis de Yoga Quantum;Sports & Loisirs;246.11;1265;En stock;5.0;2024-12-11;3.24;3660123787959
PROD-2493;Télévision 4K Nova;Électronique;1084.71;1301;En stock;4.6;2025-05-05;12.98;3660123356525
PROD-2494;Montre Connectée Apex;Électronique;695.72;556;En stock;3.8;2026-03-23;7.43;3660123209619
PROD-2495;Aspirateur Robot Quantum;Maison & Cuisine;873.0;469;En stock;4.7;2024-11-08;11.61;3660123784931
PROD-2496;Crème Hydratante Nova;Beauté & Santé;27.47;1351;En stock;3.1;2026-03-04;5.84;3660123520785
PROD-2497;Tablette Zenith;Électronique;866.51;469;En stock;4.1;2026-01-07;7.16;3660123483123
PROD-2498;Tapis de Yoga Zenith;Sports & Loisirs;952.33;975;En stock;3.1;2024-11-22;3.85;3660123176253
PROD-2499;Aspirateur Robot Zenith;Maison & Cuisine;121.55;1475;En stock;3.5;2024-03-20;8.54;3660123805933
PROD-2500;Veste d'Hiver Quantum;Mode;360.38;1166;En stock;4.9;2024-04-03;8.69;3660123494238
PROD-2501;Brosse à Dents Électrique Vortex;Beauté & Santé;424.13;1120;En stock;4.0;2026-04-04;2.85;3660123600338
PROD-2502;Ordinateur Portable Apex;Électronique;337.16;890;En stock;5.0;2025-11-13;0.32;3660123753000
PROD-2503;Tapis de Yoga Nova;Sports & Loisirs;950.35;183;En stock;3.3;2024-03-16;14.12;3660123699338
PROD-2504;Four à Micro-ondes Vortex;Maison & Cuisine;530.55;1089;En stock;4.1;2025-04-09;6.15;3660123693907
PROD-2505;Parfum Nova;Beauté & Santé;105.7;873;En stock;4.0;2025-05-10;3.55;3660123936648
PROD-2506;Brosse à Dents Électrique Nova;Beauté & Santé;574.82;797;En stock;4.3;2024-01-29;6.96;3660123455591
PROD-2507;Parfum Elite;Beauté & Santé;712.65;721;En stock;3.5;2025-10-14;14.05;3660123761614
PROD-2508;Crème Hydratante Nova;Beauté & Santé;158.71;187;En stock;4.3;2025-01-26;5.0;3660123297526
PROD-2509;Tablette Elite;Électronique;945.34;1184;En stock;4.3;2024-07-05;3.57;3660123251762
PROD-2510;Ordinateur Portable Apex;Électronique;766.05;720;En stock;4.7;2026-03-04;5.3;3660123946781
PROD-2511;Haltères Zenith;Sports & Loisirs;736.31;934;En stock;4.6;2024-10-17;7.25;3660123845502
PROD-2512;Smartphone Nova;Électronique;552.91;1149;En stock;3.9;2024-11-09;4.71;3660123797702
PROD-2513;Gourde Isotherme Quantum;Sports & Loisirs;394.08;917;En stock;4.2;2026-08-03;4.71;3660123193351
PROD-2514;Vélo Tout Terrain Quantum;Sports & Loisirs;1158.77;873;En stock;4.4;2024-02-04;3.93;3660123446686
PROD-2515;Smartphone Quantum;Électronique;325.09;644;En stock;4.4;2025-04-26;3.07;3660123717467
PROD-2516;Haltères Vortex;Sports & Loisirs;560.34;381;En stock;4.9;2025-03-27;1.28;3660123765834
PROD-2517;Crème Hydratante Nova;Beauté & Santé;744.4;778;En stock;3.4;2024-07-29;0.84;3660123488981
PROD-2518;Parfum Elite;Beauté & Santé;20.25;753;En stock;3.7;2024-06-14;7.98;3660123585147
PROD-2519;Vélo Tout Terrain Quantum;Sports & Loisirs;396.62;160;En stock;4.7;2025-09-20;4.42;3660123649999
PROD-2520;Crème Hydratante Vortex;Beauté & Santé;517.57;576;En stock;3.8;2025-03-21;3.8;3660123446457
PROD-2521;Veste d'Hiver Elite;Mode;295.6;1452;En stock;3.5;2024-03-15;11.9;3660123420185
PROD-2522;Sèche-Cheveux Quantum;Beauté & Santé;744.5;1235;En stock;4.2;2026-02-10;9.15;3660123974285
PROD-2523;Veste d'Hiver Vortex;Mode;591.64;463;En stock;4.1;2024-10-03;13.17;3660123376608
PROD-2524;Tablette Elite;Électronique;1089.43;1432;En stock;4.1;2024-05-29;3.45;3660123722142
PROD-2525;Sac à Dos Quantum;Mode;175.5;1480;En stock;4.0;2024-08-11;14.83;3660123801505
PROD-2526;Crème Hydratante Apex;Beauté & Santé;331.43;212;En stock;4.9;2026-07-04;11.43;3660123567185
PROD-2527;Aspirateur Robot Elite;Maison & Cuisine;233.59;980;En stock;4.5;2025-05-05;4.97;3660123992994
PROD-2528;Crème Hydratante Nova;Beauté & Santé;380.3;1453;En stock;4.6;2025-01-14;5.12;3660123939230
PROD-2529;Brosse à Dents Électrique Nova;Beauté & Santé;58.1;20;Stock faible;3.1;2024-10-11;8.54;3660123989461
PROD-2530;Chaussures de Sport Apex;Mode;201.4;1251;En stock;3.4;2024-02-25;12.36;3660123248305
PROD-2531;T-shirt en Coton Nova;Mode;1014.62;417;En stock;4.5;2025-04-17;5.07;3660123512596
PROD-2532;Sac à Dos Elite;Mode;777.42;389;En stock;3.7;2024-12-11;9.46;3660123980366
PROD-2533;Tapis de Yoga Vortex;Sports & Loisirs;1222.49;161;En stock;4.8;2025-09-16;3.35;3660123172125
PROD-2534;Veste d'Hiver Vortex;Mode;394.85;531;En stock;4.4;2025-02-10;5.88;3660123188753
PROD-2535;Ordinateur Portable Vortex;Électronique;720.43;98;En stock;4.8;2024-10-30;13.36;3660123299747
PROD-2536;Vélo Tout Terrain Elite;Sports & Loisirs;965.7;68;En stock;4.7;2024-07-18;4.72;3660123406975
PROD-2537;Mélangeur Quantum;Maison & Cuisine;278.2;220;En stock;3.0;2024-08-25;9.98;3660123848898
PROD-2538;Parfum Vortex;Beauté & Santé;966.46;1381;En stock;4.6;2025-02-09;11.74;3660123666516
PROD-2539;Smartphone Vortex;Électronique;1030.99;1333;En stock;3.6;2025-12-25;13.47;3660123696724
PROD-2540;Chaussures de Sport Vortex;Mode;1247.44;313;En stock;4.8;2025-10-31;1.44;3660123794853
PROD-2541;Gourde Isotherme Zenith;Sports & Loisirs;93.08;539;En stock;3.4;2024-02-08;4.6;3660123982347
PROD-2542;T-shirt en Coton Nova;Mode;304.6;750;En stock;4.9;2024-06-16;2.51;3660123686242
PROD-2543;Crème Hydratante Quantum;Beauté & Santé;514.18;371;En stock;3.9;2024-12-10;10.97;3660123890512
PROD-2544;Machine à Café Nova;Maison & Cuisine;182.17;313;En stock;4.2;2024-08-27;0.24;3660123117030
PROD-2545;Mélangeur Quantum;Maison & Cuisine;749.96;220;En stock;3.4;2026-06-17;0.25;3660123123033
PROD-2546;Machine à Café Zenith;Maison & Cuisine;536.69;903;En stock;3.1;2025-12-09;1.93;3660123548555
PROD-2547;Haltères Apex;Sports & Loisirs;574.42;874;En stock;3.3;2025-05-04;9.18;3660123464247
PROD-2548;Jeans Slim Elite;Mode;83.09;569;En stock;4.3;2024-08-03;0.94;3660123281447
PROD-2549;Friteuse sans Huile Vortex;Maison & Cuisine;1002.75;998;En stock;3.3;2024-01-30;3.33;3660123851555
PROD-2550;Aspirateur Robot Nova;Maison & Cuisine;706.83;938;En stock;3.1;2026-03-29;8.76;3660123877413
PROD-2551;Smartphone Quantum;Électronique;935.82;334;En stock;4.3;2024-05-15;4.46;3660123491433
PROD-2552;Télévision 4K Elite;Électronique;543.52;530;En stock;4.3;2025-07-13;6.99;3660123913892
PROD-2553;Télévision 4K Elite;Électronique;830.51;1014;En stock;3.6;2024-09-23;6.27;3660123752527
PROD-2554;Brosse à Dents Électrique Zenith;Beauté & Santé;74.55;736;En stock;4.3;2024-08-20;8.1;3660123562113
PROD-2555;Four à Micro-ondes Elite;Maison & Cuisine;201.35;1035;En stock;4.7;2024-03-06;2.78;3660123432039
PROD-2556;Sèche-Cheveux Vortex;Beauté & Santé;1018.69;702;En stock;3.8;2026-02-15;8.05;3660123847227
PROD-2557;Sac à Dos Elite;Mode;963.94;506;En stock;4.0;2025-10-04;2.9;3660123701257
PROD-2558;Ordinateur Portable Apex;Électronique;177.68;176;En stock;5.0;2024-05-02;8.01;3660123638457
PROD-2559;Ordinateur Portable Elite;Électronique;457.18;1409;En stock;4.1;2026-04-06;13.78;3660123744025
PROD-2560;Montre Connectée Apex;Électronique;596.18;101;En stock;4.7;2025-05-11;4.44;3660123137805
PROD-2561;Friteuse sans Huile Nova;Maison & Cuisine;464.74;1203;En stock;4.9;2025-09-24;3.85;3660123472202
PROD-2562;Friteuse sans Huile Zenith;Maison & Cuisine;958.42;224;En stock;4.0;2024-06-25;2.71;3660123616140
PROD-2563;Haltères Nova;Sports & Loisirs;294.19;930;En stock;3.4;2024-01-22;5.47;3660123403312
PROD-2564;Machine à Café Apex;Maison & Cuisine;494.62;771;En stock;4.4;2025-12-02;12.18;3660123719816
PROD-2565;Vélo Tout Terrain Nova;Sports & Loisirs;964.64;3;Stock faible;4.4;2026-04-16;3.01;3660123403978
PROD-2566;Veste d'Hiver Quantum;Mode;1141.59;37;Stock faible;3.6;2026-05-10;7.83;3660123633279
PROD-2567;Crème Hydratante Apex;Beauté & Santé;359.53;42;Stock faible;4.6;2024-01-11;12.92;3660123743668
PROD-2568;Raquette de Tennis Elite;Sports & Loisirs;460.67;1253;En stock;4.5;2024-11-16;2.92;3660123814993
PROD-2569;Gourde Isotherme Zenith;Sports & Loisirs;814.84;372;En stock;3.8;2025-10-11;9.9;3660123267728
PROD-2570;Crème Hydratante Quantum;Beauté & Santé;310.78;378;En stock;3.9;2025-05-24;7.17;3660123933398
PROD-2571;Machine à Café Zenith;Maison & Cuisine;741.73;35;Stock faible;3.8;2026-06-26;6.05;3660123669100
PROD-2572;Ordinateur Portable Vortex;Électronique;182.62;1339;En stock;3.7;2026-01-12;13.92;3660123258239
PROD-2573;Crème Hydratante Apex;Beauté & Santé;102.01;840;En stock;3.4;2024-06-04;8.91;3660123431145
PROD-2574;Parfum Nova;Beauté & Santé;572.29;948;En stock;4.3;2026-04-11;2.4;3660123528453
PROD-2575;Friteuse sans Huile Elite;Maison & Cuisine;392.68;368;En stock;3.1;2025-01-21;1.23;3660123795463
PROD-2576;Sac à Dos Vortex;Mode;44.91;1369;En stock;4.1;2024-04-09;3.0;3660123859013
PROD-2577;Ordinateur Portable Elite;Électronique;704.41;82;En stock;3.1;2025-08-10;8.06;3660123992329
PROD-2578;Machine à Café Apex;Maison & Cuisine;1066.4;171;En stock;3.4;2024-06-04;1.51;3660123969097
PROD-2579;Aspirateur Robot Zenith;Maison & Cuisine;976.44;1047;En stock;4.3;2026-06-23;1.78;3660123490583
PROD-2580;Brosse à Dents Électrique Quantum;Beauté & Santé;711.03;1097;En stock;4.0;2025-02-15;4.54;3660123108845
PROD-2581;Tablette Apex;Électronique;694.77;536;En stock;4.1;2024-02-29;5.9;3660123420439
PROD-2582;Aspirateur Robot Apex;Maison & Cuisine;1035.04;363;En stock;4.1;2025-05-29;13.74;3660123622010
PROD-2583;Raquette de Tennis Quantum;Sports & Loisirs;325.46;642;En stock;4.0;2026-03-05;11.08;3660123506550
PROD-2584;Haltères Quantum;Sports & Loisirs;976.12;243;En stock;4.2;2026-01-11;2.03;3660123410582
PROD-2585;Aspirateur Robot Vortex;Maison & Cuisine;191.76;893;En stock;4.6;2024-07-02;1.22;3660123291912
PROD-2586;Écouteurs Sans Fil Elite;Électronique;92.5;582;En stock;3.3;2024-09-16;8.03;3660123934496
PROD-2587;Écouteurs Sans Fil Elite;Électronique;636.41;1046;En stock;4.8;2025-08-04;11.61;3660123834021
PROD-2588;Smartphone Quantum;Électronique;1122.87;914;En stock;3.3;2026-02-17;6.15;3660123739013
PROD-2589;Crème Hydratante Vortex;Beauté & Santé;900.93;197;En stock;4.3;2025-06-10;10.5;3660123216280
PROD-2590;Sèche-Cheveux Apex;Beauté & Santé;292.94;884;En stock;3.8;2024-01-22;11.09;3660123881321
PROD-2591;Aspirateur Robot Apex;Maison & Cuisine;16.93;402;En stock;4.5;2025-07-06;5.12;3660123670395
PROD-2592;Vélo Tout Terrain Apex;Sports & Loisirs;14.96;1293;En stock;3.1;2026-04-09;2.77;3660123356137
PROD-2593;Brosse à Dents Électrique Vortex;Beauté & Santé;925.61;727;En stock;4.1;2024-06-14;13.88;3660123983374
PROD-2594;Brosse à Dents Électrique Elite;Beauté & Santé;1014.07;1252;En stock;3.1;2025-04-06;6.03;3660123831388
PROD-2595;Vélo Tout Terrain Quantum;Sports & Loisirs;985.6;499;En stock;4.7;2024-06-30;12.67;3660123316855
PROD-2596;Parfum Elite;Beauté & Santé;1028.58;417;En stock;3.4;2025-05-10;6.17;3660123883269
PROD-2597;Tablette Zenith;Électronique;829.14;1292;En stock;4.9;2026-07-23;12.19;3660123967331
PROD-2598;Vélo Tout Terrain Quantum;Sports & Loisirs;596.78;507;En stock;3.9;2024-11-08;14.48;3660123213938
PROD-2599;Smartphone Nova;Électronique;210.01;1035;En stock;4.6;2024-07-24;13.51;3660123851720
PROD-2600;Brosse à Dents Électrique Apex;Beauté & Santé;878.19;1040;En stock;4.5;2024-08-17;5.3;3660123295910
PROD-2601;Raquette de Tennis Elite;Sports & Loisirs;1114.41;1082;En stock;4.0;2025-12-26;14.07;3660123872048
PROD-2602;Télévision 4K Quantum;Électronique;645.97;194;En stock;4.3;2025-03-08;11.36;3660123858489
PROD-2603;Sac à Dos Nova;Mode;18.08;1102;En stock;4.0;2026-05-26;9.85;3660123379341
PROD-2604;Aspirateur Robot Vortex;Maison & Cuisine;174.38;1242;En stock;3.9;2025-02-23;1.84;3660123627609
PROD-2605;Écouteurs Sans Fil Vortex;Électronique;550.5;1092;En stock;4.3;2025-07-08;10.42;3660123466942
PROD-2606;Vélo Tout Terrain Elite;Sports & Loisirs;881.46;1466;En stock;4.6;2024-06-03;10.55;3660123495177
PROD-2607;Chaussures de Sport Vortex;Mode;505.96;349;En stock;4.2;2024-12-28;8.66;3660123198776
PROD-2608;Mélangeur Quantum;Maison & Cuisine;273.33;1263;En stock;4.0;2025-08-02;13.38;3660123270401
PROD-2609;Veste d'Hiver Nova;Mode;787.01;1374;En stock;3.9;2025-10-13;0.23;3660123565921
PROD-2610;Jeans Slim Vortex;Mode;1121.52;46;Stock faible;3.9;2025-10-04;7.18;3660123901984
PROD-2611;Parfum Quantum;Beauté & Santé;771.43;623;En stock;3.1;2025-03-24;8.65;3660123515610
PROD-2612;Tapis de Yoga Vortex;Sports & Loisirs;14.95;1219;En stock;3.9;2025-12-03;10.23;3660123367292
PROD-2613;Crème Hydratante Elite;Beauté & Santé;806.96;1169;En stock;3.6;2024-10-09;1.22;3660123633786
PROD-2614;Friteuse sans Huile Vortex;Maison & Cuisine;1102.59;230;En stock;3.8;2024-09-05;4.41;3660123580599
PROD-2615;Crème Hydratante Nova;Beauté & Santé;524.27;1190;En stock;4.1;2025-06-30;1.69;3660123499319
PROD-2616;Sac à Dos Vortex;Mode;46.05;593;En stock;3.6;2026-03-22;9.11;3660123795081
PROD-2617;Parfum Apex;Beauté & Santé;431.39;350;En stock;3.2;2026-06-27;14.8;3660123271994
PROD-2618;Vélo Tout Terrain Quantum;Sports & Loisirs;60.41;819;En stock;3.6;2025-09-08;13.54;3660123118956
PROD-2619;Brosse à Dents Électrique Zenith;Beauté & Santé;699.68;517;En stock;3.7;2024-04-16;11.58;3660123100571
PROD-2620;Brosse à Dents Électrique Elite;Beauté & Santé;1047.79;675;En stock;4.0;2025-11-13;12.24;3660123677833
PROD-2621;Friteuse sans Huile Vortex;Maison & Cuisine;960.58;536;En stock;4.7;2026-01-31;14.92;3660123680210
PROD-2622;Chaussures de Sport Nova;Mode;28.78;915;En stock;4.6;2026-07-26;0.29;3660123100662
PROD-2623;Aspirateur Robot Elite;Maison & Cuisine;454.93;799;En stock;4.5;2025-02-16;1.62;3660123916373
PROD-2624;Crème Hydratante Elite;Beauté & Santé;272.25;732;En stock;3.8;2024-04-09;8.41;3660123904524
PROD-2625;Brosse à Dents Électrique Quantum;Beauté & Santé;1272.57;1361;En stock;4.7;2024-10-28;6.54;3660123697145
PROD-2626;Tablette Quantum;Électronique;1189.02;39;Stock faible;4.3;2025-06-27;7.13;3660123534577
PROD-2627;Smartphone Apex;Électronique;824.01;417;En stock;3.9;2026-06-28;10.35;3660123149917
PROD-2628;Mélangeur Zenith;Maison & Cuisine;400.88;516;En stock;3.3;2025-09-01;14.08;3660123512504
PROD-2629;Haltères Elite;Sports & Loisirs;452.39;864;En stock;4.1;2025-02-14;12.3;3660123492403
PROD-2630;Mélangeur Apex;Maison & Cuisine;497.39;258;En stock;3.2;2026-07-21;5.23;3660123726373
PROD-2631;Gourde Isotherme Nova;Sports & Loisirs;416.89;871;En stock;4.5;2024-07-07;14.09;3660123289582
PROD-2632;Tablette Apex;Électronique;437.99;441;En stock;4.9;2025-10-25;9.93;3660123560929
PROD-2633;Écouteurs Sans Fil Quantum;Électronique;406.41;796;En stock;3.6;2024-10-22;10.3;3660123441500
PROD-2634;Sac à Dos Nova;Mode;785.0;668;En stock;3.3;2026-05-18;12.38;3660123343018
PROD-2635;Brosse à Dents Électrique Zenith;Beauté & Santé;17.87;167;En stock;4.9;2024-10-21;5.06;3660123464587
PROD-2636;Aspirateur Robot Nova;Maison & Cuisine;914.95;1220;En stock;3.1;2026-01-28;3.81;3660123233930
PROD-2637;Aspirateur Robot Apex;Maison & Cuisine;1208.78;967;En stock;3.5;2026-03-08;9.64;3660123764070
PROD-2638;Gourde Isotherme Nova;Sports & Loisirs;559.01;554;En stock;4.1;2025-07-12;11.0;3660123747480
PROD-2639;Sac à Dos Zenith;Mode;928.94;657;En stock;4.1;2024-06-24;2.8;3660123801070
PROD-2640;Jeans Slim Elite;Mode;1095.78;286;En stock;4.4;2024-11-16;1.61;3660123221274
PROD-2641;Crème Hydratante Quantum;Beauté & Santé;485.02;172;En stock;3.9;2024-02-26;5.11;3660123154762
PROD-2642;Sèche-Cheveux Zenith;Beauté & Santé;407.97;189;En stock;3.5;2025-04-10;4.68;3660123594525
PROD-2643;Mélangeur Elite;Maison & Cuisine;287.11;289;En stock;3.6;2026-06-13;7.98;3660123879458
PROD-2644;T-shirt en Coton Quantum;Mode;163.61;1189;En stock;3.6;2026-04-05;14.7;3660123581781
PROD-2645;Mélangeur Zenith;Maison & Cuisine;1103.14;1235;En stock;3.4;2024-12-07;3.55;3660123635345
PROD-2646;Sèche-Cheveux Nova;Beauté & Santé;261.84;1085;En stock;3.4;2024-03-26;13.12;3660123171982
PROD-2647;Machine à Café Elite;Maison & Cuisine;682.29;1230;En stock;5.0;2025-03-13;14.05;3660123637898
PROD-2648;Raquette de Tennis Vortex;Sports & Loisirs;1157.61;1140;En stock;3.1;2026-03-24;2.69;3660123669696
PROD-2649;Vélo Tout Terrain Apex;Sports & Loisirs;377.95;1136;En stock;3.9;2024-11-19;10.3;3660123428687
PROD-2650;Aspirateur Robot Quantum;Maison & Cuisine;902.04;836;En stock;3.7;2025-11-07;3.27;3660123443343
PROD-2651;Four à Micro-ondes Vortex;Maison & Cuisine;74.49;1048;En stock;4.1;2024-04-19;5.41;3660123818860
PROD-2652;Vélo Tout Terrain Zenith;Sports & Loisirs;370.18;781;En stock;4.0;2026-01-22;7.24;3660123878365
PROD-2653;Vélo Tout Terrain Vortex;Sports & Loisirs;1053.69;1205;En stock;4.9;2024-11-13;3.44;3660123953155
PROD-2654;Vélo Tout Terrain Vortex;Sports & Loisirs;789.93;526;En stock;4.8;2025-10-06;11.93;3660123374719
PROD-2655;T-shirt en Coton Vortex;Mode;767.92;1199;En stock;4.6;2025-12-07;0.65;3660123150566
PROD-2656;Crème Hydratante Quantum;Beauté & Santé;303.95;34;Stock faible;4.1;2024-08-27;12.51;3660123816972
PROD-2657;Jeans Slim Apex;Mode;918.5;1106;En stock;4.2;2025-11-10;7.88;3660123401454
PROD-2658;Mélangeur Quantum;Maison & Cuisine;367.24;1053;En stock;4.6;2024-10-31;9.33;3660123980145
PROD-2659;Parfum Vortex;Beauté & Santé;488.21;349;En stock;4.1;2026-06-16;5.63;3660123912783
PROD-2660;Haltères Elite;Sports & Loisirs;925.86;713;En stock;4.5;2024-05-09;14.19;3660123877935
PROD-2661;Tablette Apex;Électronique;241.09;146;En stock;3.9;2025-08-20;7.0;3660123664986
PROD-2662;Sèche-Cheveux Nova;Beauté & Santé;396.01;1106;En stock;3.4;2025-09-15;13.62;3660123573802
PROD-2663;Télévision 4K Apex;Électronique;1204.83;1189;En stock;4.1;2026-07-26;14.49;3660123444699
PROD-2664;Écouteurs Sans Fil Nova;Électronique;558.83;327;En stock;4.0;2025-02-04;14.73;3660123209902
PROD-2665;Ordinateur Portable Elite;Électronique;290.74;60;En stock;3.4;2025-05-29;5.19;3660123555519
PROD-2666;Sèche-Cheveux Apex;Beauté & Santé;755.77;1248;En stock;5.0;2025-05-18;12.53;3660123183662
PROD-2667;Veste d'Hiver Vortex;Mode;24.64;46;Stock faible;4.5;2025-09-24;9.88;3660123984694
PROD-2668;Brosse à Dents Électrique Apex;Beauté & Santé;584.42;1181;En stock;3.1;2024-11-19;2.3;3660123545881
PROD-2669;Raquette de Tennis Nova;Sports & Loisirs;295.09;765;En stock;3.2;2026-04-28;9.89;3660123880679
PROD-2670;Sèche-Cheveux Elite;Beauté & Santé;609.43;24;Stock faible;4.5;2025-11-15;4.84;3660123232683
PROD-2671;Tapis de Yoga Elite;Sports & Loisirs;970.28;249;En stock;4.2;2026-03-17;8.81;3660123110942
PROD-2672;Friteuse sans Huile Nova;Maison & Cuisine;1110.14;971;En stock;3.6;2025-10-23;13.01;3660123466542
PROD-2673;Ordinateur Portable Elite;Électronique;560.29;1175;En stock;3.1;2025-06-27;4.99;3660123661000
PROD-2674;Tablette Elite;Électronique;168.68;580;En stock;3.7;2026-06-19;2.12;3660123322484
PROD-2675;Vélo Tout Terrain Quantum;Sports & Loisirs;99.88;702;En stock;4.9;2026-03-25;11.83;3660123620292
PROD-2676;Four à Micro-ondes Quantum;Maison & Cuisine;190.41;900;En stock;3.2;2025-12-07;5.3;3660123855629
PROD-2677;Parfum Vortex;Beauté & Santé;326.49;723;En stock;3.5;2025-09-25;1.0;3660123107459
PROD-2678;Sac à Dos Zenith;Mode;1268.29;881;En stock;3.2;2025-10-10;14.34;3660123572239
PROD-2679;Aspirateur Robot Elite;Maison & Cuisine;441.25;790;En stock;4.6;2024-09-02;8.81;3660123695695
PROD-2680;Mélangeur Zenith;Maison & Cuisine;1028.9;236;En stock;3.2;2024-10-24;3.77;3660123811818
PROD-2681;Sèche-Cheveux Elite;Beauté & Santé;182.88;1040;En stock;4.8;2025-04-27;7.34;3660123579131
PROD-2682;Ordinateur Portable Vortex;Électronique;776.9;1331;En stock;3.8;2024-01-05;5.21;3660123361487
PROD-2683;Jeans Slim Vortex;Mode;116.04;522;En stock;3.5;2026-04-16;10.6;3660123532232
PROD-2684;Smartphone Apex;Électronique;814.24;1426;En stock;3.9;2024-11-27;9.56;3660123314683
PROD-2685;Sac à Dos Elite;Mode;1195.56;838;En stock;4.7;2024-02-13;14.63;3660123230484
PROD-2686;Ordinateur Portable Elite;Électronique;732.67;2;Stock faible;3.3;2024-08-07;0.22;3660123249642
PROD-2687;Gourde Isotherme Nova;Sports & Loisirs;554.65;1042;En stock;4.7;2024-09-26;9.54;3660123809290
PROD-2688;Chaussures de Sport Apex;Mode;692.23;1185;En stock;3.5;2024-11-20;11.93;3660123122657
PROD-2689;Parfum Vortex;Beauté & Santé;1038.49;856;En stock;4.0;2024-09-23;10.46;3660123791300
PROD-2690;Sèche-Cheveux Vortex;Beauté & Santé;234.06;1035;En stock;4.1;2026-05-28;4.25;3660123743475
PROD-2691;Parfum Zenith;Beauté & Santé;1133.8;718;En stock;3.2;2025-12-24;3.63;3660123971820
PROD-2692;Sac à Dos Elite;Mode;1161.65;278;En stock;4.7;2024-05-06;6.86;3660123306093
PROD-2693;Montre Connectée Quantum;Électronique;1049.79;1146;En stock;5.0;2026-03-18;1.67;3660123502388
PROD-2694;T-shirt en Coton Nova;Mode;403.53;426;En stock;4.2;2026-02-17;7.89;3660123168163
PROD-2695;Parfum Nova;Beauté & Santé;717.4;907;En stock;4.3;2025-01-02;14.43;3660123333250
PROD-2696;Machine à Café Quantum;Maison & Cuisine;376.3;972;En stock;3.9;2026-04-29;3.84;3660123343844
PROD-2697;Tablette Apex;Électronique;813.26;230;En stock;4.9;2024-12-23;2.98;3660123966023
PROD-2698;Tapis de Yoga Nova;Sports & Loisirs;712.98;810;En stock;3.3;2024-09-27;11.83;3660123141438
PROD-2699;T-shirt en Coton Elite;Mode;1103.11;476;En stock;4.8;2025-09-17;0.62;3660123784062
PROD-2700;Chaussures de Sport Quantum;Mode;182.79;549;En stock;4.5;2024-03-08;0.39;3660123841632
PROD-2701;Raquette de Tennis Elite;Sports & Loisirs;361.01;1157;En stock;3.4;2024-10-04;5.63;3660123918710
PROD-2702;Friteuse sans Huile Elite;Maison & Cuisine;107.11;1272;En stock;4.0;2025-09-22;4.71;3660123765103
PROD-2703;Machine à Café Zenith;Maison & Cuisine;711.73;953;En stock;3.1;2026-01-17;11.06;3660123597726
PROD-2704;Four à Micro-ondes Zenith;Maison & Cuisine;1126.55;1176;En stock;3.8;2024-07-06;2.74;3660123181923
PROD-2705;Haltères Nova;Sports & Loisirs;249.31;28;Stock faible;3.5;2026-06-30;10.44;3660123806162
PROD-2706;Machine à Café Quantum;Maison & Cuisine;138.58;1092;En stock;4.7;2024-02-22;0.63;3660123420317
PROD-2707;Raquette de Tennis Quantum;Sports & Loisirs;137.98;781;En stock;3.4;2025-05-01;0.28;3660123672685
PROD-2708;Gourde Isotherme Elite;Sports & Loisirs;852.1;114;En stock;4.9;2024-06-04;11.71;3660123133342
PROD-2709;Crème Hydratante Nova;Beauté & Santé;514.28;848;En stock;4.4;2024-03-12;8.61;3660123306143
PROD-2710;Raquette de Tennis Vortex;Sports & Loisirs;50.21;694;En stock;3.9;2025-09-11;4.76;3660123162843
PROD-2711;Télévision 4K Nova;Électronique;186.15;1153;En stock;4.9;2024-01-27;12.0;3660123326689
PROD-2712;Parfum Apex;Beauté & Santé;254.45;70;En stock;4.3;2024-06-24;2.49;3660123214459
PROD-2713;Friteuse sans Huile Quantum;Maison & Cuisine;740.61;1043;En stock;3.9;2024-03-18;9.86;3660123619689
PROD-2714;Machine à Café Apex;Maison & Cuisine;42.18;519;En stock;3.6;2026-08-02;10.68;3660123392896
PROD-2715;Tapis de Yoga Quantum;Sports & Loisirs;153.13;342;En stock;4.1;2024-03-11;7.16;3660123106594
PROD-2716;Haltères Zenith;Sports & Loisirs;325.88;110;En stock;5.0;2024-05-28;12.39;3660123896473
PROD-2717;Veste d'Hiver Nova;Mode;246.92;295;En stock;3.2;2025-02-10;0.33;3660123458949
PROD-2718;Machine à Café Vortex;Maison & Cuisine;358.13;168;En stock;3.3;2026-01-20;13.72;3660123796588
PROD-2719;Tablette Zenith;Électronique;403.56;913;En stock;4.6;2025-04-30;13.26;3660123494083
PROD-2720;Sèche-Cheveux Nova;Beauté & Santé;879.97;861;En stock;4.3;2024-12-27;4.81;3660123335561
PROD-2721;Four à Micro-ondes Quantum;Maison & Cuisine;111.77;953;En stock;4.2;2024-11-03;10.83;3660123125277
PROD-2722;Mélangeur Zenith;Maison & Cuisine;1077.03;735;En stock;4.2;2024-12-25;1.77;3660123138855
PROD-2723;Aspirateur Robot Apex;Maison & Cuisine;751.7;226;En stock;3.6;2025-07-03;8.76;3660123982474
PROD-2724;Ordinateur Portable Quantum;Électronique;707.23;828;En stock;5.0;2025-12-20;4.35;3660123736118
PROD-2725;Parfum Zenith;Beauté & Santé;627.86;876;En stock;4.6;2026-07-19;14.71;3660123807227
PROD-2726;Vélo Tout Terrain Nova;Sports & Loisirs;608.05;120;En stock;4.8;2025-05-27;7.93;3660123427115
PROD-2727;Haltères Apex;Sports & Loisirs;669.4;472;En stock;3.9;2025-11-04;8.41;3660123192873
PROD-2728;Sèche-Cheveux Vortex;Beauté & Santé;51.95;597;En stock;4.2;2025-08-03;2.05;3660123558419
PROD-2729;T-shirt en Coton Apex;Mode;530.72;1487;En stock;4.5;2026-04-23;11.55;3660123311392
PROD-2730;Raquette de Tennis Elite;Sports & Loisirs;816.66;404;En stock;4.6;2024-08-23;4.25;3660123382083
PROD-2731;Parfum Zenith;Beauté & Santé;589.26;80;En stock;4.0;2024-04-30;3.44;3660123653421
PROD-2732;Haltères Zenith;Sports & Loisirs;566.87;303;En stock;4.4;2024-01-10;2.61;3660123274587
PROD-2733;Four à Micro-ondes Elite;Maison & Cuisine;1221.04;303;En stock;4.7;2025-01-02;13.55;3660123101562
PROD-2734;Machine à Café Apex;Maison & Cuisine;88.63;37;Stock faible;4.1;2025-01-20;3.81;3660123405859
PROD-2735;Gourde Isotherme Nova;Sports & Loisirs;775.92;1253;En stock;3.0;2025-06-12;7.86;3660123905430
PROD-2736;Sèche-Cheveux Apex;Beauté & Santé;335.23;831;En stock;4.6;2024-01-24;8.74;3660123997448
PROD-2737;Télévision 4K Vortex;Électronique;981.32;1285;En stock;3.3;2024-08-28;2.17;3660123618491
PROD-2738;Four à Micro-ondes Elite;Maison & Cuisine;1082.84;1378;En stock;4.1;2026-03-02;8.7;3660123582167
PROD-2739;Sèche-Cheveux Quantum;Beauté & Santé;21.48;689;En stock;3.6;2026-05-12;14.27;3660123996081
PROD-2740;Parfum Quantum;Beauté & Santé;1299.96;795;En stock;3.5;2024-02-21;0.44;3660123725711
PROD-2741;Crème Hydratante Elite;Beauté & Santé;292.65;889;En stock;3.2;2024-04-09;10.87;3660123356186
PROD-2742;Tapis de Yoga Apex;Sports & Loisirs;685.16;174;En stock;3.6;2025-11-09;9.1;3660123777130
PROD-2743;Veste d'Hiver Zenith;Mode;656.6;1174;En stock;4.9;2024-11-12;2.34;3660123119053
PROD-2744;Mélangeur Elite;Maison & Cuisine;25.52;743;En stock;3.4;2026-02-19;3.66;3660123532928
PROD-2745;Tapis de Yoga Quantum;Sports & Loisirs;424.92;1177;En stock;4.2;2024-09-13;4.32;3660123838253
PROD-2746;Chaussures de Sport Quantum;Mode;579.68;1466;En stock;3.1;2024-02-29;8.3;3660123379966
PROD-2747;Ordinateur Portable Elite;Électronique;1003.28;187;En stock;4.4;2024-06-04;13.82;3660123784319
PROD-2748;Friteuse sans Huile Quantum;Maison & Cuisine;779.43;591;En stock;4.9;2024-06-01;14.42;3660123510079
PROD-2749;Aspirateur Robot Vortex;Maison & Cuisine;457.17;143;En stock;4.0;2025-12-06;4.94;3660123242546
PROD-2750;Vélo Tout Terrain Zenith;Sports & Loisirs;831.94;394;En stock;3.8;2024-06-12;14.27;3660123333066
PROD-2751;Chaussures de Sport Apex;Mode;20.85;178;En stock;3.3;2024-04-06;14.89;3660123687216
PROD-2752;Friteuse sans Huile Elite;Maison & Cuisine;438.29;1124;En stock;3.2;2025-03-04;14.08;3660123758864
PROD-2753;Mélangeur Zenith;Maison & Cuisine;738.14;587;En stock;4.3;2026-07-02;6.02;3660123133247
PROD-2754;Télévision 4K Vortex;Électronique;233.02;113;En stock;3.5;2025-02-22;0.45;3660123189394
PROD-2755;Friteuse sans Huile Nova;Maison & Cuisine;683.85;938;En stock;3.2;2024-04-01;10.88;3660123881857
PROD-2756;Machine à Café Nova;Maison & Cuisine;742.45;1284;En stock;3.9;2024-12-25;1.43;3660123130791
PROD-2757;Sac à Dos Elite;Mode;492.79;1019;En stock;4.5;2025-03-21;11.3;3660123335288
PROD-2758;Veste d'Hiver Quantum;Mode;945.76;625;En stock;4.3;2026-07-04;2.25;3660123561170
PROD-2759;Vélo Tout Terrain Elite;Sports & Loisirs;396.79;51;En stock;3.2;2024-03-31;5.06;3660123107176
PROD-2760;Chaussures de Sport Elite;Mode;969.13;1281;En stock;5.0;2026-01-19;4.71;3660123986407
PROD-2761;Mélangeur Nova;Maison & Cuisine;461.13;863;En stock;3.2;2025-02-23;8.07;3660123271108
PROD-2762;T-shirt en Coton Elite;Mode;886.4;939;En stock;4.3;2024-07-06;5.97;3660123103977
PROD-2763;Parfum Quantum;Beauté & Santé;917.62;793;En stock;4.9;2025-12-16;11.77;3660123260057
PROD-2764;Mélangeur Apex;Maison & Cuisine;1243.74;1272;En stock;4.8;2026-06-24;14.97;3660123993702
PROD-2765;Parfum Vortex;Beauté & Santé;1114.56;552;En stock;4.6;2024-10-27;7.15;3660123970181
PROD-2766;Montre Connectée Nova;Électronique;755.84;1308;En stock;3.4;2024-01-16;0.64;3660123214140
PROD-2767;Crème Hydratante Vortex;Beauté & Santé;739.65;617;En stock;4.9;2024-05-08;3.61;3660123385081
PROD-2768;Mélangeur Apex;Maison & Cuisine;406.33;858;En stock;4.8;2026-02-10;5.74;3660123259761
PROD-2769;Ordinateur Portable Apex;Électronique;443.79;1304;En stock;3.9;2024-09-15;9.11;3660123887700
PROD-2770;Jeans Slim Zenith;Mode;341.23;352;En stock;3.0;2025-02-13;9.93;3660123389839
PROD-2771;T-shirt en Coton Apex;Mode;140.38;1454;En stock;4.2;2026-03-03;3.01;3660123677168
PROD-2772;Tablette Nova;Électronique;608.03;5;Stock faible;4.7;2025-03-15;3.58;3660123336293
PROD-2773;Sac à Dos Zenith;Mode;655.56;1029;En stock;4.6;2026-01-11;1.07;3660123641922
PROD-2774;Sac à Dos Quantum;Mode;702.51;829;En stock;3.8;2026-06-05;11.63;3660123464187
PROD-2775;Smartphone Apex;Électronique;244.44;329;En stock;4.6;2025-01-14;4.73;3660123788402
PROD-2776;T-shirt en Coton Elite;Mode;250.56;60;En stock;3.2;2025-02-15;0.86;3660123740995
PROD-2777;Parfum Apex;Beauté & Santé;1072.69;490;En stock;4.0;2024-04-12;10.73;3660123773039
PROD-2778;Parfum Apex;Beauté & Santé;1283.81;414;En stock;3.3;2025-12-16;3.1;3660123723561
PROD-2779;Raquette de Tennis Vortex;Sports & Loisirs;813.53;101;En stock;3.2;2026-04-06;4.21;3660123113847
PROD-2780;Mélangeur Quantum;Maison & Cuisine;1059.14;492;En stock;3.2;2025-12-07;7.5;3660123203705
PROD-2781;Parfum Elite;Beauté & Santé;725.65;93;En stock;4.6;2024-04-17;13.28;3660123894474
PROD-2782;Vélo Tout Terrain Zenith;Sports & Loisirs;892.02;1263;En stock;5.0;2024-02-22;10.85;3660123370921
PROD-2783;Tablette Elite;Électronique;377.5;1302;En stock;3.9;2025-06-20;5.0;3660123482372
PROD-2784;Montre Connectée Apex;Électronique;109.37;896;En stock;3.7;2024-12-11;8.0;3660123840471
PROD-2785;Smartphone Quantum;Électronique;1200.17;1143;En stock;4.1;2026-06-07;12.57;3660123647971
PROD-2786;Télévision 4K Nova;Électronique;1015.4;1226;En stock;4.5;2026-01-02;3.48;3660123217389
PROD-2787;Tapis de Yoga Quantum;Sports & Loisirs;45.45;1413;En stock;4.0;2026-03-08;9.27;3660123975340
PROD-2788;Machine à Café Nova;Maison & Cuisine;883.12;1204;En stock;4.3;2025-01-28;3.84;3660123614232
PROD-2789;Tablette Nova;Électronique;635.85;464;En stock;3.1;2026-06-18;6.35;3660123211193
PROD-2790;Ordinateur Portable Zenith;Électronique;715.66;1379;En stock;4.4;2025-07-16;5.56;3660123468991
PROD-2791;Raquette de Tennis Apex;Sports & Loisirs;28.99;1333;En stock;3.5;2026-06-07;4.47;3660123937185
PROD-2792;Machine à Café Quantum;Maison & Cuisine;1253.56;332;En stock;4.9;2024-05-04;5.92;3660123139899
PROD-2793;Raquette de Tennis Elite;Sports & Loisirs;994.8;1129;En stock;3.7;2025-04-11;3.97;3660123798751
PROD-2794;Tapis de Yoga Quantum;Sports & Loisirs;1043.08;1397;En stock;4.4;2024-03-08;6.61;3660123823615
PROD-2795;Ordinateur Portable Vortex;Électronique;1106.11;746;En stock;4.4;2026-06-17;14.16;3660123193787
PROD-2796;T-shirt en Coton Elite;Mode;158.91;832;En stock;4.8;2026-04-23;2.26;3660123176231
PROD-2797;Télévision 4K Apex;Électronique;290.68;745;En stock;3.1;2026-04-12;9.77;3660123904093
PROD-2798;Jeans Slim Zenith;Mode;1104.6;1439;En stock;4.5;2024-04-25;9.34;3660123332921
PROD-2799;Brosse à Dents Électrique Zenith;Beauté & Santé;708.95;599;En stock;4.0;2024-08-13;0.45;3660123416069
PROD-2800;Montre Connectée Quantum;Électronique;784.88;152;En stock;4.6;2024-11-19;12.89;3660123149126
PROD-2801;Aspirateur Robot Zenith;Maison & Cuisine;1185.94;772;En stock;4.0;2025-01-08;11.48;3660123849005
PROD-2802;Parfum Elite;Beauté & Santé;385.12;1460;En stock;4.6;2024-08-24;10.05;3660123744312
PROD-2803;Jeans Slim Zenith;Mode;719.43;191;En stock;3.0;2024-01-18;12.32;3660123898023
PROD-2804;Chaussures de Sport Quantum;Mode;344.84;318;En stock;4.0;2026-04-19;12.14;3660123925478
PROD-2805;Tapis de Yoga Zenith;Sports & Loisirs;619.46;1130;En stock;3.7;2026-02-01;11.5;3660123216567
PROD-2806;Friteuse sans Huile Apex;Maison & Cuisine;1178.51;1009;En stock;3.7;2024-04-10;2.1;3660123721045
PROD-2807;Sac à Dos Quantum;Mode;663.62;699;En stock;3.7;2024-06-07;5.71;3660123770555
PROD-2808;Montre Connectée Vortex;Électronique;605.79;465;En stock;4.5;2024-01-20;2.39;3660123924985
PROD-2809;Chaussures de Sport Elite;Mode;1096.91;757;En stock;4.5;2025-03-08;11.62;3660123591324
PROD-2810;Aspirateur Robot Zenith;Maison & Cuisine;93.4;208;En stock;3.1;2024-07-27;1.01;3660123624330
PROD-2811;Tapis de Yoga Zenith;Sports & Loisirs;505.7;539;En stock;4.5;2025-05-07;8.02;3660123772365
PROD-2812;Four à Micro-ondes Elite;Maison & Cuisine;942.22;443;En stock;3.2;2024-11-21;4.67;3660123339359
PROD-2813;Sèche-Cheveux Nova;Beauté & Santé;1156.37;607;En stock;4.6;2026-05-10;4.6;3660123987804
PROD-2814;Chaussures de Sport Elite;Mode;243.57;102;En stock;3.3;2024-06-25;5.05;3660123908009
PROD-2815;Raquette de Tennis Quantum;Sports & Loisirs;1275.82;923;En stock;3.4;2025-06-12;12.53;3660123147912
PROD-2816;Gourde Isotherme Quantum;Sports & Loisirs;333.36;21;Stock faible;3.9;2026-07-02;5.72;3660123316923
PROD-2817;Four à Micro-ondes Apex;Maison & Cuisine;1118.96;1446;En stock;3.4;2024-12-12;3.2;3660123675133
PROD-2818;Gourde Isotherme Quantum;Sports & Loisirs;902.19;733;En stock;4.2;2024-08-11;13.41;3660123552185
PROD-2819;Parfum Vortex;Beauté & Santé;77.22;1375;En stock;4.4;2026-03-27;4.02;3660123648736
PROD-2820;Raquette de Tennis Elite;Sports & Loisirs;311.54;117;En stock;4.4;2026-03-09;5.62;3660123346747
PROD-2821;T-shirt en Coton Zenith;Mode;1026.78;1407;En stock;4.0;2026-05-04;9.1;3660123251823
PROD-2822;Vélo Tout Terrain Vortex;Sports & Loisirs;549.36;171;En stock;4.9;2024-12-01;8.98;3660123571200
PROD-2823;Haltères Apex;Sports & Loisirs;415.4;1396;En stock;4.3;2024-11-25;6.23;3660123160579
PROD-2824;Raquette de Tennis Vortex;Sports & Loisirs;1147.56;1023;En stock;4.4;2024-12-18;3.89;3660123557529
PROD-2825;Tablette Elite;Électronique;1122.81;494;En stock;4.7;2025-06-23;3.97;3660123986128
PROD-2826;Four à Micro-ondes Nova;Maison & Cuisine;1119.79;266;En stock;3.9;2024-07-30;2.79;3660123840469
PROD-2827;Machine à Café Elite;Maison & Cuisine;199.91;211;En stock;3.2;2024-03-17;12.56;3660123970456
PROD-2828;Chaussures de Sport Quantum;Mode;792.69;1007;En stock;3.2;2024-06-17;0.95;3660123408834
PROD-2829;Friteuse sans Huile Vortex;Maison & Cuisine;489.8;591;En stock;3.5;2025-07-19;6.12;3660123680343
PROD-2830;Aspirateur Robot Zenith;Maison & Cuisine;236.67;212;En stock;4.7;2025-08-15;0.22;3660123712907
PROD-2831;Machine à Café Apex;Maison & Cuisine;1169.04;846;En stock;5.0;2025-08-05;11.94;3660123114590
PROD-2832;Écouteurs Sans Fil Nova;Électronique;885.39;550;En stock;4.0;2024-03-20;1.0;3660123672907
PROD-2833;Smartphone Quantum;Électronique;609.26;39;Stock faible;4.8;2026-04-05;14.97;3660123519495
PROD-2834;Four à Micro-ondes Apex;Maison & Cuisine;1155.73;1403;En stock;3.0;2024-02-03;4.44;3660123307916
PROD-2835;Machine à Café Quantum;Maison & Cuisine;1087.31;375;En stock;3.5;2024-10-13;5.71;3660123334751
PROD-2836;Télévision 4K Nova;Électronique;736.52;908;En stock;3.9;2024-09-04;13.75;3660123105588
PROD-2837;Brosse à Dents Électrique Vortex;Beauté & Santé;51.93;814;En stock;4.5;2024-11-28;3.98;3660123263864
PROD-2838;Sac à Dos Elite;Mode;800.44;1126;En stock;3.7;2025-12-16;9.09;3660123874016
PROD-2839;Brosse à Dents Électrique Nova;Beauté & Santé;605.99;323;En stock;5.0;2025-05-20;2.78;3660123191233
PROD-2840;Friteuse sans Huile Apex;Maison & Cuisine;1070.69;455;En stock;3.7;2024-02-18;4.55;3660123909924
PROD-2841;Parfum Apex;Beauté & Santé;171.81;881;En stock;4.4;2025-04-08;5.99;3660123447212
PROD-2842;Four à Micro-ondes Nova;Maison & Cuisine;723.31;622;En stock;3.7;2024-07-29;8.86;3660123377636
PROD-2843;Crème Hydratante Apex;Beauté & Santé;593.9;1;Stock faible;4.0;2025-07-13;6.58;3660123955705
PROD-2844;Télévision 4K Elite;Électronique;648.75;744;En stock;4.5;2026-05-16;13.08;3660123277886
PROD-2845;Tablette Apex;Électronique;867.98;211;En stock;4.1;2026-05-12;12.68;3660123723925
PROD-2846;Ordinateur Portable Nova;Électronique;1005.41;760;En stock;4.6;2024-11-02;13.24;3660123349767
PROD-2847;Sèche-Cheveux Zenith;Beauté & Santé;344.16;1172;En stock;4.8;2025-08-21;3.46;3660123264497
PROD-2848;Jeans Slim Nova;Mode;276.1;13;Stock faible;4.9;2024-09-07;5.43;3660123142715
PROD-2849;Mélangeur Elite;Maison & Cuisine;1048.91;704;En stock;4.7;2024-03-01;1.79;3660123864816
PROD-2850;Mélangeur Zenith;Maison & Cuisine;433.83;1470;En stock;4.4;2024-02-04;3.47;3660123524484
PROD-2851;Crème Hydratante Elite;Beauté & Santé;1020.53;1277;En stock;3.4;2026-03-05;3.76;3660123270080
PROD-2852;Jeans Slim Quantum;Mode;1195.68;1212;En stock;3.9;2024-01-08;12.2;3660123127946
PROD-2853;Sac à Dos Elite;Mode;965.13;1321;En stock;3.5;2024-05-09;12.49;3660123926970
PROD-2854;Veste d'Hiver Apex;Mode;218.57;1187;En stock;3.1;2026-03-09;5.07;3660123727514
PROD-2855;Haltères Vortex;Sports & Loisirs;785.47;274;En stock;4.9;2024-04-30;2.23;3660123620526
PROD-2856;Vélo Tout Terrain Apex;Sports & Loisirs;630.64;632;En stock;4.2;2024-10-11;2.48;3660123115610
PROD-2857;Vélo Tout Terrain Vortex;Sports & Loisirs;1009.58;549;En stock;4.3;2025-08-02;3.13;3660123569905
PROD-2858;Sac à Dos Apex;Mode;765.87;370;En stock;3.8;2024-03-18;10.57;3660123204726
PROD-2859;Haltères Nova;Sports & Loisirs;942.08;262;En stock;4.9;2026-05-25;14.27;3660123596450
PROD-2860;Jeans Slim Elite;Mode;1110.42;1289;En stock;4.8;2024-09-14;5.81;3660123248758
PROD-2861;Tablette Quantum;Électronique;165.39;468;En stock;3.1;2025-08-07;8.94;3660123791897
PROD-2862;Crème Hydratante Zenith;Beauté & Santé;1138.17;553;En stock;3.1;2024-06-19;10.61;3660123165844
PROD-2863;Jeans Slim Zenith;Mode;467.46;650;En stock;3.2;2024-08-02;10.82;3660123246353
PROD-2864;Tablette Elite;Électronique;145.53;486;En stock;4.3;2024-02-20;7.81;3660123563068
PROD-2865;Raquette de Tennis Quantum;Sports & Loisirs;832.64;534;En stock;3.9;2024-05-09;5.68;3660123877255
PROD-2866;Jeans Slim Nova;Mode;1262.25;1027;En stock;4.1;2025-12-26;12.3;3660123758802
PROD-2867;Sac à Dos Apex;Mode;771.99;15;Stock faible;3.6;2025-07-09;7.3;3660123143460
PROD-2868;Gourde Isotherme Elite;Sports & Loisirs;503.03;1176;En stock;3.4;2024-08-01;13.22;3660123894352
PROD-2869;Friteuse sans Huile Vortex;Maison & Cuisine;1282.16;880;En stock;3.7;2025-01-01;13.1;3660123159936
PROD-2870;Mélangeur Quantum;Maison & Cuisine;934.16;1362;En stock;3.6;2025-03-19;4.2;3660123645013
PROD-2871;Sac à Dos Zenith;Mode;958.45;1086;En stock;3.4;2026-01-26;8.17;3660123912476
PROD-2872;Chaussures de Sport Elite;Mode;1033.91;276;En stock;3.8;2024-06-25;0.37;3660123632587
PROD-2873;Chaussures de Sport Quantum;Mode;171.66;1197;En stock;4.6;2025-01-06;4.65;3660123327233
PROD-2874;Veste d'Hiver Apex;Mode;1023.59;802;En stock;3.3;2024-06-11;2.67;3660123467382
PROD-2875;Smartphone Vortex;Électronique;246.51;1493;En stock;4.6;2025-10-12;6.15;3660123893701
PROD-2876;Chaussures de Sport Nova;Mode;722.68;386;En stock;4.2;2024-09-14;13.22;3660123777504
PROD-2877;Smartphone Nova;Électronique;1032.86;503;En stock;4.8;2024-03-30;4.38;3660123701251
PROD-2878;Friteuse sans Huile Apex;Maison & Cuisine;1026.59;1240;En stock;4.4;2025-03-03;5.98;3660123971865
PROD-2879;Tapis de Yoga Nova;Sports & Loisirs;538.77;0;Rupture de stock;3.5;2026-04-30;13.39;3660123968253
PROD-2880;Tablette Zenith;Électronique;565.09;379;En stock;3.1;2026-05-06;4.35;3660123141249
PROD-2881;Montre Connectée Nova;Électronique;802.72;102;En stock;4.5;2024-03-27;8.67;3660123357541
PROD-2882;Jeans Slim Vortex;Mode;808.74;275;En stock;3.3;2026-05-06;7.01;3660123191062
PROD-2883;Brosse à Dents Électrique Quantum;Beauté & Santé;1109.3;1423;En stock;3.1;2024-01-22;13.98;3660123250540
PROD-2884;Gourde Isotherme Elite;Sports & Loisirs;58.07;819;En stock;3.6;2024-04-23;13.86;3660123884714
PROD-2885;Tapis de Yoga Quantum;Sports & Loisirs;1268.54;265;En stock;3.8;2024-08-11;10.66;3660123847873
PROD-2886;T-shirt en Coton Apex;Mode;748.44;467;En stock;3.9;2024-07-23;4.14;3660123194509
PROD-2887;Gourde Isotherme Elite;Sports & Loisirs;199.12;456;En stock;4.3;2024-07-29;14.75;3660123307856
PROD-2888;Tapis de Yoga Apex;Sports & Loisirs;839.35;1264;En stock;3.5;2025-12-30;1.49;3660123556416
PROD-2889;Jeans Slim Nova;Mode;932.88;796;En stock;3.7;2026-07-10;12.28;3660123221953
PROD-2890;Four à Micro-ondes Nova;Maison & Cuisine;608.45;1348;En stock;4.8;2025-06-19;5.49;3660123540636
PROD-2891;Télévision 4K Elite;Électronique;278.86;514;En stock;4.2;2024-07-03;9.39;3660123147188
PROD-2892;Chaussures de Sport Apex;Mode;620.65;696;En stock;3.2;2025-07-17;6.68;3660123190746
PROD-2893;Raquette de Tennis Vortex;Sports & Loisirs;738.37;353;En stock;3.6;2024-07-06;0.71;3660123276894
PROD-2894;Sac à Dos Nova;Mode;584.42;546;En stock;4.5;2024-03-20;11.55;3660123276389
PROD-2895;Mélangeur Zenith;Maison & Cuisine;562.63;686;En stock;4.6;2025-05-28;12.38;3660123700414
PROD-2896;Chaussures de Sport Vortex;Mode;991.49;22;Stock faible;3.3;2026-06-14;4.47;3660123662106
PROD-2897;Jeans Slim Quantum;Mode;1096.26;280;En stock;3.8;2025-08-04;0.72;3660123821645
PROD-2898;Vélo Tout Terrain Nova;Sports & Loisirs;675.27;1446;En stock;3.5;2025-10-30;0.28;3660123103368
PROD-2899;Crème Hydratante Nova;Beauté & Santé;656.1;690;En stock;4.3;2024-11-16;7.28;3660123380931
PROD-2900;Aspirateur Robot Quantum;Maison & Cuisine;946.68;480;En stock;3.6;2025-08-27;9.09;3660123975801
PROD-2901;Tablette Nova;Électronique;625.26;159;En stock;3.5;2025-03-13;0.84;3660123612469
PROD-2902;Tapis de Yoga Zenith;Sports & Loisirs;296.54;1034;En stock;4.9;2025-06-19;4.0;3660123322590
PROD-2903;Tapis de Yoga Quantum;Sports & Loisirs;948.78;168;En stock;4.1;2025-04-07;12.66;3660123997726
PROD-2904;Chaussures de Sport Zenith;Mode;1165.96;957;En stock;3.3;2026-06-16;5.88;3660123345199
PROD-2905;Raquette de Tennis Apex;Sports & Loisirs;484.38;608;En stock;4.8;2024-03-30;7.84;3660123956137
PROD-2906;Sèche-Cheveux Apex;Beauté & Santé;202.4;973;En stock;4.8;2024-06-19;8.7;3660123215339
PROD-2907;Tablette Zenith;Électronique;441.52;1428;En stock;3.9;2026-05-11;12.58;3660123503763
PROD-2908;Écouteurs Sans Fil Nova;Électronique;478.7;877;En stock;3.1;2026-07-10;0.64;3660123840177
PROD-2909;Four à Micro-ondes Zenith;Maison & Cuisine;1190.14;1212;En stock;4.0;2024-08-04;0.5;3660123606511
PROD-2910;Vélo Tout Terrain Apex;Sports & Loisirs;1064.47;964;En stock;4.4;2026-06-27;13.58;3660123674612
PROD-2911;Machine à Café Elite;Maison & Cuisine;246.59;840;En stock;4.8;2025-05-01;13.68;3660123773576
PROD-2912;T-shirt en Coton Vortex;Mode;30.82;1048;En stock;3.9;2025-10-24;7.66;3660123445083
PROD-2913;Friteuse sans Huile Zenith;Maison & Cuisine;882.36;95;En stock;3.8;2026-02-08;3.16;3660123534854
PROD-2914;Mélangeur Elite;Maison & Cuisine;1059.03;1426;En stock;4.0;2025-09-24;13.04;3660123628183
PROD-2915;Gourde Isotherme Apex;Sports & Loisirs;967.03;644;En stock;4.6;2025-10-14;4.91;3660123122971
PROD-2916;Sac à Dos Nova;Mode;189.3;241;En stock;4.4;2024-03-01;4.01;3660123998050
PROD-2917;Parfum Elite;Beauté & Santé;996.64;1116;En stock;4.7;2025-11-30;10.88;3660123131184
PROD-2918;Gourde Isotherme Nova;Sports & Loisirs;250.99;125;En stock;4.5;2025-02-15;11.47;3660123705951
PROD-2919;Télévision 4K Nova;Électronique;1227.11;1188;En stock;4.2;2026-02-24;12.57;3660123980075
PROD-2920;Sèche-Cheveux Elite;Beauté & Santé;1293.79;1098;En stock;4.9;2025-05-17;1.89;3660123261395
PROD-2921;Haltères Nova;Sports & Loisirs;1006.66;477;En stock;3.9;2025-04-13;11.09;3660123106370
PROD-2922;Parfum Zenith;Beauté & Santé;797.85;351;En stock;3.8;2024-10-25;2.45;3660123316265
PROD-2923;Brosse à Dents Électrique Apex;Beauté & Santé;880.19;486;En stock;4.9;2024-11-05;10.34;3660123770809
PROD-2924;Sèche-Cheveux Apex;Beauté & Santé;374.13;1158;En stock;4.2;2025-03-04;6.8;3660123498858
PROD-2925;Brosse à Dents Électrique Apex;Beauté & Santé;805.83;1103;En stock;3.9;2024-01-03;5.58;3660123736756
PROD-2926;Brosse à Dents Électrique Zenith;Beauté & Santé;309.27;1049;En stock;4.5;2024-10-11;9.91;3660123357276
PROD-2927;Montre Connectée Nova;Électronique;1019.81;1420;En stock;4.4;2026-01-28;1.22;3660123859881
PROD-2928;Sèche-Cheveux Quantum;Beauté & Santé;618.19;11;Stock faible;3.8;2025-01-20;14.31;3660123384247
PROD-2929;Aspirateur Robot Zenith;Maison & Cuisine;1149.1;1080;En stock;4.2;2026-02-12;11.4;3660123154321
PROD-2930;Télévision 4K Elite;Électronique;1107.67;1189;En stock;4.8;2025-11-04;2.21;3660123991207
PROD-2931;Sèche-Cheveux Zenith;Beauté & Santé;11.89;919;En stock;4.5;2024-04-27;7.19;3660123728177
PROD-2932;Four à Micro-ondes Elite;Maison & Cuisine;394.85;913;En stock;4.8;2024-07-27;0.56;3660123759663
PROD-2933;Sèche-Cheveux Vortex;Beauté & Santé;836.39;134;En stock;3.9;2025-02-15;2.34;3660123273648
PROD-2934;Parfum Vortex;Beauté & Santé;234.26;606;En stock;4.7;2026-05-12;7.95;3660123888807
PROD-2935;Montre Connectée Apex;Électronique;600.35;1057;En stock;4.0;2025-08-16;14.49;3660123692389
PROD-2936;Four à Micro-ondes Elite;Maison & Cuisine;365.53;154;En stock;3.8;2024-01-03;6.4;3660123721109
PROD-2937;Montre Connectée Vortex;Électronique;1151.07;788;En stock;4.7;2024-06-24;12.02;3660123525873
PROD-2938;Vélo Tout Terrain Apex;Sports & Loisirs;729.13;1086;En stock;3.3;2024-01-18;3.68;3660123225878
PROD-2939;Tapis de Yoga Elite;Sports & Loisirs;987.05;358;En stock;5.0;2025-03-07;3.0;3660123377413
PROD-2940;Veste d'Hiver Nova;Mode;430.61;1218;En stock;3.8;2025-10-28;2.84;3660123365375
PROD-2941;Sac à Dos Elite;Mode;1069.49;992;En stock;4.8;2024-03-24;2.76;3660123871526
PROD-2942;Jeans Slim Zenith;Mode;219.37;765;En stock;3.4;2025-09-02;0.38;3660123194397
PROD-2943;Machine à Café Quantum;Maison & Cuisine;479.85;18;Stock faible;3.4;2026-07-20;4.07;3660123573273
PROD-2944;Tapis de Yoga Nova;Sports & Loisirs;796.95;1329;En stock;4.5;2024-01-01;2.06;3660123890851
PROD-2945;Jeans Slim Quantum;Mode;420.53;1412;En stock;3.6;2024-12-26;5.39;3660123832326
PROD-2946;Haltères Vortex;Sports & Loisirs;982.52;1433;En stock;4.1;2025-03-26;11.87;3660123916719
PROD-2947;T-shirt en Coton Nova;Mode;1137.07;1437;En stock;3.5;2026-06-17;13.49;3660123673344
PROD-2948;Aspirateur Robot Zenith;Maison & Cuisine;1137.81;1167;En stock;3.9;2025-05-25;3.81;3660123487384
PROD-2949;Chaussures de Sport Quantum;Mode;206.42;404;En stock;4.9;2024-08-24;6.48;3660123499674
PROD-2950;Gourde Isotherme Vortex;Sports & Loisirs;1010.34;1083;En stock;3.8;2025-08-22;1.2;3660123490943
PROD-2951;Crème Hydratante Vortex;Beauté & Santé;1063.4;1365;En stock;4.8;2024-05-18;11.25;3660123369035
PROD-2952;Friteuse sans Huile Vortex;Maison & Cuisine;509.16;339;En stock;4.9;2025-07-31;9.34;3660123111617
PROD-2953;Gourde Isotherme Quantum;Sports & Loisirs;103.74;929;En stock;4.9;2025-08-05;8.79;3660123285514
PROD-2954;Mélangeur Quantum;Maison & Cuisine;797.24;1208;En stock;4.8;2025-09-07;9.89;3660123261816
PROD-2955;Brosse à Dents Électrique Nova;Beauté & Santé;423.58;1132;En stock;4.5;2026-06-04;14.59;3660123682985
PROD-2956;Parfum Elite;Beauté & Santé;649.1;1251;En stock;3.4;2026-07-27;11.74;3660123112957
PROD-2957;T-shirt en Coton Nova;Mode;338.69;353;En stock;3.1;2026-06-06;12.13;3660123737543
PROD-2958;Aspirateur Robot Zenith;Maison & Cuisine;268.17;1081;En stock;4.5;2026-02-21;9.03;3660123262275
PROD-2959;Four à Micro-ondes Apex;Maison & Cuisine;47.83;136;En stock;3.6;2024-02-20;9.82;3660123790198
PROD-2960;Gourde Isotherme Nova;Sports & Loisirs;1093.69;1483;En stock;4.5;2024-03-09;14.35;3660123419773
PROD-2961;Aspirateur Robot Zenith;Maison & Cuisine;953.1;1155;En stock;3.1;2024-11-03;1.86;3660123314040
PROD-2962;Parfum Zenith;Beauté & Santé;206.46;1301;En stock;4.7;2025-04-26;2.07;3660123720166
PROD-2963;Parfum Elite;Beauté & Santé;432.11;1374;En stock;3.8;2024-06-12;11.16;3660123799535
PROD-2964;Mélangeur Apex;Maison & Cuisine;435.05;1452;En stock;4.3;2024-02-26;7.83;3660123344876
PROD-2965;Jeans Slim Apex;Mode;745.58;992;En stock;5.0;2025-03-14;9.17;3660123939279
PROD-2966;Tablette Zenith;Électronique;730.71;1270;En stock;3.8;2026-07-26;14.07;3660123967469
PROD-2967;Sèche-Cheveux Elite;Beauté & Santé;1284.17;757;En stock;3.8;2024-05-14;13.2;3660123189312
PROD-2968;Haltères Nova;Sports & Loisirs;820.04;5;Stock faible;3.9;2025-02-22;6.19;3660123651752
PROD-2969;Raquette de Tennis Zenith;Sports & Loisirs;1271.83;313;En stock;4.5;2025-10-29;13.74;3660123773138
PROD-2970;T-shirt en Coton Zenith;Mode;329.79;629;En stock;4.0;2024-05-03;10.69;3660123433434
PROD-2971;Aspirateur Robot Elite;Maison & Cuisine;260.47;1352;En stock;4.2;2026-05-20;6.13;3660123113351
PROD-2972;Télévision 4K Quantum;Électronique;649.66;1315;En stock;3.3;2025-05-23;14.86;3660123466594
PROD-2973;Ordinateur Portable Quantum;Électronique;121.14;1178;En stock;4.5;2024-07-02;14.49;3660123253734
PROD-2974;Sac à Dos Elite;Mode;1088.2;1223;En stock;4.4;2025-08-27;3.05;3660123607803
PROD-2975;Machine à Café Quantum;Maison & Cuisine;62.0;610;En stock;4.5;2026-04-09;4.48;3660123425592
PROD-2976;Chaussures de Sport Zenith;Mode;719.43;0;Rupture de stock;4.6;2025-05-20;6.53;3660123565495
PROD-2977;Parfum Nova;Beauté & Santé;1009.05;645;En stock;5.0;2026-08-03;14.53;3660123105387
PROD-2978;Gourde Isotherme Zenith;Sports & Loisirs;108.31;1245;En stock;3.1;2025-04-27;9.49;3660123821484
PROD-2979;Crème Hydratante Apex;Beauté & Santé;633.47;489;En stock;4.9;2024-06-19;12.97;3660123721899
PROD-2980;T-shirt en Coton Zenith;Mode;463.65;394;En stock;4.9;2024-02-07;9.11;3660123176938
PROD-2981;Crème Hydratante Vortex;Beauté & Santé;11.87;709;En stock;4.1;2024-03-21;10.96;3660123946998
PROD-2982;Écouteurs Sans Fil Quantum;Électronique;346.13;1471;En stock;4.6;2025-02-05;10.07;3660123360965
PROD-2983;Sèche-Cheveux Quantum;Beauté & Santé;70.48;1007;En stock;4.6;2024-01-03;0.85;3660123111857
PROD-2984;Brosse à Dents Électrique Apex;Beauté & Santé;934.69;653;En stock;4.8;2024-04-30;8.14;3660123119267
PROD-2985;Friteuse sans Huile Elite;Maison & Cuisine;714.24;364;En stock;3.2;2025-07-06;0.46;3660123319158
PROD-2986;Parfum Quantum;Beauté & Santé;1001.93;1497;En stock;3.1;2025-06-10;5.64;3660123960637
PROD-2987;Parfum Elite;Beauté & Santé;1233.58;1286;En stock;4.9;2026-01-31;0.41;3660123566423
PROD-2988;Sèche-Cheveux Nova;Beauté & Santé;515.34;322;En stock;4.2;2024-12-12;1.45;3660123500699
PROD-2989;Chaussures de Sport Elite;Mode;784.39;417;En stock;4.4;2024-12-16;10.84;3660123238570
PROD-2990;Aspirateur Robot Nova;Maison & Cuisine;790.31;959;En stock;3.6;2026-05-20;0.41;3660123631867
PROD-2991;Télévision 4K Quantum;Électronique;64.91;1474;En stock;4.9;2025-07-25;7.3;3660123144627
PROD-2992;Brosse à Dents Électrique Apex;Beauté & Santé;1272.96;1465;En stock;3.2;2025-12-17;9.27;3660123667123
PROD-2993;Jeans Slim Apex;Mode;128.51;1394;En stock;4.7;2024-05-28;12.18;3660123496961
PROD-2994;Smartphone Zenith;Électronique;702.87;1133;En stock;3.7;2024-02-18;5.21;3660123939219
PROD-2995;Vélo Tout Terrain Nova;Sports & Loisirs;858.99;228;En stock;4.2;2025-02-16;0.58;3660123576915
PROD-2996;Machine à Café Apex;Maison & Cuisine;414.46;1230;En stock;4.8;2025-11-25;0.2;3660123600597
PROD-2997;Veste d'Hiver Elite;Mode;369.28;983;En stock;4.5;2026-03-19;0.94;3660123657656
PROD-2998;Machine à Café Apex;Maison & Cuisine;582.48;130;En stock;3.6;2026-02-02;1.19;3660123747586
PROD-2999;Crème Hydratante Elite;Beauté & Santé;324.6;557;En stock;3.8;2026-03-22;7.34;3660123506308
PROD-3000;Vélo Tout Terrain Quantum;Sports & Loisirs;241.93;669;En stock;4.4;2025-08-13;5.7;3660123102910
PROD-3001;Jeans Slim Apex;Mode;187.84;787;En stock;3.1;2025-07-01;4.59;3660123236042
PROD-3002;Chaussures de Sport Vortex;Mode;1180.3;12;Stock faible;3.4;2025-02-01;7.8;3660123150770
PROD-3003;T-shirt en Coton Quantum;Mode;315.08;811;En stock;3.8;2025-03-20;12.46;3660123488984
PROD-3004;Ordinateur Portable Elite;Électronique;694.85;1312;En stock;3.2;2025-10-10;6.49;3660123978098
PROD-3005;Tablette Vortex;Électronique;768.21;22;Stock faible;4.7;2025-08-23;0.75;3660123224010
PROD-3006;Aspirateur Robot Elite;Maison & Cuisine;316.05;59;En stock;3.3;2024-05-18;0.45;3660123375033
PROD-3007;Jeans Slim Elite;Mode;268.03;942;En stock;4.5;2025-08-05;7.07;3660123726477
PROD-3008;Jeans Slim Apex;Mode;751.07;382;En stock;4.9;2024-02-12;0.84;3660123851417
PROD-3009;Parfum Apex;Beauté & Santé;181.62;949;En stock;3.7;2026-04-14;14.22;3660123409619
PROD-3010;Veste d'Hiver Zenith;Mode;1276.1;1209;En stock;4.9;2024-02-14;4.85;3660123883460
PROD-3011;Crème Hydratante Elite;Beauté & Santé;378.04;674;En stock;3.5;2024-04-02;1.95;3660123117081
PROD-3012;Sèche-Cheveux Elite;Beauté & Santé;716.94;797;En stock;3.7;2024-12-24;7.99;3660123397159
PROD-3013;Veste d'Hiver Quantum;Mode;1274.64;321;En stock;4.7;2025-09-03;11.93;3660123489016
PROD-3014;Aspirateur Robot Quantum;Maison & Cuisine;805.32;107;En stock;3.6;2025-02-21;5.76;3660123346136
PROD-3015;Tapis de Yoga Quantum;Sports & Loisirs;1094.05;634;En stock;4.1;2024-02-01;6.77;3660123410727
PROD-3016;Vélo Tout Terrain Quantum;Sports & Loisirs;1173.31;831;En stock;3.0;2024-07-20;5.36;3660123165942
PROD-3017;Sac à Dos Zenith;Mode;45.04;766;En stock;4.9;2025-11-28;0.17;3660123562651
PROD-3018;Aspirateur Robot Quantum;Maison & Cuisine;651.19;192;En stock;3.6;2024-02-25;5.27;3660123561412
PROD-3019;Sèche-Cheveux Zenith;Beauté & Santé;176.33;523;En stock;3.6;2024-08-02;3.75;3660123442252
PROD-3020;Chaussures de Sport Vortex;Mode;352.29;1453;En stock;3.8;2024-09-27;11.01;3660123483114
PROD-3021;Aspirateur Robot Elite;Maison & Cuisine;1057.02;1422;En stock;4.9;2026-07-28;7.07;3660123157057
PROD-3022;Chaussures de Sport Apex;Mode;748.73;163;En stock;4.5;2025-06-21;9.59;3660123657336
PROD-3023;Gourde Isotherme Elite;Sports & Loisirs;1218.37;1471;En stock;3.8;2024-08-07;6.5;3660123507207
PROD-3024;Tablette Nova;Électronique;261.29;660;En stock;4.4;2025-05-21;4.03;3660123803125
PROD-3025;Parfum Quantum;Beauté & Santé;715.54;14;Stock faible;3.7;2025-04-24;0.83;3660123294757
PROD-3026;Four à Micro-ondes Quantum;Maison & Cuisine;1043.65;181;En stock;4.1;2024-09-07;12.85;3660123944848
PROD-3027;Tablette Nova;Électronique;221.48;1235;En stock;3.7;2025-05-15;3.7;3660123298866
PROD-3028;Friteuse sans Huile Elite;Maison & Cuisine;627.97;1397;En stock;3.3;2025-08-02;14.97;3660123524539
PROD-3029;Veste d'Hiver Apex;Mode;249.99;1148;En stock;4.8;2024-11-25;3.68;3660123271825
PROD-3030;Gourde Isotherme Quantum;Sports & Loisirs;806.32;1215;En stock;4.3;2024-09-21;2.56;3660123596393
PROD-3031;Friteuse sans Huile Elite;Maison & Cuisine;215.69;1476;En stock;4.1;2024-12-12;9.81;3660123149004
PROD-3032;Machine à Café Elite;Maison & Cuisine;245.24;1178;En stock;3.2;2025-12-06;14.87;3660123168428
PROD-3033;Raquette de Tennis Nova;Sports & Loisirs;304.05;358;En stock;4.0;2024-10-27;2.16;3660123411345
PROD-3034;Tapis de Yoga Vortex;Sports & Loisirs;772.37;305;En stock;4.8;2024-01-10;12.02;3660123606746
PROD-3035;Veste d'Hiver Apex;Mode;433.44;550;En stock;4.4;2024-05-09;13.46;3660123160375
PROD-3036;Haltères Quantum;Sports & Loisirs;743.22;1247;En stock;4.2;2024-07-25;8.31;3660123331879
PROD-3037;Smartphone Apex;Électronique;934.43;805;En stock;4.6;2024-09-08;3.28;3660123262241
PROD-3038;Four à Micro-ondes Elite;Maison & Cuisine;944.86;308;En stock;4.8;2025-05-19;6.8;3660123589540
PROD-3039;Machine à Café Apex;Maison & Cuisine;544.27;1486;En stock;4.0;2024-02-04;14.33;3660123521327
PROD-3040;Chaussures de Sport Apex;Mode;1203.9;907;En stock;3.0;2025-07-25;5.49;3660123349603
PROD-3041;Tapis de Yoga Zenith;Sports & Loisirs;802.52;347;En stock;4.2;2026-03-26;4.63;3660123760785
PROD-3042;T-shirt en Coton Elite;Mode;1073.07;1311;En stock;3.9;2025-12-26;4.53;3660123156251
PROD-3043;Four à Micro-ondes Zenith;Maison & Cuisine;33.86;1327;En stock;4.7;2025-04-29;11.74;3660123484642
PROD-3044;Brosse à Dents Électrique Quantum;Beauté & Santé;594.93;282;En stock;3.7;2026-08-06;0.14;3660123550573
PROD-3045;Aspirateur Robot Apex;Maison & Cuisine;326.18;829;En stock;3.4;2025-06-04;9.97;3660123474163
PROD-3046;Haltères Quantum;Sports & Loisirs;950.31;579;En stock;4.1;2024-09-30;4.79;3660123609294
PROD-3047;Brosse à Dents Électrique Apex;Beauté & Santé;684.3;445;En stock;5.0;2025-12-16;11.57;3660123812393
PROD-3048;Raquette de Tennis Vortex;Sports & Loisirs;923.4;1225;En stock;4.6;2024-09-20;9.02;3660123840363
PROD-3049;Parfum Apex;Beauté & Santé;770.16;1270;En stock;4.8;2026-04-13;4.77;3660123395798
PROD-3050;Brosse à Dents Électrique Nova;Beauté & Santé;1072.36;893;En stock;3.6;2024-05-10;2.06;3660123333236
PROD-3051;Crème Hydratante Quantum;Beauté & Santé;140.83;206;En stock;3.3;2025-07-15;8.83;3660123659590
PROD-3052;Montre Connectée Apex;Électronique;435.1;590;En stock;4.1;2024-12-13;3.5;3660123117074
PROD-3053;Montre Connectée Apex;Électronique;245.35;922;En stock;3.9;2025-12-16;14.82;3660123271283
PROD-3054;Machine à Café Vortex;Maison & Cuisine;1264.09;1440;En stock;4.8;2025-05-24;4.57;3660123966869
PROD-3055;Mélangeur Quantum;Maison & Cuisine;932.51;1032;En stock;4.4;2024-03-06;12.72;3660123911966
PROD-3056;Brosse à Dents Électrique Nova;Beauté & Santé;274.48;1076;En stock;4.3;2025-10-26;7.3;3660123445849
PROD-3057;Crème Hydratante Apex;Beauté & Santé;510.42;101;En stock;3.8;2024-03-19;14.81;3660123309640
PROD-3058;Sac à Dos Elite;Mode;487.39;626;En stock;3.9;2025-08-11;9.03;3660123384183
PROD-3059;Tapis de Yoga Elite;Sports & Loisirs;428.68;877;En stock;4.4;2025-09-30;4.11;3660123912692
PROD-3060;Vélo Tout Terrain Elite;Sports & Loisirs;708.62;7;Stock faible;4.7;2026-05-28;13.78;3660123261654
PROD-3061;Four à Micro-ondes Apex;Maison & Cuisine;75.39;1112;En stock;3.1;2026-06-20;2.2;3660123187738
PROD-3062;Gourde Isotherme Nova;Sports & Loisirs;19.55;857;En stock;3.6;2026-07-11;4.85;3660123571459
PROD-3063;Parfum Zenith;Beauté & Santé;436.39;1362;En stock;4.9;2025-02-12;4.9;3660123888117
PROD-3064;Chaussures de Sport Zenith;Mode;138.83;352;En stock;3.5;2025-03-17;4.19;3660123107181
PROD-3065;Télévision 4K Vortex;Électronique;585.86;1067;En stock;4.6;2025-02-28;12.14;3660123997409
PROD-3066;Mélangeur Elite;Maison & Cuisine;84.15;146;En stock;3.8;2024-12-27;3.9;3660123211685
PROD-3067;Machine à Café Zenith;Maison & Cuisine;1121.42;532;En stock;3.1;2025-06-08;8.87;3660123595252
PROD-3068;T-shirt en Coton Nova;Mode;1044.15;413;En stock;3.4;2025-02-20;13.69;3660123546484
PROD-3069;Tablette Nova;Électronique;1089.07;962;En stock;4.7;2026-01-17;1.05;3660123120845
PROD-3070;Four à Micro-ondes Nova;Maison & Cuisine;68.79;1274;En stock;3.6;2024-10-01;2.39;3660123322466
PROD-3071;Parfum Apex;Beauté & Santé;233.62;1420;En stock;3.7;2024-02-19;8.15;3660123871630
PROD-3072;Brosse à Dents Électrique Apex;Beauté & Santé;1278.21;569;En stock;4.5;2024-08-05;4.11;3660123706482
PROD-3073;Tablette Quantum;Électronique;832.97;1243;En stock;4.0;2025-05-11;13.03;3660123961163
PROD-3074;Parfum Nova;Beauté & Santé;1094.49;689;En stock;5.0;2025-07-22;4.1;3660123319933
PROD-3075;Chaussures de Sport Vortex;Mode;358.68;26;Stock faible;3.6;2026-07-25;0.73;3660123314584
PROD-3076;Chaussures de Sport Elite;Mode;644.85;1043;En stock;4.9;2024-01-15;8.64;3660123622469
PROD-3077;Friteuse sans Huile Zenith;Maison & Cuisine;883.1;689;En stock;4.2;2025-10-05;11.44;3660123147350
PROD-3078;Four à Micro-ondes Apex;Maison & Cuisine;227.47;1263;En stock;3.5;2024-05-30;9.8;3660123948027
PROD-3079;Ordinateur Portable Apex;Électronique;466.36;1086;En stock;4.2;2026-02-20;2.18;3660123645872
PROD-3080;Sac à Dos Apex;Mode;614.54;639;En stock;3.3;2024-08-20;1.54;3660123880247
PROD-3081;Gourde Isotherme Quantum;Sports & Loisirs;378.55;894;En stock;3.9;2025-09-16;5.54;3660123219200
PROD-3082;T-shirt en Coton Vortex;Mode;1170.16;547;En stock;5.0;2025-12-04;7.89;3660123266688
PROD-3083;Aspirateur Robot Vortex;Maison & Cuisine;683.35;1482;En stock;3.3;2025-09-12;4.87;3660123772543
PROD-3084;Parfum Elite;Beauté & Santé;673.44;566;En stock;3.2;2025-03-06;2.47;3660123778117
PROD-3085;Machine à Café Quantum;Maison & Cuisine;50.15;1316;En stock;3.7;2025-07-15;5.71;3660123752959
PROD-3086;Jeans Slim Quantum;Mode;551.78;984;En stock;3.6;2025-06-12;3.23;3660123990562
PROD-3087;Vélo Tout Terrain Elite;Sports & Loisirs;13.2;825;En stock;3.4;2025-08-27;3.28;3660123773439
PROD-3088;Écouteurs Sans Fil Apex;Électronique;1276.42;1084;En stock;4.8;2026-03-28;11.49;3660123591508
PROD-3089;Brosse à Dents Électrique Zenith;Beauté & Santé;1014.82;781;En stock;4.6;2026-04-21;5.16;3660123427584
PROD-3090;Raquette de Tennis Vortex;Sports & Loisirs;775.89;47;Stock faible;4.9;2026-08-08;2.38;3660123240003
PROD-3091;Vélo Tout Terrain Nova;Sports & Loisirs;853.34;243;En stock;3.9;2025-05-29;14.19;3660123128285
PROD-3092;Machine à Café Nova;Maison & Cuisine;618.26;1173;En stock;3.1;2025-12-26;12.21;3660123899969
PROD-3093;Haltères Zenith;Sports & Loisirs;1136.06;1463;En stock;4.1;2025-10-15;6.78;3660123803698
PROD-3094;Crème Hydratante Quantum;Beauté & Santé;1279.91;1189;En stock;3.6;2024-09-22;1.15;3660123929488
PROD-3095;Gourde Isotherme Quantum;Sports & Loisirs;415.0;414;En stock;4.2;2024-03-20;14.83;3660123671102
PROD-3096;Sèche-Cheveux Quantum;Beauté & Santé;976.13;947;En stock;4.0;2024-12-27;8.79;3660123435969
PROD-3097;Raquette de Tennis Apex;Sports & Loisirs;729.59;619;En stock;3.7;2025-09-15;11.46;3660123757653
PROD-3098;Vélo Tout Terrain Quantum;Sports & Loisirs;1076.53;430;En stock;4.0;2025-07-17;7.72;3660123530990
PROD-3099;Friteuse sans Huile Apex;Maison & Cuisine;1121.0;34;Stock faible;4.4;2025-02-12;1.28;3660123349346
PROD-3100;Parfum Elite;Beauté & Santé;150.31;234;En stock;4.9;2026-03-16;10.05;3660123129210
PROD-3101;T-shirt en Coton Vortex;Mode;1143.25;1119;En stock;3.2;2026-08-08;8.55;3660123927443
PROD-3102;Parfum Elite;Beauté & Santé;1021.53;201;En stock;4.0;2024-05-17;12.25;3660123127842
PROD-3103;Tapis de Yoga Quantum;Sports & Loisirs;510.54;1220;En stock;3.1;2024-05-01;0.8;3660123714608
PROD-3104;Machine à Café Quantum;Maison & Cuisine;1015.33;1207;En stock;4.1;2025-01-31;8.34;3660123342187
PROD-3105;Mélangeur Elite;Maison & Cuisine;669.67;894;En stock;4.3;2025-09-14;13.54;3660123148465
PROD-3106;Mélangeur Apex;Maison & Cuisine;552.72;671;En stock;3.9;2025-09-20;6.27;3660123643754
PROD-3107;Machine à Café Zenith;Maison & Cuisine;467.05;913;En stock;3.0;2025-05-13;6.69;3660123875668
PROD-3108;Ordinateur Portable Elite;Électronique;1169.44;446;En stock;3.2;2024-12-03;5.17;3660123144782
PROD-3109;Chaussures de Sport Elite;Mode;1177.53;732;En stock;3.3;2024-04-05;7.92;3660123747880
PROD-3110;Brosse à Dents Électrique Vortex;Beauté & Santé;363.25;573;En stock;3.5;2024-11-14;5.58;3660123633830
PROD-3111;Brosse à Dents Électrique Apex;Beauté & Santé;1263.69;637;En stock;3.1;2026-06-28;7.3;3660123153903
PROD-3112;Ordinateur Portable Nova;Électronique;1271.32;660;En stock;4.7;2024-07-22;6.07;3660123565535
PROD-3113;Écouteurs Sans Fil Elite;Électronique;977.56;1093;En stock;4.2;2026-01-31;0.66;3660123769903
PROD-3114;Gourde Isotherme Vortex;Sports & Loisirs;585.86;109;En stock;4.7;2024-05-25;3.56;3660123417249
PROD-3115;Veste d'Hiver Quantum;Mode;670.96;539;En stock;3.8;2025-04-29;8.66;3660123407698
PROD-3116;Ordinateur Portable Quantum;Électronique;946.05;875;En stock;4.9;2026-04-13;0.42;3660123552991
PROD-3117;Machine à Café Vortex;Maison & Cuisine;421.88;447;En stock;4.5;2025-06-02;9.96;3660123224806
PROD-3118;Sac à Dos Quantum;Mode;482.2;1446;En stock;4.8;2025-09-07;13.66;3660123801874
PROD-3119;Four à Micro-ondes Nova;Maison & Cuisine;144.74;805;En stock;4.9;2026-03-03;11.17;3660123845191
PROD-3120;Ordinateur Portable Vortex;Électronique;1080.52;678;En stock;4.1;2026-08-01;10.61;3660123419081
PROD-3121;Machine à Café Nova;Maison & Cuisine;235.8;185;En stock;3.8;2026-01-24;5.66;3660123676706
PROD-3122;Veste d'Hiver Vortex;Mode;329.19;886;En stock;4.6;2024-01-25;14.21;3660123317373
PROD-3123;Veste d'Hiver Quantum;Mode;1102.05;1452;En stock;3.5;2024-06-29;10.93;3660123462153
PROD-3124;Crème Hydratante Vortex;Beauté & Santé;375.62;168;En stock;4.8;2025-05-13;4.09;3660123739379
PROD-3125;Télévision 4K Apex;Électronique;580.11;689;En stock;3.0;2024-06-14;13.47;3660123180659
PROD-3126;Sèche-Cheveux Quantum;Beauté & Santé;738.25;147;En stock;4.3;2024-10-20;13.38;3660123203685
PROD-3127;Mélangeur Zenith;Maison & Cuisine;871.25;791;En stock;4.4;2024-02-29;10.61;3660123367539
PROD-3128;Brosse à Dents Électrique Elite;Beauté & Santé;638.03;921;En stock;3.6;2026-01-23;14.94;3660123720223
PROD-3129;Friteuse sans Huile Quantum;Maison & Cuisine;382.3;1304;En stock;5.0;2024-07-25;11.58;3660123130064
PROD-3130;Four à Micro-ondes Elite;Maison & Cuisine;458.76;60;En stock;4.2;2025-10-23;8.82;3660123841427
PROD-3131;Aspirateur Robot Vortex;Maison & Cuisine;1158.98;851;En stock;3.8;2025-04-15;1.93;3660123882504
PROD-3132;Gourde Isotherme Quantum;Sports & Loisirs;571.79;159;En stock;3.0;2024-11-16;11.22;3660123352193
PROD-3133;Jeans Slim Apex;Mode;183.4;262;En stock;3.3;2025-12-16;14.68;3660123381715
PROD-3134;Sèche-Cheveux Apex;Beauté & Santé;1170.53;427;En stock;4.5;2025-03-09;8.35;3660123541425
PROD-3135;Haltères Vortex;Sports & Loisirs;965.07;192;En stock;3.9;2025-04-08;9.25;3660123443301
PROD-3136;Mélangeur Zenith;Maison & Cuisine;1060.38;246;En stock;3.5;2024-01-28;9.29;3660123321552
PROD-3137;Mélangeur Apex;Maison & Cuisine;600.71;809;En stock;4.8;2025-03-20;13.24;3660123246918
PROD-3138;Tapis de Yoga Apex;Sports & Loisirs;718.96;504;En stock;4.0;2024-05-11;5.76;3660123169713
PROD-3139;Crème Hydratante Elite;Beauté & Santé;1176.92;781;En stock;4.8;2025-10-10;5.09;3660123710950
PROD-3140;Machine à Café Quantum;Maison & Cuisine;894.04;769;En stock;4.7;2024-09-26;12.2;3660123413136
PROD-3141;Sèche-Cheveux Apex;Beauté & Santé;289.06;1121;En stock;3.6;2024-07-02;11.17;3660123450772
PROD-3142;T-shirt en Coton Elite;Mode;941.38;426;En stock;4.7;2026-03-11;14.53;3660123917351
PROD-3143;Veste d'Hiver Vortex;Mode;525.13;288;En stock;3.4;2026-07-21;8.09;3660123700480
PROD-3144;Écouteurs Sans Fil Quantum;Électronique;983.98;478;En stock;3.1;2026-08-05;5.48;3660123496330
PROD-3145;Écouteurs Sans Fil Elite;Électronique;632.03;1188;En stock;4.7;2024-06-01;5.43;3660123220016
PROD-3146;Sac à Dos Quantum;Mode;688.51;955;En stock;4.2;2024-11-20;3.28;3660123240522
PROD-3147;Écouteurs Sans Fil Apex;Électronique;762.27;584;En stock;3.5;2025-05-22;9.79;3660123545567
PROD-3148;Tablette Nova;Électronique;76.77;1082;En stock;4.6;2025-05-29;0.87;3660123204758
PROD-3149;Parfum Nova;Beauté & Santé;120.64;422;En stock;4.2;2024-11-28;1.47;3660123168076
PROD-3150;Jeans Slim Quantum;Mode;630.97;844;En stock;3.3;2024-04-16;14.18;3660123115500
PROD-3151;Raquette de Tennis Apex;Sports & Loisirs;717.93;199;En stock;3.1;2025-11-18;6.14;3660123649983
PROD-3152;Chaussures de Sport Zenith;Mode;176.24;930;En stock;4.7;2025-02-20;9.67;3660123783354
PROD-3153;Ordinateur Portable Quantum;Électronique;1070.33;1344;En stock;3.4;2026-08-04;12.15;3660123175604
PROD-3154;Veste d'Hiver Nova;Mode;921.67;401;En stock;3.0;2024-02-04;0.89;3660123304721
PROD-3155;Ordinateur Portable Vortex;Électronique;566.93;686;En stock;5.0;2025-12-08;14.14;3660123829153
PROD-3156;Montre Connectée Zenith;Électronique;1191.0;282;En stock;3.3;2026-01-28;1.52;3660123403327
PROD-3157;Aspirateur Robot Quantum;Maison & Cuisine;537.42;75;En stock;3.2;2024-03-18;3.92;3660123874410
PROD-3158;Brosse à Dents Électrique Apex;Beauté & Santé;133.12;822;En stock;3.8;2024-09-12;3.17;3660123876143
PROD-3159;Brosse à Dents Électrique Nova;Beauté & Santé;185.02;279;En stock;3.6;2024-02-02;14.87;3660123343382
PROD-3160;Brosse à Dents Électrique Nova;Beauté & Santé;867.63;96;En stock;3.7;2024-05-23;9.86;3660123200249
PROD-3161;Sèche-Cheveux Apex;Beauté & Santé;156.88;425;En stock;3.5;2024-11-10;3.22;3660123703849
PROD-3162;Ordinateur Portable Nova;Électronique;837.84;744;En stock;3.4;2025-01-22;14.33;3660123222414
PROD-3163;Machine à Café Nova;Maison & Cuisine;955.48;520;En stock;3.7;2026-05-30;6.23;3660123397070
PROD-3164;Jeans Slim Nova;Mode;402.51;1025;En stock;3.8;2026-03-02;12.08;3660123739014
PROD-3165;Gourde Isotherme Apex;Sports & Loisirs;233.5;1195;En stock;4.0;2025-03-15;2.98;3660123282313
PROD-3166;Montre Connectée Vortex;Électronique;1236.46;506;En stock;3.9;2025-04-09;9.59;3660123596556
PROD-3167;Mélangeur Elite;Maison & Cuisine;748.96;1304;En stock;4.3;2024-06-30;9.37;3660123970713
PROD-3168;Mélangeur Quantum;Maison & Cuisine;1086.93;188;En stock;3.7;2024-06-30;14.96;3660123523922
PROD-3169;Veste d'Hiver Vortex;Mode;1102.7;547;En stock;4.0;2026-07-07;5.91;3660123265366
PROD-3170;Jeans Slim Elite;Mode;669.05;1268;En stock;4.8;2025-03-02;4.57;3660123379551
PROD-3171;Haltères Nova;Sports & Loisirs;331.48;1191;En stock;4.4;2024-06-12;4.4;3660123562979
PROD-3172;Chaussures de Sport Quantum;Mode;938.38;1365;En stock;3.5;2024-08-01;8.46;3660123832684
PROD-3173;Vélo Tout Terrain Elite;Sports & Loisirs;1146.09;1180;En stock;4.1;2024-12-13;11.24;3660123261581
PROD-3174;Jeans Slim Elite;Mode;983.91;795;En stock;4.0;2025-08-29;2.35;3660123208273
PROD-3175;Chaussures de Sport Apex;Mode;212.07;937;En stock;4.7;2025-12-15;14.02;3660123306061
PROD-3176;Brosse à Dents Électrique Zenith;Beauté & Santé;360.16;1350;En stock;3.6;2025-07-15;5.0;3660123885470
PROD-3177;Vélo Tout Terrain Elite;Sports & Loisirs;755.29;845;En stock;4.6;2025-02-06;10.99;3660123254261
PROD-3178;Sac à Dos Quantum;Mode;771.4;484;En stock;4.2;2026-02-09;13.35;3660123672919
PROD-3179;Télévision 4K Apex;Électronique;467.28;459;En stock;4.3;2025-05-27;1.34;3660123512773
PROD-3180;Brosse à Dents Électrique Elite;Beauté & Santé;605.85;59;En stock;3.5;2025-05-24;12.12;3660123597008
PROD-3181;Four à Micro-ondes Apex;Maison & Cuisine;618.26;340;En stock;4.6;2026-03-02;0.16;3660123200053
PROD-3182;Sac à Dos Vortex;Mode;556.45;987;En stock;4.9;2026-07-14;10.7;3660123682936
PROD-3183;Four à Micro-ondes Elite;Maison & Cuisine;364.87;425;En stock;3.2;2024-05-05;14.69;3660123517576
PROD-3184;Friteuse sans Huile Zenith;Maison & Cuisine;1020.06;905;En stock;3.8;2024-11-27;9.67;3660123979051
PROD-3185;Friteuse sans Huile Elite;Maison & Cuisine;222.13;1438;En stock;3.6;2026-02-07;6.14;3660123955580
PROD-3186;Friteuse sans Huile Apex;Maison & Cuisine;603.4;1198;En stock;4.7;2025-08-25;9.5;3660123415175
PROD-3187;Ordinateur Portable Quantum;Électronique;1068.64;537;En stock;4.0;2025-11-11;1.29;3660123800207
PROD-3188;Ordinateur Portable Elite;Électronique;543.55;784;En stock;4.4;2025-08-03;6.96;3660123750559
PROD-3189;Gourde Isotherme Elite;Sports & Loisirs;42.98;1396;En stock;4.8;2024-08-17;3.35;3660123331393
PROD-3190;Sèche-Cheveux Apex;Beauté & Santé;145.28;797;En stock;3.2;2024-12-24;11.8;3660123698966
PROD-3191;Smartphone Quantum;Électronique;1011.12;505;En stock;4.1;2024-10-05;11.0;3660123135533
PROD-3192;Ordinateur Portable Nova;Électronique;308.78;556;En stock;3.4;2026-07-28;10.02;3660123973705
PROD-3193;Vélo Tout Terrain Elite;Sports & Loisirs;362.98;205;En stock;3.6;2026-04-25;8.49;3660123935864
PROD-3194;T-shirt en Coton Elite;Mode;90.07;145;En stock;4.7;2025-05-20;9.05;3660123139528
PROD-3195;Écouteurs Sans Fil Vortex;Électronique;127.56;820;En stock;3.0;2024-10-16;8.72;3660123844884
PROD-3196;Sèche-Cheveux Apex;Beauté & Santé;71.34;638;En stock;4.3;2026-08-02;2.51;3660123140530
PROD-3197;Friteuse sans Huile Vortex;Maison & Cuisine;1081.71;854;En stock;4.7;2026-08-06;1.87;3660123670730
PROD-3198;Montre Connectée Apex;Électronique;1140.25;1233;En stock;3.1;2024-10-25;2.25;3660123986709
PROD-3199;Mélangeur Vortex;Maison & Cuisine;1164.95;674;En stock;3.6;2024-09-24;13.33;3660123162824
PROD-3200;Mélangeur Nova;Maison & Cuisine;106.34;125;En stock;4.4;2025-08-02;14.77;3660123200839
PROD-3201;Raquette de Tennis Apex;Sports & Loisirs;274.97;1113;En stock;3.8;2024-03-22;4.93;3660123603895
PROD-3202;Montre Connectée Apex;Électronique;1030.01;237;En stock;3.4;2024-05-18;11.76;3660123202509
PROD-3203;Crème Hydratante Apex;Beauté & Santé;1295.29;621;En stock;4.8;2025-11-16;13.02;3660123269420
PROD-3204;Sèche-Cheveux Zenith;Beauté & Santé;128.69;271;En stock;4.7;2025-04-15;12.78;3660123413601
PROD-3205;Jeans Slim Quantum;Mode;1214.7;153;En stock;4.5;2025-09-14;3.28;3660123557325
PROD-3206;Raquette de Tennis Zenith;Sports & Loisirs;643.2;603;En stock;4.7;2024-07-11;9.12;3660123350444
PROD-3207;Sèche-Cheveux Apex;Beauté & Santé;1194.17;1022;En stock;3.6;2024-04-23;9.9;3660123497358
PROD-3208;Tablette Zenith;Électronique;228.41;1313;En stock;3.3;2024-12-22;4.33;3660123150211
PROD-3209;Montre Connectée Nova;Électronique;116.29;687;En stock;3.4;2024-02-22;6.22;3660123795687
PROD-3210;Vélo Tout Terrain Quantum;Sports & Loisirs;95.68;1122;En stock;3.5;2024-12-18;5.12;3660123438873
PROD-3211;Four à Micro-ondes Elite;Maison & Cuisine;412.33;153;En stock;3.0;2025-10-10;5.51;3660123610193
PROD-3212;Montre Connectée Quantum;Électronique;763.03;1223;En stock;4.4;2024-10-09;7.86;3660123476321
PROD-3213;Gourde Isotherme Vortex;Sports & Loisirs;374.19;1167;En stock;5.0;2025-09-04;3.39;3660123161188
PROD-3214;Écouteurs Sans Fil Apex;Électronique;772.18;1287;En stock;4.4;2024-12-14;6.55;3660123464766
PROD-3215;Vélo Tout Terrain Zenith;Sports & Loisirs;479.63;1033;En stock;3.6;2024-05-29;12.79;3660123293180
PROD-3216;Tapis de Yoga Quantum;Sports & Loisirs;211.31;827;En stock;3.3;2025-10-31;5.49;3660123484783
PROD-3217;Écouteurs Sans Fil Quantum;Électronique;1137.4;975;En stock;3.0;2024-02-13;1.34;3660123785673
PROD-3218;T-shirt en Coton Nova;Mode;16.56;774;En stock;4.0;2025-03-07;12.93;3660123373339
PROD-3219;Montre Connectée Vortex;Électronique;584.14;210;En stock;4.8;2024-01-04;14.53;3660123952210
PROD-3220;Gourde Isotherme Vortex;Sports & Loisirs;783.35;1376;En stock;3.5;2026-04-03;11.42;3660123609462
PROD-3221;Friteuse sans Huile Nova;Maison & Cuisine;19.93;834;En stock;3.3;2025-05-28;10.83;3660123227627
PROD-3222;Jeans Slim Nova;Mode;305.88;1130;En stock;3.3;2024-06-28;8.39;3660123397699
PROD-3223;Tablette Zenith;Électronique;617.63;318;En stock;4.1;2025-01-01;15.0;3660123719766
PROD-3224;Crème Hydratante Apex;Beauté & Santé;11.65;188;En stock;3.1;2026-02-08;8.36;3660123574345
PROD-3225;Sèche-Cheveux Nova;Beauté & Santé;491.19;208;En stock;4.4;2024-09-09;5.27;3660123131144
PROD-3226;Jeans Slim Zenith;Mode;1257.65;907;En stock;4.9;2024-06-17;11.52;3660123656387
PROD-3227;Brosse à Dents Électrique Apex;Beauté & Santé;1031.08;894;En stock;3.6;2025-10-16;10.53;3660123797203
PROD-3228;Chaussures de Sport Vortex;Mode;1274.89;1226;En stock;4.5;2025-06-20;3.68;3660123233825
PROD-3229;Sèche-Cheveux Apex;Beauté & Santé;40.6;614;En stock;3.2;2024-10-21;13.66;3660123846895
PROD-3230;Jeans Slim Zenith;Mode;109.58;681;En stock;4.7;2024-05-09;11.82;3660123635338
PROD-3231;Montre Connectée Zenith;Électronique;381.4;1138;En stock;3.8;2025-04-10;4.39;3660123759353
PROD-3232;Friteuse sans Huile Apex;Maison & Cuisine;236.11;1313;En stock;4.0;2025-07-22;13.9;3660123334118
PROD-3233;Télévision 4K Nova;Électronique;985.24;1019;En stock;5.0;2025-07-26;9.67;3660123126148
PROD-3234;Four à Micro-ondes Vortex;Maison & Cuisine;764.88;236;En stock;4.3;2024-04-09;3.41;3660123792745
PROD-3235;Parfum Zenith;Beauté & Santé;1211.19;490;En stock;4.6;2025-02-16;8.98;3660123114408
PROD-3236;Veste d'Hiver Vortex;Mode;426.87;705;En stock;4.8;2026-03-14;5.64;3660123699958
PROD-3237;T-shirt en Coton Vortex;Mode;989.82;382;En stock;4.2;2026-01-24;0.11;3660123539460
PROD-3238;Parfum Vortex;Beauté & Santé;832.54;1412;En stock;3.6;2026-07-04;2.38;3660123737258
PROD-3239;Parfum Apex;Beauté & Santé;496.66;1490;En stock;3.1;2024-12-05;6.36;3660123352279
PROD-3240;Four à Micro-ondes Zenith;Maison & Cuisine;488.91;88;En stock;3.2;2024-11-21;2.24;3660123534503
PROD-3241;Ordinateur Portable Quantum;Électronique;866.4;141;En stock;3.6;2026-07-09;8.32;3660123246814
PROD-3242;Jeans Slim Elite;Mode;36.43;574;En stock;3.4;2026-01-10;6.04;3660123743595
PROD-3243;Friteuse sans Huile Quantum;Maison & Cuisine;391.52;617;En stock;3.9;2026-05-07;7.53;3660123289110
PROD-3244;T-shirt en Coton Vortex;Mode;373.75;377;En stock;3.5;2024-05-24;13.52;3660123282566
PROD-3245;Mélangeur Vortex;Maison & Cuisine;16.14;65;En stock;3.5;2025-04-10;10.67;3660123422766
PROD-3246;Montre Connectée Zenith;Électronique;451.18;815;En stock;4.2;2024-12-01;8.07;3660123430642
PROD-3247;Haltères Vortex;Sports & Loisirs;1207.32;786;En stock;3.3;2025-05-25;8.49;3660123497225
PROD-3248;Ordinateur Portable Zenith;Électronique;222.25;926;En stock;3.1;2026-02-20;3.27;3660123789081
PROD-3249;Friteuse sans Huile Zenith;Maison & Cuisine;881.59;596;En stock;3.7;2024-08-15;12.74;3660123437807
PROD-3250;Brosse à Dents Électrique Vortex;Beauté & Santé;509.06;94;En stock;3.6;2026-07-22;12.44;3660123734494
PROD-3251;Gourde Isotherme Nova;Sports & Loisirs;1177.21;1413;En stock;4.2;2024-04-02;6.7;3660123204027
PROD-3252;Haltères Nova;Sports & Loisirs;784.3;268;En stock;3.1;2024-03-30;6.17;3660123667881
PROD-3253;Aspirateur Robot Zenith;Maison & Cuisine;892.99;1209;En stock;3.4;2025-02-19;5.8;3660123320112
PROD-3254;Tapis de Yoga Quantum;Sports & Loisirs;295.46;258;En stock;4.6;2026-02-08;0.59;3660123325914
PROD-3255;Ordinateur Portable Vortex;Électronique;212.38;92;En stock;3.6;2026-03-09;14.07;3660123475696
PROD-3256;Ordinateur Portable Nova;Électronique;68.15;195;En stock;4.3;2024-02-19;1.68;3660123350986
PROD-3257;Machine à Café Zenith;Maison & Cuisine;808.49;1002;En stock;4.2;2024-03-27;9.1;3660123102161
PROD-3258;Montre Connectée Apex;Électronique;247.1;1191;En stock;4.3;2025-03-16;1.58;3660123253327
PROD-3259;Mélangeur Quantum;Maison & Cuisine;933.04;1386;En stock;3.6;2025-05-19;1.05;3660123875906
PROD-3260;Veste d'Hiver Vortex;Mode;408.73;1489;En stock;3.9;2025-09-28;12.2;3660123249554
PROD-3261;Aspirateur Robot Zenith;Maison & Cuisine;1034.15;704;En stock;4.5;2024-08-10;2.14;3660123345715
PROD-3262;Télévision 4K Elite;Électronique;819.5;953;En stock;4.8;2025-07-01;11.55;3660123398701
PROD-3263;Chaussures de Sport Zenith;Mode;579.0;589;En stock;4.7;2025-03-30;0.29;3660123876040
PROD-3264;Tablette Zenith;Électronique;1229.02;722;En stock;3.4;2025-09-21;10.52;3660123209481
PROD-3265;Montre Connectée Quantum;Électronique;1266.5;876;En stock;4.9;2025-12-29;6.48;3660123161250
PROD-3266;Jeans Slim Elite;Mode;617.49;856;En stock;3.1;2024-01-28;11.78;3660123267899
PROD-3267;Sèche-Cheveux Elite;Beauté & Santé;845.91;976;En stock;4.1;2025-02-20;9.97;3660123935876
PROD-3268;Sèche-Cheveux Nova;Beauté & Santé;180.33;141;En stock;4.4;2025-02-04;7.23;3660123673670
PROD-3269;Tapis de Yoga Quantum;Sports & Loisirs;821.66;978;En stock;4.3;2024-07-28;5.1;3660123242064
PROD-3270;Machine à Café Elite;Maison & Cuisine;637.31;1104;En stock;3.7;2024-06-08;1.17;3660123244765
PROD-3271;Raquette de Tennis Elite;Sports & Loisirs;376.97;1049;En stock;3.7;2024-08-13;13.68;3660123187858
PROD-3272;Écouteurs Sans Fil Nova;Électronique;792.08;394;En stock;3.0;2024-01-30;14.09;3660123356734
PROD-3273;Haltères Nova;Sports & Loisirs;745.03;1101;En stock;4.1;2025-12-14;2.31;3660123355107
PROD-3274;Ordinateur Portable Nova;Électronique;344.94;705;En stock;4.2;2025-10-03;7.58;3660123498562
PROD-3275;Raquette de Tennis Nova;Sports & Loisirs;173.57;980;En stock;4.5;2025-07-02;10.73;3660123208298
PROD-3276;Raquette de Tennis Nova;Sports & Loisirs;1043.86;1017;En stock;3.8;2025-08-06;1.17;3660123457383
PROD-3277;Friteuse sans Huile Nova;Maison & Cuisine;63.19;201;En stock;4.6;2025-11-14;13.07;3660123954091
PROD-3278;Haltères Nova;Sports & Loisirs;913.41;804;En stock;3.6;2025-03-17;6.73;3660123931537
PROD-3279;Mélangeur Apex;Maison & Cuisine;1049.06;999;En stock;3.4;2024-10-13;4.81;3660123462205
PROD-3280;Machine à Café Quantum;Maison & Cuisine;1235.73;748;En stock;4.3;2024-11-17;13.96;3660123504648
PROD-3281;Parfum Quantum;Beauté & Santé;345.62;903;En stock;4.0;2025-08-25;6.45;3660123272686
PROD-3282;Sac à Dos Zenith;Mode;923.51;246;En stock;3.0;2025-02-20;9.42;3660123430198
PROD-3283;Télévision 4K Vortex;Électronique;177.19;1162;En stock;3.8;2025-01-27;8.05;3660123450017
PROD-3284;Ordinateur Portable Elite;Électronique;79.96;863;En stock;4.5;2026-02-07;6.76;3660123538190
PROD-3285;Vélo Tout Terrain Vortex;Sports & Loisirs;1228.6;654;En stock;4.4;2025-09-20;6.67;3660123915400
PROD-3286;Mélangeur Elite;Maison & Cuisine;1141.75;283;En stock;3.1;2025-08-12;1.74;3660123558318
PROD-3287;T-shirt en Coton Nova;Mode;200.06;401;En stock;3.6;2025-05-20;6.98;3660123998661
PROD-3288;Écouteurs Sans Fil Zenith;Électronique;1264.47;1480;En stock;4.1;2026-05-28;13.17;3660123491727
PROD-3289;Tablette Zenith;Électronique;910.56;106;En stock;3.9;2024-07-27;3.53;3660123740642
PROD-3290;Brosse à Dents Électrique Apex;Beauté & Santé;387.45;1137;En stock;4.4;2024-05-27;11.64;3660123302446
PROD-3291;Vélo Tout Terrain Elite;Sports & Loisirs;82.36;1162;En stock;4.4;2024-10-03;4.82;3660123852634
PROD-3292;Gourde Isotherme Quantum;Sports & Loisirs;998.05;911;En stock;3.0;2024-07-20;6.16;3660123330382
PROD-3293;Friteuse sans Huile Quantum;Maison & Cuisine;268.59;231;En stock;3.1;2024-05-21;13.26;3660123965537
PROD-3294;Aspirateur Robot Apex;Maison & Cuisine;1159.82;1474;En stock;4.4;2024-10-26;7.6;3660123381460
PROD-3295;Four à Micro-ondes Zenith;Maison & Cuisine;1007.46;1112;En stock;3.4;2026-02-09;3.27;3660123990361
PROD-3296;Raquette de Tennis Quantum;Sports & Loisirs;39.58;1043;En stock;3.3;2025-12-08;8.15;3660123525167
PROD-3297;Tapis de Yoga Elite;Sports & Loisirs;276.82;17;Stock faible;4.7;2025-10-17;10.19;3660123736055
PROD-3298;Chaussures de Sport Vortex;Mode;181.66;1151;En stock;5.0;2026-07-28;6.35;3660123695863
PROD-3299;Smartphone Nova;Électronique;197.78;1273;En stock;3.7;2026-06-06;1.49;3660123691318
PROD-3300;Mélangeur Apex;Maison & Cuisine;1074.07;1;Stock faible;3.2;2026-07-09;5.04;3660123510522
PROD-3301;Télévision 4K Zenith;Électronique;1025.33;1086;En stock;4.4;2026-07-05;10.66;3660123162929
PROD-3302;Sèche-Cheveux Nova;Beauté & Santé;1237.63;1043;En stock;4.2;2026-02-14;10.95;3660123137457
PROD-3303;Veste d'Hiver Elite;Mode;97.89;577;En stock;3.1;2024-09-04;1.05;3660123525372
PROD-3304;Raquette de Tennis Zenith;Sports & Loisirs;107.83;437;En stock;4.7;2024-07-14;7.88;3660123786324
PROD-3305;Écouteurs Sans Fil Vortex;Électronique;842.98;977;En stock;3.6;2024-11-23;5.35;3660123152364
PROD-3306;Aspirateur Robot Vortex;Maison & Cuisine;834.51;211;En stock;4.8;2025-06-12;13.98;3660123499961
PROD-3307;Chaussures de Sport Apex;Mode;638.3;923;En stock;4.1;2024-02-06;1.46;3660123737742
PROD-3308;Ordinateur Portable Quantum;Électronique;1029.49;1345;En stock;3.2;2026-07-07;9.13;3660123827622
PROD-3309;Brosse à Dents Électrique Quantum;Beauté & Santé;915.22;892;En stock;3.2;2025-01-09;7.79;3660123508171
PROD-3310;Raquette de Tennis Quantum;Sports & Loisirs;155.53;1164;En stock;4.1;2026-04-26;12.49;3660123559843
PROD-3311;Sac à Dos Elite;Mode;929.51;413;En stock;4.3;2024-06-12;6.27;3660123599636
PROD-3312;Montre Connectée Zenith;Électronique;1125.63;681;En stock;4.9;2025-07-03;3.19;3660123298800
PROD-3313;Veste d'Hiver Elite;Mode;705.45;1204;En stock;3.7;2024-12-01;6.65;3660123257235
PROD-3314;Crème Hydratante Nova;Beauté & Santé;480.51;490;En stock;5.0;2025-08-15;9.88;3660123907889
PROD-3315;Brosse à Dents Électrique Zenith;Beauté & Santé;215.39;819;En stock;4.3;2024-04-06;7.08;3660123914509
PROD-3316;Haltères Vortex;Sports & Loisirs;65.87;1395;En stock;3.7;2026-04-13;4.09;3660123545982
PROD-3317;Raquette de Tennis Quantum;Sports & Loisirs;790.12;426;En stock;3.0;2026-06-14;11.67;3660123106773
PROD-3318;Friteuse sans Huile Zenith;Maison & Cuisine;273.81;946;En stock;3.4;2026-02-11;5.83;3660123721309
PROD-3319;Brosse à Dents Électrique Zenith;Beauté & Santé;418.48;1306;En stock;3.7;2026-01-26;10.68;3660123272602
PROD-3320;Jeans Slim Vortex;Mode;488.09;614;En stock;3.9;2024-09-01;0.17;3660123670811
PROD-3321;Vélo Tout Terrain Apex;Sports & Loisirs;700.36;1155;En stock;4.8;2024-05-08;13.3;3660123983289
PROD-3322;Montre Connectée Quantum;Électronique;997.52;458;En stock;4.1;2026-01-02;12.68;3660123607280
PROD-3323;Gourde Isotherme Quantum;Sports & Loisirs;1196.6;237;En stock;3.2;2026-02-17;7.57;3660123247019
PROD-3324;Jeans Slim Elite;Mode;954.9;1336;En stock;4.0;2025-02-03;3.06;3660123918133
PROD-3325;Sèche-Cheveux Apex;Beauté & Santé;580.93;169;En stock;3.3;2024-02-19;12.43;3660123851124
PROD-3326;Jeans Slim Nova;Mode;390.8;594;En stock;4.0;2026-06-28;10.2;3660123154346
PROD-3327;Chaussures de Sport Elite;Mode;864.25;961;En stock;3.2;2025-09-25;12.53;3660123921772
PROD-3328;Tapis de Yoga Elite;Sports & Loisirs;757.7;1292;En stock;3.9;2025-01-20;5.53;3660123739541
PROD-3329;Haltères Quantum;Sports & Loisirs;529.39;932;En stock;3.8;2024-02-11;9.15;3660123858570
PROD-3330;Raquette de Tennis Nova;Sports & Loisirs;261.25;544;En stock;3.0;2025-09-21;10.73;3660123259739
PROD-3331;Mélangeur Nova;Maison & Cuisine;1282.46;777;En stock;4.4;2025-01-08;3.02;3660123581184
PROD-3332;Brosse à Dents Électrique Elite;Beauté & Santé;245.16;180;En stock;4.2;2026-02-17;3.95;3660123754067
PROD-3333;Télévision 4K Apex;Électronique;476.77;582;En stock;4.0;2024-09-06;6.38;3660123899290
PROD-3334;Écouteurs Sans Fil Quantum;Électronique;1027.27;1201;En stock;3.2;2026-07-18;14.18;3660123138946
PROD-3335;Smartphone Apex;Électronique;522.08;310;En stock;3.8;2024-02-01;7.61;3660123241086
PROD-3336;Haltères Vortex;Sports & Loisirs;747.64;427;En stock;4.3;2026-05-14;7.08;3660123452598
PROD-3337;Parfum Vortex;Beauté & Santé;1194.87;416;En stock;3.4;2024-10-22;7.66;3660123848400
PROD-3338;Mélangeur Quantum;Maison & Cuisine;1163.81;1229;En stock;3.4;2024-10-17;8.6;3660123594921
PROD-3339;Sèche-Cheveux Zenith;Beauté & Santé;505.87;1455;En stock;4.0;2025-02-27;14.78;3660123506153
PROD-3340;Jeans Slim Nova;Mode;39.59;425;En stock;3.2;2025-05-21;10.42;3660123956987
PROD-3341;Gourde Isotherme Zenith;Sports & Loisirs;198.66;1061;En stock;3.3;2025-02-06;8.13;3660123376687
PROD-3342;Brosse à Dents Électrique Elite;Beauté & Santé;652.49;263;En stock;3.6;2024-02-10;12.18;3660123822684
PROD-3343;Aspirateur Robot Vortex;Maison & Cuisine;514.54;101;En stock;3.2;2025-11-13;11.22;3660123928281
PROD-3344;Écouteurs Sans Fil Apex;Électronique;770.09;1145;En stock;4.5;2024-10-13;3.21;3660123250198
PROD-3345;Tapis de Yoga Quantum;Sports & Loisirs;1241.11;415;En stock;4.5;2026-06-19;9.71;3660123860732
PROD-3346;Machine à Café Zenith;Maison & Cuisine;1169.18;1342;En stock;4.8;2025-01-25;9.01;3660123899672
PROD-3347;Aspirateur Robot Apex;Maison & Cuisine;1180.12;116;En stock;4.4;2025-08-26;0.88;3660123960624
PROD-3348;Brosse à Dents Électrique Apex;Beauté & Santé;723.42;1067;En stock;3.2;2024-01-04;12.16;3660123424767
PROD-3349;Sèche-Cheveux Nova;Beauté & Santé;689.47;472;En stock;3.7;2024-10-12;1.06;3660123670168
PROD-3350;Brosse à Dents Électrique Vortex;Beauté & Santé;890.99;1273;En stock;4.5;2024-02-20;13.86;3660123840585
PROD-3351;Four à Micro-ondes Quantum;Maison & Cuisine;557.85;496;En stock;4.5;2025-02-07;2.64;3660123773916
PROD-3352;Tablette Apex;Électronique;191.02;280;En stock;4.3;2025-03-15;7.85;3660123465732
PROD-3353;Crème Hydratante Quantum;Beauté & Santé;1163.42;525;En stock;4.5;2026-05-17;0.16;3660123464361
PROD-3354;Aspirateur Robot Apex;Maison & Cuisine;56.86;714;En stock;4.4;2024-08-05;10.15;3660123877709
PROD-3355;Aspirateur Robot Vortex;Maison & Cuisine;568.11;415;En stock;4.2;2025-09-25;7.61;3660123246284
PROD-3356;Tablette Vortex;Électronique;1283.78;631;En stock;3.3;2025-03-08;9.14;3660123597413
PROD-3357;Haltères Elite;Sports & Loisirs;47.12;1491;En stock;3.2;2026-04-11;7.34;3660123602201
PROD-3358;Tablette Quantum;Électronique;627.53;256;En stock;4.3;2025-07-09;12.18;3660123327272
PROD-3359;Vélo Tout Terrain Quantum;Sports & Loisirs;712.71;1361;En stock;4.3;2024-01-26;1.41;3660123786545
PROD-3360;Vélo Tout Terrain Quantum;Sports & Loisirs;1202.36;352;En stock;4.2;2024-07-07;6.43;3660123556110
PROD-3361;Raquette de Tennis Elite;Sports & Loisirs;674.18;1167;En stock;4.4;2024-07-18;6.77;3660123516370
PROD-3362;Télévision 4K Zenith;Électronique;228.01;1127;En stock;4.8;2025-09-08;10.17;3660123848815
PROD-3363;Sèche-Cheveux Quantum;Beauté & Santé;385.94;1195;En stock;3.5;2024-11-21;8.53;3660123211329
PROD-3364;Mélangeur Zenith;Maison & Cuisine;813.0;983;En stock;3.9;2025-03-20;4.91;3660123732565
PROD-3365;Gourde Isotherme Zenith;Sports & Loisirs;42.16;384;En stock;4.8;2025-01-13;14.4;3660123658053
PROD-3366;Écouteurs Sans Fil Apex;Électronique;1202.31;1455;En stock;4.9;2024-10-24;1.96;3660123562229
PROD-3367;Télévision 4K Zenith;Électronique;632.86;1193;En stock;3.4;2024-03-12;14.31;3660123245830
PROD-3368;Crème Hydratante Quantum;Beauté & Santé;462.68;190;En stock;4.1;2025-03-27;1.3;3660123219695
PROD-3369;Sac à Dos Quantum;Mode;60.79;1334;En stock;3.7;2024-02-14;0.17;3660123732783
PROD-3370;Mélangeur Zenith;Maison & Cuisine;776.72;1307;En stock;3.4;2025-04-02;8.46;3660123615139
PROD-3371;Chaussures de Sport Apex;Mode;818.12;1315;En stock;3.0;2024-05-24;8.89;3660123118893
PROD-3372;Smartphone Elite;Électronique;1141.56;696;En stock;4.3;2024-03-06;9.69;3660123510438
PROD-3373;Télévision 4K Zenith;Électronique;230.47;47;Stock faible;3.8;2025-10-20;9.05;3660123256484
PROD-3374;Machine à Café Nova;Maison & Cuisine;1107.76;835;En stock;4.2;2026-04-20;1.87;3660123688034
PROD-3375;Télévision 4K Nova;Électronique;1153.49;27;Stock faible;4.6;2025-05-25;9.62;3660123120775
PROD-3376;Mélangeur Nova;Maison & Cuisine;1177.05;1333;En stock;4.4;2024-05-22;3.97;3660123944030
PROD-3377;Parfum Zenith;Beauté & Santé;318.58;1300;En stock;3.6;2024-01-26;10.49;3660123442498
PROD-3378;Tapis de Yoga Elite;Sports & Loisirs;993.8;624;En stock;3.8;2025-11-10;14.42;3660123485329
PROD-3379;Gourde Isotherme Zenith;Sports & Loisirs;74.1;779;En stock;4.1;2025-05-19;11.86;3660123479466
PROD-3380;Veste d'Hiver Zenith;Mode;292.33;676;En stock;4.4;2024-10-14;5.77;3660123549983
PROD-3381;Parfum Zenith;Beauté & Santé;1206.44;1052;En stock;3.4;2026-02-04;13.1;3660123631288
PROD-3382;Mélangeur Vortex;Maison & Cuisine;966.41;468;En stock;4.3;2026-08-07;5.36;3660123673605
PROD-3383;Vélo Tout Terrain Quantum;Sports & Loisirs;1083.43;442;En stock;3.9;2025-02-05;12.47;3660123642727
PROD-3384;Jeans Slim Nova;Mode;47.79;1357;En stock;4.6;2025-04-29;5.54;3660123593878
PROD-3385;Tablette Vortex;Électronique;385.03;325;En stock;4.5;2025-10-28;6.19;3660123943245
PROD-3386;Brosse à Dents Électrique Elite;Beauté & Santé;1079.56;515;En stock;3.6;2026-06-11;14.63;3660123551541
PROD-3387;Crème Hydratante Vortex;Beauté & Santé;50.85;48;Stock faible;4.5;2026-03-20;4.65;3660123938556
PROD-3388;Écouteurs Sans Fil Elite;Électronique;51.12;358;En stock;4.1;2025-02-14;7.01;3660123868413
PROD-3389;Smartphone Quantum;Électronique;264.22;352;En stock;4.8;2026-02-15;9.09;3660123305679
PROD-3390;Sèche-Cheveux Elite;Beauté & Santé;612.99;465;En stock;4.8;2025-05-16;13.61;3660123985560
PROD-3391;Crème Hydratante Zenith;Beauté & Santé;829.06;707;En stock;4.3;2025-12-03;0.17;3660123689538
PROD-3392;Smartphone Quantum;Électronique;187.63;1145;En stock;5.0;2024-04-22;5.38;3660123809449
PROD-3393;Aspirateur Robot Zenith;Maison & Cuisine;1290.26;47;Stock faible;4.3;2025-07-29;1.5;3660123319904
PROD-3394;Jeans Slim Apex;Mode;189.65;950;En stock;4.2;2026-03-01;10.29;3660123804995
PROD-3395;Machine à Café Quantum;Maison & Cuisine;810.36;677;En stock;3.4;2026-03-27;10.85;3660123205455
PROD-3396;Ordinateur Portable Nova;Électronique;857.29;1179;En stock;3.1;2026-06-08;2.59;3660123475358
PROD-3397;Four à Micro-ondes Zenith;Maison & Cuisine;202.18;889;En stock;4.7;2025-01-24;13.6;3660123945282
PROD-3398;T-shirt en Coton Elite;Mode;75.93;744;En stock;4.0;2025-06-25;2.97;3660123849639
PROD-3399;Veste d'Hiver Zenith;Mode;451.46;164;En stock;3.5;2026-02-13;6.53;3660123142968
PROD-3400;Sèche-Cheveux Vortex;Beauté & Santé;309.46;192;En stock;3.2;2025-11-12;13.54;3660123419224
PROD-3401;Veste d'Hiver Zenith;Mode;984.97;450;En stock;4.4;2025-12-16;0.57;3660123902023
PROD-3402;Vélo Tout Terrain Quantum;Sports & Loisirs;250.55;220;En stock;3.8;2024-07-23;3.79;3660123362332
PROD-3403;Tapis de Yoga Nova;Sports & Loisirs;1101.14;1367;En stock;3.6;2025-05-02;5.68;3660123543734
PROD-3404;Four à Micro-ondes Zenith;Maison & Cuisine;1149.02;355;En stock;4.5;2024-01-30;7.75;3660123651256
PROD-3405;Tablette Elite;Électronique;580.27;327;En stock;3.0;2025-09-28;14.0;3660123544487
PROD-3406;Brosse à Dents Électrique Apex;Beauté & Santé;788.51;883;En stock;3.5;2026-03-20;12.68;3660123748509
PROD-3407;Crème Hydratante Apex;Beauté & Santé;572.21;1011;En stock;4.9;2024-11-14;5.1;3660123846876
PROD-3408;Sac à Dos Vortex;Mode;706.4;256;En stock;4.8;2025-12-21;10.88;3660123562121
PROD-3409;Aspirateur Robot Nova;Maison & Cuisine;1238.42;440;En stock;3.6;2024-08-22;12.43;3660123656810
PROD-3410;Sèche-Cheveux Zenith;Beauté & Santé;657.68;185;En stock;4.3;2025-10-27;2.37;3660123252305
PROD-3411;Sac à Dos Nova;Mode;526.94;750;En stock;3.1;2025-11-26;2.26;3660123284239
PROD-3412;Aspirateur Robot Nova;Maison & Cuisine;339.39;965;En stock;3.7;2025-01-14;6.68;3660123589221
PROD-3413;Friteuse sans Huile Vortex;Maison & Cuisine;92.45;1471;En stock;3.7;2025-08-27;0.46;3660123399093
PROD-3414;Jeans Slim Apex;Mode;682.52;1448;En stock;3.4;2024-11-02;3.81;3660123744913
PROD-3415;Jeans Slim Apex;Mode;1153.7;1404;En stock;4.3;2024-06-09;10.0;3660123713685
PROD-3416;Gourde Isotherme Apex;Sports & Loisirs;884.87;219;En stock;3.6;2025-02-21;2.29;3660123712941
PROD-3417;Montre Connectée Quantum;Électronique;790.38;798;En stock;4.8;2024-12-13;12.15;3660123573866
PROD-3418;Machine à Café Vortex;Maison & Cuisine;153.88;875;En stock;3.3;2025-09-21;1.34;3660123156177
PROD-3419;Parfum Nova;Beauté & Santé;1067.92;318;En stock;3.3;2025-08-30;8.29;3660123516358
PROD-3420;Sèche-Cheveux Zenith;Beauté & Santé;581.01;1391;En stock;3.9;2026-03-07;7.31;3660123910419
PROD-3421;Écouteurs Sans Fil Nova;Électronique;738.69;1397;En stock;3.9;2024-01-02;6.69;3660123406202
PROD-3422;Sac à Dos Elite;Mode;808.18;1492;En stock;3.2;2026-06-03;3.03;3660123366648
PROD-3423;Veste d'Hiver Apex;Mode;23.34;363;En stock;3.0;2026-03-05;9.73;3660123878464
PROD-3424;Brosse à Dents Électrique Vortex;Beauté & Santé;647.72;1255;En stock;3.1;2024-08-06;11.2;3660123424721
PROD-3425;T-shirt en Coton Nova;Mode;776.82;1030;En stock;3.8;2026-02-18;6.01;3660123349288
PROD-3426;Écouteurs Sans Fil Apex;Électronique;789.91;1472;En stock;4.6;2024-10-06;6.18;3660123823280
PROD-3427;Haltères Zenith;Sports & Loisirs;816.8;1098;En stock;4.4;2024-05-29;3.68;3660123544558
PROD-3428;Sèche-Cheveux Apex;Beauté & Santé;107.41;498;En stock;4.7;2025-11-11;2.07;3660123280903
PROD-3429;Smartphone Zenith;Électronique;139.16;500;En stock;3.6;2024-03-02;1.6;3660123425587
PROD-3430;Machine à Café Apex;Maison & Cuisine;137.11;1096;En stock;4.3;2024-06-22;5.49;3660123347512
PROD-3431;Aspirateur Robot Vortex;Maison & Cuisine;964.89;1403;En stock;4.5;2026-06-21;11.31;3660123505521
PROD-3432;Sèche-Cheveux Elite;Beauté & Santé;1015.85;841;En stock;3.4;2026-05-11;0.23;3660123663579
PROD-3433;Sèche-Cheveux Elite;Beauté & Santé;1220.54;980;En stock;5.0;2026-01-25;5.77;3660123113243
PROD-3434;Raquette de Tennis Vortex;Sports & Loisirs;921.29;1327;En stock;4.0;2025-05-08;2.84;3660123144817
PROD-3435;Écouteurs Sans Fil Nova;Électronique;114.21;1431;En stock;4.4;2026-03-10;0.85;3660123596908
PROD-3436;Télévision 4K Apex;Électronique;569.47;550;En stock;4.1;2026-06-11;11.93;3660123933047
PROD-3437;Crème Hydratante Apex;Beauté & Santé;242.58;939;En stock;3.0;2025-01-15;1.31;3660123215478
PROD-3438;Sèche-Cheveux Vortex;Beauté & Santé;351.62;1316;En stock;3.6;2024-09-22;14.03;3660123540732
PROD-3439;Parfum Nova;Beauté & Santé;805.71;704;En stock;3.7;2026-04-22;1.81;3660123295102
PROD-3440;Gourde Isotherme Quantum;Sports & Loisirs;110.93;899;En stock;3.9;2025-12-01;12.18;3660123821523
PROD-3441;Parfum Nova;Beauté & Santé;1101.92;492;En stock;4.2;2025-02-14;1.69;3660123878237
PROD-3442;Gourde Isotherme Quantum;Sports & Loisirs;711.62;51;En stock;3.7;2025-05-21;3.19;3660123203227
PROD-3443;Friteuse sans Huile Vortex;Maison & Cuisine;626.39;586;En stock;4.6;2024-02-17;2.57;3660123246580
PROD-3444;Mélangeur Elite;Maison & Cuisine;501.2;140;En stock;3.6;2026-03-17;5.93;3660123499783
PROD-3445;Four à Micro-ondes Quantum;Maison & Cuisine;274.17;447;En stock;3.0;2025-11-27;1.75;3660123944665
PROD-3446;Gourde Isotherme Apex;Sports & Loisirs;892.61;356;En stock;4.3;2024-04-14;5.68;3660123409876
PROD-3447;Brosse à Dents Électrique Apex;Beauté & Santé;785.24;1089;En stock;4.5;2024-07-31;13.32;3660123535849
PROD-3448;Chaussures de Sport Apex;Mode;1095.81;795;En stock;3.6;2025-07-05;14.66;3660123506322
PROD-3449;Parfum Apex;Beauté & Santé;289.21;1128;En stock;4.1;2024-08-24;0.14;3660123391822
PROD-3450;Brosse à Dents Électrique Quantum;Beauté & Santé;890.95;1312;En stock;3.5;2026-01-16;3.48;3660123983885
PROD-3451;Écouteurs Sans Fil Vortex;Électronique;1268.42;296;En stock;4.6;2025-12-24;14.82;3660123722706
PROD-3452;Montre Connectée Elite;Électronique;226.28;118;En stock;3.8;2025-09-04;3.42;3660123167542
PROD-3453;Écouteurs Sans Fil Apex;Électronique;496.48;1404;En stock;3.3;2024-04-06;1.32;3660123573602
PROD-3454;Machine à Café Vortex;Maison & Cuisine;212.36;982;En stock;3.2;2024-07-16;0.4;3660123662533
PROD-3455;Télévision 4K Elite;Électronique;762.56;820;En stock;4.3;2026-05-18;12.43;3660123450922
PROD-3456;Raquette de Tennis Vortex;Sports & Loisirs;950.53;1489;En stock;4.0;2024-09-15;12.51;3660123600238
PROD-3457;Sac à Dos Vortex;Mode;588.94;1229;En stock;3.1;2024-06-14;13.95;3660123241370
PROD-3458;Télévision 4K Apex;Électronique;152.38;1118;En stock;4.7;2026-03-20;5.1;3660123537789
PROD-3459;Sac à Dos Elite;Mode;132.44;1269;En stock;4.1;2024-04-14;14.92;3660123109870
PROD-3460;Tapis de Yoga Quantum;Sports & Loisirs;282.51;1402;En stock;4.7;2026-06-05;10.63;3660123526122
PROD-3461;Aspirateur Robot Quantum;Maison & Cuisine;268.14;192;En stock;3.3;2025-04-17;14.72;3660123484327
PROD-3462;Chaussures de Sport Nova;Mode;970.84;848;En stock;3.2;2025-09-03;4.65;3660123530462
PROD-3463;Four à Micro-ondes Vortex;Maison & Cuisine;664.17;181;En stock;4.1;2026-07-02;3.25;3660123994378
PROD-3464;Sèche-Cheveux Quantum;Beauté & Santé;694.21;341;En stock;4.4;2024-04-26;11.48;3660123774236
PROD-3465;Télévision 4K Apex;Électronique;559.55;1011;En stock;3.7;2026-03-25;10.28;3660123280083
PROD-3466;Télévision 4K Nova;Électronique;1045.18;1415;En stock;3.4;2026-08-01;1.9;3660123978264
PROD-3467;Aspirateur Robot Quantum;Maison & Cuisine;801.95;1079;En stock;3.7;2025-08-15;0.65;3660123989071
PROD-3468;Écouteurs Sans Fil Elite;Électronique;786.64;115;En stock;3.5;2025-11-19;2.53;3660123474611
PROD-3469;Veste d'Hiver Vortex;Mode;1011.71;1031;En stock;3.4;2025-12-12;6.37;3660123960177
PROD-3470;Friteuse sans Huile Vortex;Maison & Cuisine;717.11;253;En stock;3.3;2026-05-21;4.25;3660123868100
PROD-3471;Friteuse sans Huile Elite;Maison & Cuisine;208.81;659;En stock;4.6;2026-07-02;5.2;3660123559218
PROD-3472;T-shirt en Coton Vortex;Mode;913.72;377;En stock;3.6;2026-06-20;13.18;3660123759921
PROD-3473;Chaussures de Sport Quantum;Mode;1168.45;217;En stock;4.6;2024-07-05;10.63;3660123525528
PROD-3474;Smartphone Elite;Électronique;709.17;477;En stock;4.1;2024-09-24;5.43;3660123202412
PROD-3475;Friteuse sans Huile Zenith;Maison & Cuisine;420.65;192;En stock;3.6;2024-08-10;11.66;3660123732404
PROD-3476;Aspirateur Robot Quantum;Maison & Cuisine;781.17;1067;En stock;4.3;2024-12-11;11.65;3660123751965
PROD-3477;Montre Connectée Vortex;Électronique;562.95;1354;En stock;3.6;2026-06-22;11.85;3660123664531
PROD-3478;Vélo Tout Terrain Elite;Sports & Loisirs;368.05;1493;En stock;3.1;2026-02-06;9.21;3660123284383
PROD-3479;Télévision 4K Quantum;Électronique;830.5;385;En stock;3.7;2026-02-17;13.89;3660123538867
PROD-3480;Raquette de Tennis Apex;Sports & Loisirs;95.83;422;En stock;3.4;2025-09-28;7.11;3660123549621
PROD-3481;Tapis de Yoga Quantum;Sports & Loisirs;903.2;247;En stock;4.0;2024-08-19;10.63;3660123111749
PROD-3482;Mélangeur Nova;Maison & Cuisine;849.08;1323;En stock;3.3;2026-05-21;14.18;3660123198626
PROD-3483;Brosse à Dents Électrique Apex;Beauté & Santé;541.21;503;En stock;3.4;2024-08-28;6.56;3660123423528
PROD-3484;Smartphone Vortex;Électronique;138.83;634;En stock;3.6;2024-06-21;4.52;3660123679597
PROD-3485;Jeans Slim Elite;Mode;1280.96;63;En stock;3.3;2024-10-13;3.75;3660123977431
PROD-3486;T-shirt en Coton Elite;Mode;785.18;899;En stock;3.8;2025-12-19;13.43;3660123195275
PROD-3487;Montre Connectée Elite;Électronique;674.02;1346;En stock;3.1;2024-12-10;6.31;3660123387272
PROD-3488;Tablette Vortex;Électronique;377.65;632;En stock;4.0;2024-07-16;9.35;3660123750160
PROD-3489;Ordinateur Portable Quantum;Électronique;60.21;637;En stock;4.7;2024-05-17;4.57;3660123440564
PROD-3490;Montre Connectée Elite;Électronique;814.42;1041;En stock;4.8;2024-07-02;5.84;3660123179789
PROD-3491;Smartphone Elite;Électronique;267.52;785;En stock;3.6;2024-09-30;2.8;3660123705979
PROD-3492;Brosse à Dents Électrique Apex;Beauté & Santé;828.07;357;En stock;3.5;2025-01-26;10.7;3660123553805
PROD-3493;Parfum Vortex;Beauté & Santé;233.51;343;En stock;4.1;2024-08-27;3.55;3660123502363
PROD-3494;Tablette Zenith;Électronique;129.79;133;En stock;4.3;2025-07-08;11.76;3660123301195
PROD-3495;Sèche-Cheveux Vortex;Beauté & Santé;1033.02;625;En stock;3.3;2025-10-31;9.5;3660123256024
PROD-3496;T-shirt en Coton Quantum;Mode;557.78;363;En stock;4.0;2024-07-11;4.13;3660123300608
PROD-3497;Mélangeur Elite;Maison & Cuisine;677.43;1238;En stock;3.5;2024-08-31;3.93;3660123595598
PROD-3498;T-shirt en Coton Elite;Mode;689.58;893;En stock;4.8;2024-09-17;11.0;3660123632393
PROD-3499;Haltères Zenith;Sports & Loisirs;236.68;510;En stock;4.5;2024-06-29;5.82;3660123750350
PROD-3500;Friteuse sans Huile Zenith;Maison & Cuisine;453.14;921;En stock;3.5;2024-12-14;12.34;3660123122763
PROD-3501;Crème Hydratante Nova;Beauté & Santé;1266.55;1145;En stock;4.3;2025-06-19;12.12;3660123491347
PROD-3502;Crème Hydratante Quantum;Beauté & Santé;1098.14;16;Stock faible;3.5;2025-03-13;12.12;3660123734440
PROD-3503;Haltères Zenith;Sports & Loisirs;280.28;1230;En stock;3.2;2026-06-01;7.11;3660123444076
PROD-3504;Écouteurs Sans Fil Quantum;Électronique;170.73;1125;En stock;4.0;2024-01-05;0.66;3660123720670
PROD-3505;Crème Hydratante Zenith;Beauté & Santé;185.91;1041;En stock;4.9;2024-08-05;14.02;3660123398636
PROD-3506;Parfum Elite;Beauté & Santé;496.7;888;En stock;3.9;2025-08-26;8.13;3660123707535
PROD-3507;Chaussures de Sport Apex;Mode;537.06;218;En stock;3.9;2026-05-23;12.84;3660123123329
PROD-3508;Raquette de Tennis Apex;Sports & Loisirs;119.64;534;En stock;4.2;2026-07-18;1.32;3660123127595
PROD-3509;Friteuse sans Huile Zenith;Maison & Cuisine;1036.98;1466;En stock;4.9;2025-04-03;1.63;3660123511239
PROD-3510;Haltères Quantum;Sports & Loisirs;567.44;667;En stock;3.0;2024-12-12;1.24;3660123863333
PROD-3511;Parfum Apex;Beauté & Santé;895.22;787;En stock;4.0;2024-10-26;3.99;3660123858334
PROD-3512;Machine à Café Zenith;Maison & Cuisine;905.63;753;En stock;4.2;2025-10-17;14.75;3660123703438
PROD-3513;Crème Hydratante Apex;Beauté & Santé;1148.99;569;En stock;3.6;2026-07-20;0.35;3660123451402
PROD-3514;Gourde Isotherme Elite;Sports & Loisirs;753.82;469;En stock;4.0;2024-11-14;0.78;3660123964890
PROD-3515;Jeans Slim Vortex;Mode;570.67;965;En stock;4.7;2025-07-03;8.86;3660123447218
PROD-3516;Tapis de Yoga Zenith;Sports & Loisirs;1247.06;266;En stock;3.7;2026-06-01;10.27;3660123352410
PROD-3517;Crème Hydratante Elite;Beauté & Santé;1298.69;876;En stock;4.5;2026-02-12;5.71;3660123971284
PROD-3518;Sac à Dos Apex;Mode;821.64;510;En stock;4.0;2024-10-21;8.64;3660123895597
PROD-3519;Raquette de Tennis Apex;Sports & Loisirs;875.8;401;En stock;3.6;2024-12-25;3.39;3660123855069
PROD-3520;Smartphone Apex;Électronique;1106.69;289;En stock;3.9;2025-08-14;5.72;3660123449661
PROD-3521;Tablette Elite;Électronique;278.82;602;En stock;4.3;2025-05-30;12.91;3660123254591
PROD-3522;Gourde Isotherme Zenith;Sports & Loisirs;686.18;972;En stock;3.1;2024-08-09;5.87;3660123535110
PROD-3523;Aspirateur Robot Nova;Maison & Cuisine;974.08;441;En stock;3.5;2025-11-27;4.29;3660123759415
PROD-3524;Crème Hydratante Quantum;Beauté & Santé;666.17;1224;En stock;3.8;2026-01-26;10.81;3660123343929
PROD-3525;Tablette Apex;Électronique;879.79;308;En stock;3.4;2025-01-14;6.65;3660123542162
PROD-3526;Télévision 4K Elite;Électronique;1096.44;97;En stock;3.9;2024-08-13;12.59;3660123568189
PROD-3527;Veste d'Hiver Zenith;Mode;604.66;876;En stock;3.3;2025-02-27;13.36;3660123506977
PROD-3528;Four à Micro-ondes Quantum;Maison & Cuisine;704.25;1426;En stock;3.1;2025-09-20;13.54;3660123681192
PROD-3529;Parfum Quantum;Beauté & Santé;351.8;1015;En stock;4.9;2026-05-29;5.68;3660123385857
PROD-3530;Jeans Slim Zenith;Mode;1092.7;1459;En stock;3.7;2025-08-24;5.38;3660123299500
PROD-3531;Gourde Isotherme Zenith;Sports & Loisirs;1142.84;56;En stock;4.9;2026-03-13;3.68;3660123508203
PROD-3532;Gourde Isotherme Vortex;Sports & Loisirs;623.15;51;En stock;3.5;2024-06-02;0.44;3660123603335
PROD-3533;Gourde Isotherme Zenith;Sports & Loisirs;113.86;1222;En stock;3.9;2024-07-23;4.54;3660123179724
PROD-3534;Chaussures de Sport Nova;Mode;850.74;425;En stock;3.1;2025-08-25;0.97;3660123133888
PROD-3535;Tablette Zenith;Électronique;962.62;837;En stock;3.7;2024-12-31;10.92;3660123257302
PROD-3536;Mélangeur Elite;Maison & Cuisine;349.77;500;En stock;4.1;2026-03-30;5.07;3660123789150
PROD-3537;Haltères Nova;Sports & Loisirs;451.11;369;En stock;4.8;2026-06-04;10.18;3660123531612
PROD-3538;Tapis de Yoga Elite;Sports & Loisirs;891.75;1374;En stock;4.5;2026-06-01;14.37;3660123372869
PROD-3539;Tapis de Yoga Vortex;Sports & Loisirs;960.54;143;En stock;3.1;2024-09-08;12.24;3660123713327
PROD-3540;Chaussures de Sport Apex;Mode;111.47;1411;En stock;4.5;2025-05-28;8.56;3660123871330
PROD-3541;Haltères Apex;Sports & Loisirs;121.92;208;En stock;4.4;2024-11-21;7.59;3660123885253
PROD-3542;Haltères Quantum;Sports & Loisirs;560.03;638;En stock;4.5;2025-04-26;6.79;3660123197527
PROD-3543;Parfum Vortex;Beauté & Santé;638.04;0;Rupture de stock;3.6;2025-04-17;11.02;3660123531603
PROD-3544;Gourde Isotherme Vortex;Sports & Loisirs;1152.21;1450;En stock;4.2;2026-01-28;5.66;3660123239635
PROD-3545;Chaussures de Sport Zenith;Mode;1271.55;1200;En stock;3.7;2025-06-23;9.66;3660123171092
PROD-3546;Jeans Slim Elite;Mode;310.13;474;En stock;3.0;2024-07-03;8.66;3660123294967
PROD-3547;Gourde Isotherme Zenith;Sports & Loisirs;1113.41;646;En stock;3.6;2025-05-07;10.24;3660123753411
PROD-3548;Parfum Nova;Beauté & Santé;1189.86;137;En stock;3.5;2024-12-29;1.1;3660123192525
PROD-3549;Parfum Quantum;Beauté & Santé;51.57;992;En stock;3.6;2026-06-07;3.73;3660123678565
PROD-3550;Sèche-Cheveux Zenith;Beauté & Santé;595.37;1024;En stock;3.7;2024-09-24;6.88;3660123417137
PROD-3551;Aspirateur Robot Nova;Maison & Cuisine;432.23;537;En stock;3.6;2024-01-18;13.96;3660123882556
PROD-3552;Machine à Café Vortex;Maison & Cuisine;630.29;462;En stock;4.7;2024-03-25;8.11;3660123884040
PROD-3553;Gourde Isotherme Zenith;Sports & Loisirs;1204.11;1017;En stock;4.0;2024-04-07;3.14;3660123313443
PROD-3554;T-shirt en Coton Vortex;Mode;879.86;17;Stock faible;3.3;2025-06-10;5.67;3660123380531
PROD-3555;Haltères Vortex;Sports & Loisirs;1060.97;715;En stock;3.4;2025-09-28;14.04;3660123913506
PROD-3556;Crème Hydratante Elite;Beauté & Santé;226.44;243;En stock;4.0;2025-09-08;4.99;3660123752862
PROD-3557;Sèche-Cheveux Vortex;Beauté & Santé;684.03;1445;En stock;4.8;2026-03-23;14.6;3660123279106
PROD-3558;Parfum Zenith;Beauté & Santé;475.69;1062;En stock;4.7;2026-06-05;1.75;3660123583095
PROD-3559;Sac à Dos Nova;Mode;287.51;420;En stock;4.9;2024-04-09;8.86;3660123426158
PROD-3560;Sèche-Cheveux Vortex;Beauté & Santé;1160.06;84;En stock;4.5;2024-07-19;14.41;3660123168189
PROD-3561;Chaussures de Sport Nova;Mode;344.25;1440;En stock;4.2;2026-04-16;2.68;3660123264611
PROD-3562;Montre Connectée Vortex;Électronique;1140.42;1176;En stock;3.9;2026-05-11;3.71;3660123900198
PROD-3563;Tablette Elite;Électronique;1201.62;355;En stock;3.1;2024-11-17;2.41;3660123302576
PROD-3564;T-shirt en Coton Apex;Mode;391.47;822;En stock;3.2;2024-09-12;1.35;3660123772256
PROD-3565;Veste d'Hiver Nova;Mode;1105.17;128;En stock;3.6;2024-02-09;2.93;3660123947739
PROD-3566;Veste d'Hiver Apex;Mode;590.21;1091;En stock;3.2;2025-12-30;1.59;3660123149757
PROD-3567;Parfum Zenith;Beauté & Santé;801.94;620;En stock;4.3;2024-11-16;4.86;3660123526536
PROD-3568;Vélo Tout Terrain Elite;Sports & Loisirs;1042.27;666;En stock;5.0;2024-11-06;1.88;3660123685484
PROD-3569;Friteuse sans Huile Vortex;Maison & Cuisine;136.77;832;En stock;4.9;2026-05-28;13.58;3660123379865
PROD-3570;Jeans Slim Apex;Mode;547.89;1401;En stock;3.2;2025-09-24;13.77;3660123942731
PROD-3571;Smartphone Quantum;Électronique;1263.48;1422;En stock;4.5;2025-10-18;5.77;3660123745775
PROD-3572;Smartphone Apex;Électronique;1164.76;1438;En stock;4.5;2025-10-13;2.07;3660123796415
PROD-3573;Jeans Slim Elite;Mode;169.3;1096;En stock;3.3;2026-04-24;7.6;3660123232063
PROD-3574;Aspirateur Robot Elite;Maison & Cuisine;1055.6;728;En stock;4.9;2025-02-15;2.64;3660123920158
PROD-3575;Raquette de Tennis Vortex;Sports & Loisirs;1015.02;299;En stock;3.1;2024-07-17;9.51;3660123620690
PROD-3576;Sèche-Cheveux Elite;Beauté & Santé;15.0;707;En stock;4.1;2024-05-22;9.96;3660123764949
PROD-3577;Chaussures de Sport Nova;Mode;990.47;1128;En stock;4.3;2024-02-20;10.58;3660123265570
PROD-3578;Aspirateur Robot Apex;Maison & Cuisine;1248.6;1353;En stock;3.9;2026-05-15;4.08;3660123456096
PROD-3579;Parfum Elite;Beauté & Santé;176.17;391;En stock;4.1;2024-05-05;2.26;3660123466632
PROD-3580;Écouteurs Sans Fil Zenith;Électronique;250.27;1468;En stock;4.6;2024-12-05;10.19;3660123636576
PROD-3581;Montre Connectée Nova;Électronique;1188.44;1056;En stock;3.8;2026-04-05;5.76;3660123402027
PROD-3582;Sèche-Cheveux Nova;Beauté & Santé;1030.76;372;En stock;3.5;2025-03-04;11.77;3660123988351
PROD-3583;Chaussures de Sport Zenith;Mode;591.98;817;En stock;4.4;2025-09-13;14.49;3660123143681
PROD-3584;Sèche-Cheveux Zenith;Beauté & Santé;1133.1;1299;En stock;4.0;2026-01-16;8.81;3660123446535
PROD-3585;Gourde Isotherme Elite;Sports & Loisirs;344.86;72;En stock;3.2;2025-02-02;5.01;3660123981849
PROD-3586;Chaussures de Sport Nova;Mode;294.51;1144;En stock;4.0;2025-06-04;13.91;3660123564306
PROD-3587;Haltères Quantum;Sports & Loisirs;909.45;1256;En stock;4.2;2024-08-31;1.2;3660123508266
PROD-3588;Télévision 4K Elite;Électronique;175.08;282;En stock;4.7;2024-01-24;13.28;3660123202432
PROD-3589;Friteuse sans Huile Quantum;Maison & Cuisine;21.76;572;En stock;4.0;2025-08-26;4.23;3660123889825
PROD-3590;Tapis de Yoga Vortex;Sports & Loisirs;803.85;438;En stock;4.0;2024-07-31;5.01;3660123896842
PROD-3591;Sac à Dos Vortex;Mode;1038.94;660;En stock;4.5;2025-07-27;2.61;3660123853148
PROD-3592;Crème Hydratante Zenith;Beauté & Santé;104.7;1456;En stock;4.5;2024-09-22;6.95;3660123690723
PROD-3593;Écouteurs Sans Fil Nova;Électronique;406.83;262;En stock;4.1;2025-08-25;5.44;3660123197492
PROD-3594;Gourde Isotherme Nova;Sports & Loisirs;835.08;1155;En stock;3.7;2024-08-14;1.98;3660123865621
PROD-3595;Gourde Isotherme Apex;Sports & Loisirs;1052.09;523;En stock;4.7;2026-02-16;7.8;3660123954266
PROD-3596;Parfum Zenith;Beauté & Santé;500.19;1353;En stock;3.3;2026-07-01;2.59;3660123911910
PROD-3597;Brosse à Dents Électrique Nova;Beauté & Santé;687.93;337;En stock;4.4;2026-07-11;0.12;3660123901050
PROD-3598;Tablette Nova;Électronique;208.99;764;En stock;3.4;2025-03-23;13.48;3660123639218
PROD-3599;Chaussures de Sport Vortex;Mode;948.46;1395;En stock;4.9;2025-03-08;7.33;3660123529396
PROD-3600;Raquette de Tennis Apex;Sports & Loisirs;797.94;817;En stock;3.6;2026-03-31;8.32;3660123602928
PROD-3601;Veste d'Hiver Vortex;Mode;429.83;1177;En stock;3.9;2024-05-30;1.28;3660123474775
PROD-3602;Aspirateur Robot Quantum;Maison & Cuisine;425.86;705;En stock;4.4;2025-12-27;5.01;3660123759038
PROD-3603;Friteuse sans Huile Elite;Maison & Cuisine;813.21;562;En stock;4.1;2025-04-13;14.48;3660123191211
PROD-3604;Montre Connectée Elite;Électronique;385.55;1078;En stock;3.8;2026-06-27;14.74;3660123264091
PROD-3605;Gourde Isotherme Zenith;Sports & Loisirs;991.18;1335;En stock;3.2;2025-09-23;9.32;3660123545016
PROD-3606;Veste d'Hiver Nova;Mode;355.99;832;En stock;3.7;2024-11-21;1.17;3660123475589
PROD-3607;Haltères Apex;Sports & Loisirs;798.67;902;En stock;4.1;2025-03-13;3.64;3660123857727
PROD-3608;Smartphone Vortex;Électronique;1242.47;718;En stock;4.5;2026-04-17;2.84;3660123975634
PROD-3609;Télévision 4K Nova;Électronique;1089.88;175;En stock;4.5;2024-12-01;8.68;3660123783889
PROD-3610;Machine à Café Zenith;Maison & Cuisine;196.5;1073;En stock;3.6;2025-07-08;11.9;3660123325408
PROD-3611;Sac à Dos Nova;Mode;628.67;840;En stock;4.1;2025-08-04;9.46;3660123903515
PROD-3612;Chaussures de Sport Elite;Mode;905.45;169;En stock;4.6;2026-06-14;7.64;3660123135217
PROD-3613;T-shirt en Coton Nova;Mode;263.52;614;En stock;4.1;2024-03-14;12.59;3660123449850
PROD-3614;Four à Micro-ondes Elite;Maison & Cuisine;322.18;1079;En stock;3.8;2026-02-03;7.34;3660123462723
PROD-3615;Veste d'Hiver Zenith;Mode;547.7;32;Stock faible;3.7;2025-08-22;2.4;3660123512038
PROD-3616;Tablette Quantum;Électronique;635.07;547;En stock;4.9;2026-04-24;14.86;3660123763740
PROD-3617;Four à Micro-ondes Nova;Maison & Cuisine;72.01;681;En stock;4.5;2025-02-08;13.89;3660123993980
PROD-3618;Sac à Dos Vortex;Mode;91.22;1227;En stock;4.4;2025-12-28;8.01;3660123465978
PROD-3619;Gourde Isotherme Elite;Sports & Loisirs;818.22;1398;En stock;3.3;2025-05-28;5.53;3660123144641
PROD-3620;Aspirateur Robot Zenith;Maison & Cuisine;1261.1;1479;En stock;4.8;2026-03-14;9.77;3660123788242
PROD-3621;Friteuse sans Huile Nova;Maison & Cuisine;1120.55;1379;En stock;4.0;2024-12-14;13.13;3660123675691
PROD-3622;Aspirateur Robot Nova;Maison & Cuisine;508.29;853;En stock;3.5;2025-09-13;5.62;3660123600896
PROD-3623;Crème Hydratante Zenith;Beauté & Santé;975.41;5;Stock faible;3.9;2025-09-16;11.67;3660123123462
PROD-3624;Haltères Apex;Sports & Loisirs;869.52;1152;En stock;4.4;2024-04-12;9.15;3660123167815
PROD-3625;Gourde Isotherme Zenith;Sports & Loisirs;487.71;313;En stock;4.1;2025-12-05;4.23;3660123200639
PROD-3626;Sac à Dos Nova;Mode;447.37;1376;En stock;3.2;2026-07-28;4.21;3660123667801
PROD-3627;Friteuse sans Huile Elite;Maison & Cuisine;990.33;1059;En stock;4.6;2024-12-10;9.98;3660123598984
PROD-3628;Chaussures de Sport Quantum;Mode;570.33;776;En stock;4.6;2025-08-19;13.48;3660123604793
PROD-3629;Écouteurs Sans Fil Zenith;Électronique;400.85;1254;En stock;3.5;2026-03-23;10.65;3660123769669
PROD-3630;Jeans Slim Quantum;Mode;702.78;1346;En stock;4.0;2024-12-10;12.91;3660123939598
PROD-3631;Brosse à Dents Électrique Nova;Beauté & Santé;946.43;1192;En stock;3.5;2025-09-19;12.89;3660123156380
PROD-3632;Gourde Isotherme Elite;Sports & Loisirs;320.87;230;En stock;3.7;2025-01-03;8.95;3660123589287
PROD-3633;Smartphone Elite;Électronique;71.57;252;En stock;4.9;2025-10-20;3.86;3660123576949
PROD-3634;Mélangeur Vortex;Maison & Cuisine;1249.6;492;En stock;4.3;2026-04-18;13.43;3660123375162
PROD-3635;Parfum Nova;Beauté & Santé;233.09;748;En stock;3.9;2025-05-27;5.12;3660123366927
PROD-3636;Ordinateur Portable Zenith;Électronique;358.76;1497;En stock;4.3;2024-11-12;1.52;3660123659905
PROD-3637;Veste d'Hiver Quantum;Mode;286.05;1362;En stock;3.6;2024-08-31;12.92;3660123662463
PROD-3638;Veste d'Hiver Zenith;Mode;722.96;1380;En stock;4.5;2026-03-15;14.52;3660123460721
PROD-3639;Raquette de Tennis Zenith;Sports & Loisirs;1084.39;741;En stock;4.9;2024-04-10;9.84;3660123522001
PROD-3640;Ordinateur Portable Vortex;Électronique;1007.69;537;En stock;4.3;2024-04-30;11.67;3660123530487
PROD-3641;Machine à Café Nova;Maison & Cuisine;966.74;1341;En stock;4.6;2025-10-15;4.6;3660123101972
PROD-3642;T-shirt en Coton Quantum;Mode;141.26;820;En stock;4.6;2025-03-31;9.54;3660123200680
PROD-3643;Chaussures de Sport Elite;Mode;770.92;1475;En stock;4.6;2026-04-20;10.43;3660123404974
PROD-3644;Tablette Zenith;Électronique;930.59;1171;En stock;3.7;2024-02-12;7.82;3660123327281
PROD-3645;Haltères Zenith;Sports & Loisirs;930.9;824;En stock;3.1;2025-04-17;0.48;3660123738040
PROD-3646;Tapis de Yoga Apex;Sports & Loisirs;110.39;712;En stock;4.2;2024-02-01;9.92;3660123141223
PROD-3647;Télévision 4K Elite;Électronique;55.48;784;En stock;3.9;2026-03-20;9.73;3660123702536
PROD-3648;Télévision 4K Vortex;Électronique;567.88;1223;En stock;3.4;2025-06-25;4.76;3660123812931
PROD-3649;Télévision 4K Elite;Électronique;211.35;747;En stock;4.2;2026-03-10;3.62;3660123676378
PROD-3650;Parfum Quantum;Beauté & Santé;528.32;511;En stock;3.7;2024-07-21;11.88;3660123610454
PROD-3651;Mélangeur Elite;Maison & Cuisine;1036.29;1440;En stock;4.1;2025-02-21;0.78;3660123160600
PROD-3652;Vélo Tout Terrain Nova;Sports & Loisirs;698.82;439;En stock;3.5;2024-03-28;14.51;3660123341679
PROD-3653;T-shirt en Coton Nova;Mode;799.59;152;En stock;3.5;2024-02-18;9.09;3660123998913
PROD-3654;Jeans Slim Quantum;Mode;829.47;1258;En stock;3.5;2025-02-18;12.78;3660123335946
PROD-3655;Chaussures de Sport Elite;Mode;1005.73;1162;En stock;3.8;2026-02-26;12.32;3660123165594
PROD-3656;Sac à Dos Apex;Mode;262.85;1367;En stock;3.0;2024-02-22;13.72;3660123806262
PROD-3657;Mélangeur Elite;Maison & Cuisine;573.66;747;En stock;4.1;2024-06-06;5.91;3660123126413
PROD-3658;Brosse à Dents Électrique Zenith;Beauté & Santé;244.09;1370;En stock;3.8;2026-07-07;10.97;3660123949113
PROD-3659;Crème Hydratante Elite;Beauté & Santé;1014.13;139;En stock;3.3;2025-06-02;12.97;3660123648499
PROD-3660;Gourde Isotherme Vortex;Sports & Loisirs;143.75;258;En stock;4.3;2024-07-19;11.97;3660123274322
PROD-3661;Écouteurs Sans Fil Elite;Électronique;858.39;660;En stock;4.7;2026-04-04;5.73;3660123213461
PROD-3662;Parfum Elite;Beauté & Santé;715.04;300;En stock;4.7;2026-04-09;9.32;3660123421004
PROD-3663;Haltères Quantum;Sports & Loisirs;1253.24;1288;En stock;4.3;2025-01-21;13.73;3660123834072
PROD-3664;Machine à Café Zenith;Maison & Cuisine;895.5;649;En stock;3.6;2026-08-04;1.24;3660123646068
PROD-3665;Montre Connectée Vortex;Électronique;868.79;1425;En stock;3.7;2024-08-06;5.79;3660123572011
PROD-3666;Friteuse sans Huile Apex;Maison & Cuisine;896.41;295;En stock;3.1;2025-07-19;12.4;3660123774725
PROD-3667;Sèche-Cheveux Elite;Beauté & Santé;775.1;910;En stock;4.7;2026-01-09;6.49;3660123415525
PROD-3668;Tablette Zenith;Électronique;1121.91;164;En stock;3.5;2025-11-17;2.11;3660123129256
PROD-3669;Écouteurs Sans Fil Elite;Électronique;683.66;406;En stock;3.5;2024-09-30;14.62;3660123202179
PROD-3670;Ordinateur Portable Quantum;Électronique;227.98;424;En stock;4.8;2024-01-12;3.01;3660123632842
PROD-3671;Gourde Isotherme Zenith;Sports & Loisirs;614.63;988;En stock;3.1;2025-08-09;0.26;3660123542276
PROD-3672;Gourde Isotherme Apex;Sports & Loisirs;1263.0;485;En stock;4.6;2025-01-21;2.25;3660123733025
PROD-3673;T-shirt en Coton Quantum;Mode;553.17;988;En stock;4.4;2024-03-08;9.58;3660123294554
PROD-3674;Télévision 4K Nova;Électronique;63.91;1117;En stock;4.0;2025-06-12;5.98;3660123151721
PROD-3675;T-shirt en Coton Vortex;Mode;513.0;1176;En stock;3.4;2024-08-19;13.3;3660123803894
PROD-3676;Four à Micro-ondes Zenith;Maison & Cuisine;854.09;820;En stock;3.5;2025-03-15;7.06;3660123214492
PROD-3677;Sèche-Cheveux Quantum;Beauté & Santé;57.73;1470;En stock;4.8;2026-02-09;3.54;3660123814846
PROD-3678;Télévision 4K Zenith;Électronique;1036.94;1165;En stock;3.1;2025-08-01;10.82;3660123887154
PROD-3679;Tapis de Yoga Nova;Sports & Loisirs;394.88;688;En stock;4.6;2024-04-27;10.61;3660123725143
PROD-3680;Tapis de Yoga Apex;Sports & Loisirs;722.47;765;En stock;4.1;2024-04-12;2.9;3660123671294
PROD-3681;Friteuse sans Huile Quantum;Maison & Cuisine;609.26;22;Stock faible;3.9;2024-06-28;1.86;3660123448246
PROD-3682;Aspirateur Robot Vortex;Maison & Cuisine;331.16;815;En stock;4.5;2026-03-10;13.13;3660123280221
PROD-3683;Tapis de Yoga Nova;Sports & Loisirs;234.75;867;En stock;4.1;2026-02-13;0.47;3660123842222
PROD-3684;Parfum Zenith;Beauté & Santé;1032.53;1053;En stock;3.0;2026-06-04;12.66;3660123732799
PROD-3685;Machine à Café Zenith;Maison & Cuisine;713.34;1031;En stock;4.7;2024-07-15;10.27;3660123751750
PROD-3686;Smartphone Quantum;Électronique;477.08;490;En stock;4.8;2024-11-30;12.78;3660123603335
PROD-3687;Veste d'Hiver Zenith;Mode;496.81;445;En stock;4.5;2025-12-23;5.24;3660123127261
PROD-3688;Aspirateur Robot Zenith;Maison & Cuisine;70.73;181;En stock;3.3;2025-07-10;3.74;3660123190996
PROD-3689;Crème Hydratante Zenith;Beauté & Santé;672.05;1300;En stock;4.2;2025-05-08;8.54;3660123112514
PROD-3690;Mélangeur Vortex;Maison & Cuisine;595.39;1009;En stock;4.9;2024-03-24;12.87;3660123833226
PROD-3691;Ordinateur Portable Apex;Électronique;455.56;1024;En stock;3.9;2024-02-28;13.41;3660123418205
PROD-3692;Ordinateur Portable Zenith;Électronique;1183.99;1430;En stock;3.8;2024-12-03;1.49;3660123511209
PROD-3693;Sac à Dos Nova;Mode;991.38;1292;En stock;4.1;2024-11-24;3.21;3660123569990
PROD-3694;Raquette de Tennis Zenith;Sports & Loisirs;158.73;1141;En stock;3.9;2026-05-02;6.12;3660123587365
PROD-3695;Tapis de Yoga Apex;Sports & Loisirs;510.22;459;En stock;3.6;2025-11-02;12.66;3660123715642
PROD-3696;Vélo Tout Terrain Apex;Sports & Loisirs;834.37;967;En stock;4.5;2024-02-15;3.49;3660123285647
PROD-3697;Sac à Dos Quantum;Mode;975.45;1479;En stock;4.5;2024-12-07;13.69;3660123624154
PROD-3698;Veste d'Hiver Apex;Mode;1015.52;618;En stock;4.1;2026-07-07;8.05;3660123145287
PROD-3699;Crème Hydratante Elite;Beauté & Santé;1136.48;898;En stock;4.5;2024-08-10;12.67;3660123667700
PROD-3700;Écouteurs Sans Fil Quantum;Électronique;35.19;698;En stock;4.7;2024-06-15;7.31;3660123577116
PROD-3701;Crème Hydratante Vortex;Beauté & Santé;936.36;612;En stock;4.6;2025-02-27;12.5;3660123210295
PROD-3702;Smartphone Quantum;Électronique;1239.83;1179;En stock;3.9;2024-11-10;13.23;3660123479644
PROD-3703;Veste d'Hiver Quantum;Mode;450.42;306;En stock;4.0;2026-03-20;6.89;3660123274503
PROD-3704;Raquette de Tennis Nova;Sports & Loisirs;391.89;691;En stock;3.5;2025-11-27;0.47;3660123313089
PROD-3705;Sèche-Cheveux Vortex;Beauté & Santé;664.63;1403;En stock;3.8;2026-05-28;5.3;3660123537111
PROD-3706;Télévision 4K Quantum;Électronique;943.39;1492;En stock;4.2;2026-08-02;13.0;3660123781526
PROD-3707;Tapis de Yoga Nova;Sports & Loisirs;680.02;839;En stock;4.6;2025-05-02;0.6;3660123904813
PROD-3708;Gourde Isotherme Quantum;Sports & Loisirs;576.34;767;En stock;3.9;2026-02-14;9.85;3660123697167
PROD-3709;Parfum Nova;Beauté & Santé;495.35;1017;En stock;3.9;2024-07-07;13.2;3660123947141
PROD-3710;Tapis de Yoga Elite;Sports & Loisirs;1023.06;112;En stock;4.9;2026-02-16;3.65;3660123474960
PROD-3711;Ordinateur Portable Vortex;Électronique;780.22;353;En stock;3.4;2026-03-23;0.58;3660123665852
PROD-3712;Mélangeur Nova;Maison & Cuisine;221.5;394;En stock;4.4;2026-03-05;3.7;3660123926061
PROD-3713;Machine à Café Vortex;Maison & Cuisine;770.3;470;En stock;3.5;2025-01-23;0.44;3660123520621
PROD-3714;Télévision 4K Vortex;Électronique;1280.52;529;En stock;4.4;2025-11-27;13.77;3660123518200
PROD-3715;Crème Hydratante Elite;Beauté & Santé;178.35;698;En stock;3.9;2026-06-20;5.94;3660123916345
PROD-3716;Friteuse sans Huile Zenith;Maison & Cuisine;126.53;1035;En stock;3.7;2025-05-08;10.76;3660123150919
PROD-3717;Télévision 4K Zenith;Électronique;337.4;1138;En stock;3.7;2025-06-28;7.24;3660123457189
PROD-3718;Aspirateur Robot Apex;Maison & Cuisine;1250.77;1293;En stock;4.5;2026-03-29;7.85;3660123110282
PROD-3719;Jeans Slim Zenith;Mode;461.57;636;En stock;4.8;2025-06-26;12.05;3660123439721
PROD-3720;Four à Micro-ondes Quantum;Maison & Cuisine;990.56;619;En stock;4.9;2025-01-08;5.06;3660123131314
PROD-3721;Raquette de Tennis Quantum;Sports & Loisirs;720.33;1305;En stock;4.9;2025-07-11;6.01;3660123811705
PROD-3722;Aspirateur Robot Nova;Maison & Cuisine;941.51;266;En stock;3.3;2024-09-12;13.33;3660123603878
PROD-3723;Smartphone Vortex;Électronique;1259.79;667;En stock;4.1;2025-02-28;13.85;3660123720617
PROD-3724;Brosse à Dents Électrique Vortex;Beauté & Santé;1056.32;1158;En stock;4.0;2025-05-10;2.48;3660123644624
PROD-3725;Vélo Tout Terrain Elite;Sports & Loisirs;108.4;322;En stock;4.6;2025-08-04;5.5;3660123528544
PROD-3726;Friteuse sans Huile Apex;Maison & Cuisine;621.31;1365;En stock;4.2;2024-11-13;4.58;3660123547857
PROD-3727;Ordinateur Portable Nova;Électronique;990.7;1109;En stock;4.1;2024-01-07;7.12;3660123120327
PROD-3728;T-shirt en Coton Elite;Mode;63.3;1079;En stock;4.0;2024-12-12;10.3;3660123257352
PROD-3729;Ordinateur Portable Elite;Électronique;215.37;1440;En stock;4.3;2024-01-04;1.33;3660123612856
PROD-3730;Veste d'Hiver Zenith;Mode;1231.77;136;En stock;3.8;2025-06-26;7.52;3660123244167
PROD-3731;Smartphone Zenith;Électronique;533.46;269;En stock;4.7;2024-11-23;9.79;3660123118776
PROD-3732;Écouteurs Sans Fil Nova;Électronique;533.41;1393;En stock;4.1;2024-09-15;4.21;3660123965323
PROD-3733;Ordinateur Portable Elite;Électronique;523.72;985;En stock;4.1;2026-02-24;5.19;3660123870645
PROD-3734;Brosse à Dents Électrique Nova;Beauté & Santé;27.27;762;En stock;4.0;2025-05-20;2.21;3660123349464
PROD-3735;Brosse à Dents Électrique Quantum;Beauté & Santé;700.02;1319;En stock;3.0;2024-02-20;11.95;3660123372226
PROD-3736;Chaussures de Sport Vortex;Mode;208.04;275;En stock;3.8;2024-03-18;4.09;3660123795897
PROD-3737;Crème Hydratante Vortex;Beauté & Santé;917.76;1271;En stock;4.3;2024-01-08;1.53;3660123146435
PROD-3738;Tablette Quantum;Électronique;650.28;989;En stock;4.3;2024-01-29;9.3;3660123467418
PROD-3739;Tablette Nova;Électronique;69.61;1151;En stock;3.3;2026-01-11;10.84;3660123232464
PROD-3740;Machine à Café Elite;Maison & Cuisine;202.71;1157;En stock;3.9;2024-01-04;12.49;3660123703297
PROD-3741;Four à Micro-ondes Vortex;Maison & Cuisine;449.19;330;En stock;4.2;2024-04-15;5.22;3660123762315
PROD-3742;Veste d'Hiver Apex;Mode;109.74;432;En stock;4.6;2025-10-23;6.71;3660123396141
PROD-3743;Brosse à Dents Électrique Apex;Beauté & Santé;1176.2;955;En stock;3.7;2025-04-15;4.61;3660123216076
PROD-3744;Jeans Slim Zenith;Mode;734.05;957;En stock;4.7;2025-08-19;6.24;3660123504203
PROD-3745;Mélangeur Vortex;Maison & Cuisine;112.84;1117;En stock;3.5;2024-03-12;2.75;3660123784861
PROD-3746;Parfum Elite;Beauté & Santé;589.89;1322;En stock;3.9;2026-03-19;6.97;3660123280198
PROD-3747;Veste d'Hiver Nova;Mode;829.6;404;En stock;4.3;2024-12-16;12.91;3660123752881
PROD-3748;Raquette de Tennis Quantum;Sports & Loisirs;222.57;770;En stock;3.7;2024-04-22;5.13;3660123525827
PROD-3749;Jeans Slim Vortex;Mode;1127.84;1326;En stock;3.1;2024-06-09;9.24;3660123699108
PROD-3750;Ordinateur Portable Zenith;Électronique;1207.23;1325;En stock;3.0;2024-10-30;1.97;3660123593774
PROD-3751;Parfum Apex;Beauté & Santé;818.15;1476;En stock;3.1;2024-10-20;0.24;3660123169012
PROD-3752;Haltères Quantum;Sports & Loisirs;304.18;850;En stock;3.3;2026-06-19;2.6;3660123500496
PROD-3753;Machine à Café Zenith;Maison & Cuisine;347.58;314;En stock;4.8;2024-08-14;6.25;3660123728721
PROD-3754;Aspirateur Robot Vortex;Maison & Cuisine;991.0;1470;En stock;4.9;2026-08-03;12.47;3660123161496
PROD-3755;Montre Connectée Zenith;Électronique;201.31;495;En stock;3.2;2025-12-28;1.79;3660123582465
PROD-3756;Machine à Café Quantum;Maison & Cuisine;410.84;134;En stock;3.5;2026-06-06;4.99;3660123699342
PROD-3757;Smartphone Elite;Électronique;94.84;544;En stock;3.3;2025-09-17;11.98;3660123327989
PROD-3758;Sac à Dos Vortex;Mode;1280.71;558;En stock;3.9;2024-11-09;2.54;3660123703149
PROD-3759;Brosse à Dents Électrique Elite;Beauté & Santé;992.94;1262;En stock;3.8;2025-03-01;13.68;3660123604679
PROD-3760;Tapis de Yoga Zenith;Sports & Loisirs;331.45;1218;En stock;3.0;2024-06-21;2.58;3660123906510
PROD-3761;Mélangeur Quantum;Maison & Cuisine;949.88;483;En stock;3.8;2024-01-11;0.74;3660123312643
PROD-3762;Friteuse sans Huile Vortex;Maison & Cuisine;30.5;77;En stock;4.4;2025-10-13;0.93;3660123415216
PROD-3763;Gourde Isotherme Apex;Sports & Loisirs;1125.41;1320;En stock;3.6;2024-05-29;6.83;3660123612638
PROD-3764;Mélangeur Zenith;Maison & Cuisine;345.14;107;En stock;4.4;2024-10-17;2.72;3660123360659
PROD-3765;Télévision 4K Vortex;Électronique;645.59;294;En stock;4.4;2026-02-06;1.01;3660123553894
PROD-3766;Haltères Zenith;Sports & Loisirs;1230.45;460;En stock;4.2;2024-11-09;14.34;3660123817131
PROD-3767;Parfum Vortex;Beauté & Santé;34.79;654;En stock;4.7;2026-01-27;11.69;3660123718622
PROD-3768;Mélangeur Nova;Maison & Cuisine;672.26;1142;En stock;4.4;2024-12-08;6.9;3660123360172
PROD-3769;Sèche-Cheveux Nova;Beauté & Santé;327.68;985;En stock;3.5;2024-12-14;3.8;3660123978976
PROD-3770;Aspirateur Robot Nova;Maison & Cuisine;1281.62;866;En stock;3.6;2026-05-15;2.76;3660123407358
PROD-3771;Haltères Apex;Sports & Loisirs;827.26;1103;En stock;3.7;2026-01-01;12.3;3660123264922
PROD-3772;Ordinateur Portable Nova;Électronique;457.41;663;En stock;4.8;2025-02-13;0.82;3660123360611
PROD-3773;Mélangeur Apex;Maison & Cuisine;1066.31;998;En stock;4.4;2025-01-09;14.21;3660123440017
PROD-3774;Parfum Apex;Beauté & Santé;1047.11;546;En stock;4.3;2025-12-16;0.88;3660123259263
PROD-3775;Mélangeur Zenith;Maison & Cuisine;517.31;145;En stock;3.2;2025-09-27;2.43;3660123952505
PROD-3776;T-shirt en Coton Nova;Mode;423.75;1045;En stock;4.6;2024-02-06;14.13;3660123908132
PROD-3777;Sèche-Cheveux Vortex;Beauté & Santé;127.55;510;En stock;4.6;2026-01-20;14.61;3660123462030
PROD-3778;Écouteurs Sans Fil Elite;Électronique;968.36;1493;En stock;4.4;2025-09-17;14.42;3660123899111
PROD-3779;Tablette Elite;Électronique;1138.08;225;En stock;3.7;2025-05-24;12.89;3660123429314
PROD-3780;Chaussures de Sport Apex;Mode;1163.43;803;En stock;3.9;2024-08-24;2.69;3660123639944
PROD-3781;Mélangeur Quantum;Maison & Cuisine;327.37;881;En stock;3.2;2025-02-24;2.1;3660123993464
PROD-3782;Montre Connectée Elite;Électronique;1135.65;1345;En stock;3.7;2026-01-03;6.55;3660123431289
PROD-3783;Aspirateur Robot Apex;Maison & Cuisine;601.07;149;En stock;3.6;2024-10-23;2.39;3660123429664
PROD-3784;Parfum Vortex;Beauté & Santé;1053.18;1367;En stock;4.3;2025-09-01;6.74;3660123181103
PROD-3785;Jeans Slim Elite;Mode;288.34;865;En stock;3.0;2025-06-01;0.73;3660123902644
PROD-3786;Sèche-Cheveux Apex;Beauté & Santé;66.92;582;En stock;4.5;2025-03-03;11.02;3660123990848
PROD-3787;Montre Connectée Nova;Électronique;783.86;994;En stock;4.7;2025-06-21;7.56;3660123202931
PROD-3788;Brosse à Dents Électrique Apex;Beauté & Santé;372.54;800;En stock;4.3;2025-01-30;14.08;3660123681815
PROD-3789;Sèche-Cheveux Quantum;Beauté & Santé;1257.27;968;En stock;4.4;2026-01-21;5.35;3660123653063
PROD-3790;Chaussures de Sport Vortex;Mode;69.0;717;En stock;4.3;2025-11-07;8.91;3660123450299
PROD-3791;Raquette de Tennis Vortex;Sports & Loisirs;988.67;778;En stock;4.0;2025-06-20;0.61;3660123602443
PROD-3792;Four à Micro-ondes Nova;Maison & Cuisine;1073.11;1482;En stock;4.3;2025-07-21;1.77;3660123801250
PROD-3793;Chaussures de Sport Nova;Mode;825.62;938;En stock;3.4;2025-03-06;4.31;3660123588751
PROD-3794;Brosse à Dents Électrique Elite;Beauté & Santé;944.5;58;En stock;4.9;2024-08-15;0.84;3660123519789
PROD-3795;Parfum Vortex;Beauté & Santé;990.69;1196;En stock;4.3;2025-08-06;5.63;3660123772706
PROD-3796;Veste d'Hiver Zenith;Mode;793.75;418;En stock;3.8;2026-07-02;1.28;3660123506352
PROD-3797;Haltères Vortex;Sports & Loisirs;55.55;890;En stock;3.8;2025-06-11;10.88;3660123571272
PROD-3798;T-shirt en Coton Vortex;Mode;445.53;1006;En stock;4.8;2024-03-27;6.43;3660123471535
PROD-3799;Tapis de Yoga Zenith;Sports & Loisirs;872.79;748;En stock;4.6;2024-07-31;14.95;3660123361036
PROD-3800;Tablette Apex;Électronique;1191.77;1343;En stock;3.9;2025-08-25;13.99;3660123117047
PROD-3801;Ordinateur Portable Zenith;Électronique;692.73;708;En stock;3.9;2026-02-15;11.89;3660123351895
PROD-3802;Gourde Isotherme Quantum;Sports & Loisirs;1035.03;37;Stock faible;4.4;2024-04-11;5.74;3660123820909
PROD-3803;Parfum Apex;Beauté & Santé;773.54;329;En stock;4.7;2024-04-20;5.63;3660123674101
PROD-3804;Vélo Tout Terrain Apex;Sports & Loisirs;1109.22;294;En stock;3.5;2024-02-28;2.16;3660123493162
PROD-3805;Veste d'Hiver Zenith;Mode;40.66;118;En stock;5.0;2024-10-29;8.89;3660123132873
PROD-3806;Sèche-Cheveux Elite;Beauté & Santé;737.01;1127;En stock;4.7;2025-08-04;12.71;3660123520962
PROD-3807;Vélo Tout Terrain Vortex;Sports & Loisirs;667.89;276;En stock;3.6;2024-04-09;5.94;3660123113830
PROD-3808;Mélangeur Nova;Maison & Cuisine;688.73;1374;En stock;3.1;2024-01-31;8.75;3660123405187
PROD-3809;Mélangeur Nova;Maison & Cuisine;803.45;1266;En stock;4.9;2024-01-19;7.43;3660123848546
PROD-3810;T-shirt en Coton Quantum;Mode;1289.14;1159;En stock;4.9;2025-02-26;4.78;3660123384656
PROD-3811;Gourde Isotherme Nova;Sports & Loisirs;670.45;1016;En stock;4.4;2025-01-02;1.59;3660123735054
PROD-3812;Vélo Tout Terrain Nova;Sports & Loisirs;444.49;926;En stock;4.6;2025-10-09;6.12;3660123104380
PROD-3813;Machine à Café Nova;Maison & Cuisine;58.18;459;En stock;4.8;2024-10-20;0.68;3660123500809
PROD-3814;Gourde Isotherme Apex;Sports & Loisirs;247.93;161;En stock;4.3;2025-06-15;8.5;3660123145591
PROD-3815;T-shirt en Coton Vortex;Mode;1107.57;339;En stock;4.5;2025-06-03;13.25;3660123112553
PROD-3816;T-shirt en Coton Quantum;Mode;529.28;88;En stock;4.4;2026-03-31;1.81;3660123288421
PROD-3817;Friteuse sans Huile Nova;Maison & Cuisine;639.25;1133;En stock;3.6;2024-10-09;7.34;3660123744047
PROD-3818;Tablette Vortex;Électronique;502.28;396;En stock;3.8;2024-11-30;2.19;3660123509896
PROD-3819;Crème Hydratante Vortex;Beauté & Santé;1055.29;577;En stock;3.6;2024-06-08;0.32;3660123267846
PROD-3820;Sac à Dos Nova;Mode;333.86;1114;En stock;4.7;2024-07-14;10.89;3660123356184
PROD-3821;Vélo Tout Terrain Quantum;Sports & Loisirs;109.07;751;En stock;3.1;2024-03-16;12.58;3660123215214
PROD-3822;Sèche-Cheveux Elite;Beauté & Santé;206.71;1390;En stock;3.8;2025-08-24;12.2;3660123376373
PROD-3823;Tablette Nova;Électronique;873.69;837;En stock;3.0;2024-03-28;0.47;3660123576263
PROD-3824;Tablette Vortex;Électronique;1084.96;254;En stock;4.7;2026-04-14;8.74;3660123938435
PROD-3825;Brosse à Dents Électrique Elite;Beauté & Santé;416.76;774;En stock;4.9;2025-11-23;9.03;3660123418529
PROD-3826;Gourde Isotherme Vortex;Sports & Loisirs;722.34;432;En stock;3.6;2024-02-16;3.38;3660123182304
PROD-3827;T-shirt en Coton Nova;Mode;984.74;1056;En stock;3.2;2026-05-28;14.99;3660123689680
PROD-3828;Écouteurs Sans Fil Apex;Électronique;1233.91;700;En stock;4.8;2025-12-15;10.59;3660123264178
PROD-3829;T-shirt en Coton Quantum;Mode;1137.29;1369;En stock;3.0;2024-11-15;6.81;3660123626729
PROD-3830;Chaussures de Sport Apex;Mode;748.55;562;En stock;4.6;2026-04-06;14.99;3660123505161
PROD-3831;Tapis de Yoga Zenith;Sports & Loisirs;862.14;1030;En stock;3.9;2024-08-05;1.13;3660123307547
PROD-3832;Écouteurs Sans Fil Zenith;Électronique;994.17;798;En stock;3.5;2025-04-30;1.96;3660123901710
PROD-3833;Four à Micro-ondes Zenith;Maison & Cuisine;863.19;967;En stock;4.2;2026-03-20;0.91;3660123860892
PROD-3834;T-shirt en Coton Nova;Mode;287.07;921;En stock;3.5;2025-09-25;9.45;3660123743235
PROD-3835;Parfum Apex;Beauté & Santé;789.5;470;En stock;3.5;2024-04-19;10.65;3660123512283
PROD-3836;Crème Hydratante Apex;Beauté & Santé;249.7;1290;En stock;3.8;2024-11-03;1.16;3660123973941
PROD-3837;Tapis de Yoga Nova;Sports & Loisirs;226.49;923;En stock;3.7;2024-03-07;10.57;3660123683554
PROD-3838;Écouteurs Sans Fil Quantum;Électronique;1203.83;812;En stock;3.5;2025-12-02;12.56;3660123185159
PROD-3839;Tablette Vortex;Électronique;533.79;680;En stock;3.6;2026-03-16;1.51;3660123437766
PROD-3840;Four à Micro-ondes Apex;Maison & Cuisine;511.15;591;En stock;3.0;2024-10-14;6.67;3660123646364
PROD-3841;Gourde Isotherme Vortex;Sports & Loisirs;397.39;1149;En stock;3.8;2025-10-12;9.58;3660123955961
PROD-3842;Crème Hydratante Vortex;Beauté & Santé;335.49;142;En stock;3.9;2026-07-08;9.78;3660123524974
PROD-3843;Smartphone Apex;Électronique;1198.54;933;En stock;4.6;2024-01-05;11.33;3660123566108
PROD-3844;Vélo Tout Terrain Elite;Sports & Loisirs;629.8;1175;En stock;4.8;2025-09-01;3.04;3660123311800
PROD-3845;Télévision 4K Vortex;Électronique;143.2;151;En stock;3.9;2025-08-10;10.58;3660123543677
PROD-3846;Smartphone Zenith;Électronique;804.74;348;En stock;4.8;2024-10-01;4.37;3660123190314
PROD-3847;Veste d'Hiver Vortex;Mode;555.5;572;En stock;3.5;2024-08-26;10.02;3660123644192
PROD-3848;Sac à Dos Elite;Mode;535.22;1436;En stock;4.9;2025-01-18;14.11;3660123339926
PROD-3849;Sèche-Cheveux Quantum;Beauté & Santé;1011.23;54;En stock;4.6;2026-01-14;3.59;3660123355646
PROD-3850;Smartphone Zenith;Électronique;806.16;1199;En stock;4.2;2025-01-28;9.43;3660123464887
PROD-3851;Four à Micro-ondes Elite;Maison & Cuisine;154.04;1256;En stock;4.0;2026-05-01;6.9;3660123208806
PROD-3852;Vélo Tout Terrain Vortex;Sports & Loisirs;1131.07;875;En stock;4.4;2024-06-07;4.17;3660123619370
PROD-3853;Machine à Café Elite;Maison & Cuisine;1057.2;714;En stock;4.7;2025-01-20;12.88;3660123793375
PROD-3854;Friteuse sans Huile Nova;Maison & Cuisine;1126.82;1349;En stock;4.6;2025-07-20;6.85;3660123196981
PROD-3855;T-shirt en Coton Nova;Mode;362.78;411;En stock;4.6;2026-07-05;11.5;3660123738538
PROD-3856;Gourde Isotherme Apex;Sports & Loisirs;565.23;748;En stock;3.7;2025-10-18;1.61;3660123340119
PROD-3857;Chaussures de Sport Vortex;Mode;171.62;1468;En stock;3.2;2024-05-19;5.15;3660123512301
PROD-3858;Brosse à Dents Électrique Zenith;Beauté & Santé;977.64;805;En stock;3.6;2024-08-01;12.31;3660123661108
PROD-3859;Parfum Apex;Beauté & Santé;141.09;606;En stock;4.3;2025-10-05;9.72;3660123478136
PROD-3860;Tapis de Yoga Nova;Sports & Loisirs;783.09;486;En stock;3.5;2024-05-15;7.18;3660123980728
PROD-3861;Montre Connectée Vortex;Électronique;1281.37;814;En stock;4.9;2025-08-20;14.48;3660123479706
PROD-3862;Jeans Slim Vortex;Mode;1085.53;1328;En stock;3.1;2024-01-25;9.35;3660123282069
PROD-3863;Tapis de Yoga Apex;Sports & Loisirs;71.79;164;En stock;4.6;2026-03-26;12.3;3660123799633
PROD-3864;Smartphone Zenith;Électronique;557.12;850;En stock;3.1;2025-08-22;6.95;3660123689140
PROD-3865;Veste d'Hiver Elite;Mode;814.29;1053;En stock;3.2;2024-03-30;12.85;3660123101265
PROD-3866;Montre Connectée Elite;Électronique;727.28;286;En stock;4.3;2024-07-16;8.01;3660123417671
PROD-3867;Raquette de Tennis Vortex;Sports & Loisirs;76.08;1393;En stock;4.4;2026-06-30;13.71;3660123959746
PROD-3868;Parfum Quantum;Beauté & Santé;174.93;1380;En stock;4.9;2024-03-16;1.01;3660123797628
PROD-3869;Sac à Dos Apex;Mode;646.98;954;En stock;4.9;2024-09-07;9.46;3660123532738
PROD-3870;Veste d'Hiver Elite;Mode;550.49;1240;En stock;3.3;2024-03-14;11.6;3660123656066
PROD-3871;Brosse à Dents Électrique Nova;Beauté & Santé;37.07;436;En stock;4.5;2025-06-22;10.94;3660123516950
PROD-3872;T-shirt en Coton Quantum;Mode;505.87;1306;En stock;4.3;2026-01-05;3.43;3660123130467
PROD-3873;Machine à Café Quantum;Maison & Cuisine;347.71;238;En stock;4.4;2025-03-22;9.15;3660123544135
PROD-3874;Brosse à Dents Électrique Zenith;Beauté & Santé;1187.84;1248;En stock;4.2;2025-02-27;12.73;3660123555653
PROD-3875;T-shirt en Coton Nova;Mode;200.06;1182;En stock;4.3;2025-12-31;8.62;3660123339196
PROD-3876;Mélangeur Nova;Maison & Cuisine;1027.02;1092;En stock;3.3;2026-06-27;9.56;3660123521861
PROD-3877;Tapis de Yoga Nova;Sports & Loisirs;500.88;1233;En stock;3.5;2025-08-20;3.97;3660123986795
PROD-3878;Crème Hydratante Nova;Beauté & Santé;1217.79;641;En stock;3.4;2025-09-21;6.28;3660123369759
PROD-3879;Veste d'Hiver Elite;Mode;681.09;508;En stock;4.6;2026-02-03;9.48;3660123903989
PROD-3880;Parfum Vortex;Beauté & Santé;155.72;237;En stock;3.1;2026-03-12;14.57;3660123331511
PROD-3881;Télévision 4K Zenith;Électronique;41.35;1449;En stock;4.0;2024-11-24;8.47;3660123602165
PROD-3882;Écouteurs Sans Fil Zenith;Électronique;916.19;1216;En stock;4.3;2026-03-11;10.44;3660123908371
PROD-3883;Vélo Tout Terrain Quantum;Sports & Loisirs;694.52;1248;En stock;3.1;2026-08-02;5.41;3660123202727
PROD-3884;Aspirateur Robot Elite;Maison & Cuisine;951.35;799;En stock;4.9;2025-04-24;2.61;3660123532491
PROD-3885;Four à Micro-ondes Quantum;Maison & Cuisine;945.04;443;En stock;3.3;2024-11-27;7.68;3660123175980
PROD-3886;Sèche-Cheveux Nova;Beauté & Santé;813.0;705;En stock;4.3;2025-08-26;8.56;3660123613493
PROD-3887;Vélo Tout Terrain Elite;Sports & Loisirs;597.42;1169;En stock;3.4;2026-04-30;5.45;3660123612611
PROD-3888;Crème Hydratante Zenith;Beauté & Santé;97.0;1317;En stock;4.6;2024-09-17;10.83;3660123382520
PROD-3889;Smartphone Apex;Électronique;628.52;443;En stock;5.0;2026-08-02;6.9;3660123329027
PROD-3890;Parfum Nova;Beauté & Santé;1250.07;804;En stock;4.9;2025-04-19;12.96;3660123209128
PROD-3891;Ordinateur Portable Zenith;Électronique;1233.01;597;En stock;4.5;2024-06-13;3.16;3660123132117
PROD-3892;Tablette Apex;Électronique;476.32;510;En stock;3.1;2025-06-04;10.52;3660123706115
PROD-3893;Mélangeur Elite;Maison & Cuisine;730.61;1047;En stock;3.9;2026-07-19;12.59;3660123279603
PROD-3894;Smartphone Quantum;Électronique;891.0;1068;En stock;4.0;2024-03-26;2.66;3660123562817
PROD-3895;Four à Micro-ondes Zenith;Maison & Cuisine;993.61;595;En stock;4.1;2024-06-01;2.84;3660123594861
PROD-3896;Aspirateur Robot Apex;Maison & Cuisine;806.16;46;Stock faible;4.1;2024-05-21;8.22;3660123365692
PROD-3897;Télévision 4K Elite;Électronique;934.24;1003;En stock;4.2;2025-03-16;11.45;3660123319509
PROD-3898;Haltères Apex;Sports & Loisirs;212.53;1497;En stock;4.5;2024-12-27;5.05;3660123817678
PROD-3899;Smartphone Zenith;Électronique;1151.64;66;En stock;4.0;2025-09-25;4.62;3660123663888
PROD-3900;Jeans Slim Nova;Mode;563.75;354;En stock;3.4;2024-02-18;0.29;3660123538662
PROD-3901;Télévision 4K Nova;Électronique;176.4;659;En stock;3.1;2026-02-02;9.85;3660123342130
PROD-3902;Montre Connectée Nova;Électronique;873.86;1398;En stock;3.3;2026-04-18;9.63;3660123307084
PROD-3903;Haltères Nova;Sports & Loisirs;750.86;890;En stock;4.5;2024-05-24;12.76;3660123687469
PROD-3904;Tablette Apex;Électronique;1133.84;1452;En stock;3.8;2024-05-06;6.39;3660123922670
PROD-3905;Raquette de Tennis Quantum;Sports & Loisirs;1088.62;965;En stock;4.5;2024-11-08;0.24;3660123316364
PROD-3906;Écouteurs Sans Fil Zenith;Électronique;369.19;517;En stock;3.1;2024-01-20;5.9;3660123557068
PROD-3907;Haltères Vortex;Sports & Loisirs;608.95;62;En stock;4.4;2024-10-21;4.42;3660123870054
PROD-3908;Sac à Dos Apex;Mode;138.8;1492;En stock;4.3;2025-05-16;6.17;3660123249633
PROD-3909;Parfum Elite;Beauté & Santé;229.23;7;Stock faible;4.2;2024-10-29;1.53;3660123476087
PROD-3910;Écouteurs Sans Fil Apex;Électronique;853.9;835;En stock;4.2;2025-12-23;6.29;3660123866307
PROD-3911;Aspirateur Robot Zenith;Maison & Cuisine;1089.02;1450;En stock;3.7;2024-06-12;10.5;3660123830138
PROD-3912;Machine à Café Elite;Maison & Cuisine;1033.2;1131;En stock;4.9;2024-11-28;7.6;3660123674879
PROD-3913;Four à Micro-ondes Elite;Maison & Cuisine;584.11;622;En stock;3.5;2026-08-01;4.14;3660123160047
PROD-3914;Chaussures de Sport Quantum;Mode;234.91;696;En stock;4.5;2025-11-23;3.06;3660123481820
PROD-3915;Smartphone Apex;Électronique;159.39;675;En stock;4.6;2026-04-16;4.94;3660123631148
PROD-3916;Vélo Tout Terrain Quantum;Sports & Loisirs;584.45;1112;En stock;4.1;2024-06-30;6.09;3660123331786
PROD-3917;Télévision 4K Zenith;Électronique;695.66;38;Stock faible;4.9;2024-01-21;3.9;3660123476170
PROD-3918;Sèche-Cheveux Elite;Beauté & Santé;989.4;964;En stock;3.2;2025-07-10;6.53;3660123938098
PROD-3919;Jeans Slim Nova;Mode;795.8;450;En stock;3.7;2025-12-20;4.99;3660123825757
PROD-3920;Veste d'Hiver Vortex;Mode;1144.26;92;En stock;3.7;2026-03-23;5.35;3660123526524
PROD-3921;Haltères Quantum;Sports & Loisirs;649.73;1243;En stock;5.0;2024-03-31;1.69;3660123297517
PROD-3922;Raquette de Tennis Vortex;Sports & Loisirs;298.3;1451;En stock;3.6;2024-12-05;7.07;3660123249732
PROD-3923;Haltères Zenith;Sports & Loisirs;999.49;1398;En stock;3.2;2025-02-02;0.11;3660123697674
PROD-3924;Sac à Dos Vortex;Mode;609.52;79;En stock;4.6;2024-04-21;13.19;3660123791323
PROD-3925;Machine à Café Apex;Maison & Cuisine;1011.79;412;En stock;3.8;2025-06-18;8.97;3660123494223
PROD-3926;Smartphone Vortex;Électronique;262.52;939;En stock;3.9;2026-02-05;1.15;3660123804243
PROD-3927;Brosse à Dents Électrique Apex;Beauté & Santé;896.04;1015;En stock;3.6;2026-07-13;1.68;3660123222507
PROD-3928;Friteuse sans Huile Vortex;Maison & Cuisine;984.07;981;En stock;4.2;2026-05-30;12.7;3660123232797
PROD-3929;Tapis de Yoga Elite;Sports & Loisirs;1179.2;672;En stock;4.4;2024-02-19;13.69;3660123997896
PROD-3930;Machine à Café Vortex;Maison & Cuisine;883.01;1107;En stock;4.8;2025-11-23;5.36;3660123968985
PROD-3931;Friteuse sans Huile Zenith;Maison & Cuisine;956.7;1148;En stock;4.7;2025-06-08;6.01;3660123783630
PROD-3932;Tablette Zenith;Électronique;1010.96;1178;En stock;3.9;2025-12-14;3.72;3660123846338
PROD-3933;Sèche-Cheveux Elite;Beauté & Santé;15.24;485;En stock;4.0;2024-10-18;9.27;3660123741434
PROD-3934;Veste d'Hiver Zenith;Mode;606.69;1315;En stock;4.3;2026-06-09;12.02;3660123390564
PROD-3935;Smartphone Quantum;Électronique;529.85;348;En stock;4.5;2024-05-18;5.85;3660123908646
PROD-3936;Veste d'Hiver Elite;Mode;309.6;925;En stock;4.7;2025-08-04;1.73;3660123509992
PROD-3937;Montre Connectée Zenith;Électronique;331.83;1187;En stock;4.3;2025-06-11;3.22;3660123740914
PROD-3938;Crème Hydratante Elite;Beauté & Santé;831.5;1162;En stock;4.5;2025-04-18;12.2;3660123838242
PROD-3939;Parfum Zenith;Beauté & Santé;663.09;643;En stock;3.9;2026-02-13;3.42;3660123804570
PROD-3940;Haltères Quantum;Sports & Loisirs;869.12;1130;En stock;3.1;2025-05-03;7.94;3660123963828
PROD-3941;Mélangeur Elite;Maison & Cuisine;60.23;1420;En stock;3.4;2025-03-29;9.82;3660123202615
PROD-3942;Gourde Isotherme Quantum;Sports & Loisirs;131.15;1405;En stock;4.3;2024-07-16;4.81;3660123126781
PROD-3943;Télévision 4K Vortex;Électronique;699.63;794;En stock;4.2;2024-06-01;2.94;3660123850252
PROD-3944;Crème Hydratante Zenith;Beauté & Santé;27.6;387;En stock;3.8;2025-08-24;9.1;3660123236205
PROD-3945;Crème Hydratante Elite;Beauté & Santé;997.91;1491;En stock;3.4;2024-03-30;11.5;3660123244959
PROD-3946;Haltères Nova;Sports & Loisirs;214.61;487;En stock;3.6;2025-11-18;10.69;3660123948153
PROD-3947;Écouteurs Sans Fil Vortex;Électronique;591.12;537;En stock;4.2;2024-02-24;2.91;3660123234174
PROD-3948;Mélangeur Quantum;Maison & Cuisine;638.61;598;En stock;3.8;2025-09-19;5.01;3660123135001
PROD-3949;Brosse à Dents Électrique Elite;Beauté & Santé;470.44;753;En stock;3.7;2025-04-07;14.8;3660123143937
PROD-3950;Aspirateur Robot Apex;Maison & Cuisine;540.27;963;En stock;3.5;2024-07-18;6.33;3660123424186
PROD-3951;Veste d'Hiver Vortex;Mode;363.57;962;En stock;4.6;2024-04-23;11.51;3660123213008
PROD-3952;Brosse à Dents Électrique Elite;Beauté & Santé;780.2;1300;En stock;3.3;2025-11-24;11.01;3660123923861
PROD-3953;Télévision 4K Zenith;Électronique;48.26;829;En stock;3.2;2024-06-06;2.62;3660123256685
PROD-3954;Brosse à Dents Électrique Elite;Beauté & Santé;926.0;54;En stock;3.7;2024-10-30;4.32;3660123684536
PROD-3955;Jeans Slim Elite;Mode;15.63;525;En stock;3.7;2024-11-27;12.19;3660123456630
PROD-3956;Crème Hydratante Apex;Beauté & Santé;172.62;835;En stock;3.4;2024-12-06;6.49;3660123623996
PROD-3957;Gourde Isotherme Vortex;Sports & Loisirs;791.36;1376;En stock;3.6;2026-03-23;3.32;3660123777554
PROD-3958;Four à Micro-ondes Quantum;Maison & Cuisine;1116.59;392;En stock;4.2;2025-09-07;1.02;3660123811326
PROD-3959;Tapis de Yoga Apex;Sports & Loisirs;680.21;1421;En stock;4.5;2024-09-07;6.06;3660123495344
PROD-3960;Four à Micro-ondes Vortex;Maison & Cuisine;32.4;1404;En stock;3.4;2024-03-04;8.51;3660123492717
PROD-3961;T-shirt en Coton Quantum;Mode;144.39;1240;En stock;3.1;2025-10-20;14.08;3660123584680
PROD-3962;Montre Connectée Apex;Électronique;1243.47;1388;En stock;3.2;2024-02-09;0.93;3660123712387
PROD-3963;Mélangeur Zenith;Maison & Cuisine;798.96;936;En stock;3.9;2025-05-02;13.42;3660123220067
PROD-3964;Vélo Tout Terrain Elite;Sports & Loisirs;105.3;1329;En stock;3.4;2024-08-31;11.35;3660123957627
PROD-3965;Friteuse sans Huile Elite;Maison & Cuisine;829.39;148;En stock;4.5;2024-06-10;8.71;3660123496282
PROD-3966;Brosse à Dents Électrique Apex;Beauté & Santé;13.14;690;En stock;3.4;2025-05-06;1.37;3660123281756
PROD-3967;Tapis de Yoga Apex;Sports & Loisirs;1168.04;257;En stock;4.8;2025-06-07;3.57;3660123585806
PROD-3968;Haltères Nova;Sports & Loisirs;595.69;110;En stock;3.6;2025-09-27;8.44;3660123614846
PROD-3969;Parfum Nova;Beauté & Santé;1158.95;297;En stock;3.1;2024-07-17;2.35;3660123826631
PROD-3970;Sèche-Cheveux Apex;Beauté & Santé;1275.29;342;En stock;3.8;2025-08-13;8.35;3660123405278
PROD-3971;Chaussures de Sport Elite;Mode;550.61;1030;En stock;4.2;2024-05-20;11.14;3660123383903
PROD-3972;Gourde Isotherme Apex;Sports & Loisirs;1099.58;853;En stock;4.6;2026-04-21;0.39;3660123547308
PROD-3973;Chaussures de Sport Nova;Mode;906.25;526;En stock;4.8;2024-12-16;2.74;3660123583427
PROD-3974;Four à Micro-ondes Vortex;Maison & Cuisine;610.84;513;En stock;3.9;2025-07-14;13.6;3660123373543
PROD-3975;Télévision 4K Apex;Électronique;1055.49;1431;En stock;4.2;2025-03-02;4.84;3660123590841
PROD-3976;Tapis de Yoga Quantum;Sports & Loisirs;121.46;1259;En stock;4.0;2025-09-13;6.86;3660123260592
PROD-3977;Crème Hydratante Nova;Beauté & Santé;524.55;125;En stock;4.6;2024-05-19;7.74;3660123253750
PROD-3978;Tapis de Yoga Elite;Sports & Loisirs;840.62;773;En stock;3.5;2025-03-24;0.5;3660123458193
PROD-3979;Four à Micro-ondes Apex;Maison & Cuisine;842.65;868;En stock;3.1;2025-01-31;10.96;3660123517138
PROD-3980;Sèche-Cheveux Nova;Beauté & Santé;105.8;1313;En stock;3.8;2024-11-08;14.99;3660123705267
PROD-3981;T-shirt en Coton Nova;Mode;611.4;1072;En stock;3.4;2024-05-06;13.21;3660123897934
PROD-3982;Jeans Slim Vortex;Mode;893.27;487;En stock;5.0;2025-11-19;10.32;3660123187247
PROD-3983;Tapis de Yoga Apex;Sports & Loisirs;754.06;175;En stock;5.0;2025-07-23;10.25;3660123683180
PROD-3984;Tablette Quantum;Électronique;13.55;1438;En stock;3.2;2024-01-02;10.41;3660123917306
PROD-3985;Gourde Isotherme Apex;Sports & Loisirs;483.44;80;En stock;4.0;2025-10-26;1.64;3660123157476
PROD-3986;Haltères Apex;Sports & Loisirs;377.62;460;En stock;3.8;2025-07-15;8.73;3660123867567
PROD-3987;Raquette de Tennis Quantum;Sports & Loisirs;594.38;310;En stock;4.3;2024-10-27;6.24;3660123802221
PROD-3988;Écouteurs Sans Fil Apex;Électronique;128.14;1168;En stock;4.9;2024-02-22;10.18;3660123153473
PROD-3989;Télévision 4K Vortex;Électronique;960.6;57;En stock;4.5;2024-01-13;5.65;3660123255815
PROD-3990;Veste d'Hiver Vortex;Mode;620.88;1405;En stock;4.5;2025-10-03;3.52;3660123815839
PROD-3991;Brosse à Dents Électrique Apex;Beauté & Santé;115.65;1381;En stock;3.3;2026-07-11;13.3;3660123482179
PROD-3992;Parfum Zenith;Beauté & Santé;846.45;1381;En stock;4.4;2025-11-10;12.92;3660123449975
PROD-3993;Friteuse sans Huile Quantum;Maison & Cuisine;424.46;924;En stock;4.5;2024-09-17;12.49;3660123275110
PROD-3994;Jeans Slim Quantum;Mode;865.4;1393;En stock;4.2;2026-01-29;3.94;3660123779945
PROD-3995;Aspirateur Robot Zenith;Maison & Cuisine;117.55;582;En stock;3.2;2026-03-08;10.81;3660123562221
PROD-3996;T-shirt en Coton Elite;Mode;1107.51;190;En stock;4.8;2024-07-11;3.65;3660123918913
PROD-3997;Brosse à Dents Électrique Quantum;Beauté & Santé;1028.34;809;En stock;4.5;2026-02-28;11.77;3660123737455
PROD-3998;Gourde Isotherme Vortex;Sports & Loisirs;158.61;1384;En stock;4.8;2026-02-24;13.77;3660123978164
PROD-3999;Crème Hydratante Zenith;Beauté & Santé;650.35;181;En stock;4.6;2025-04-13;4.59;3660123789228
PROD-4000;Écouteurs Sans Fil Vortex;Électronique;394.76;1481;En stock;3.8;2025-06-05;1.27;3660123386125
PROD-4001;Sèche-Cheveux Vortex;Beauté & Santé;85.21;691;En stock;4.0;2024-06-24;4.32;3660123147325
PROD-4002;Chaussures de Sport Zenith;Mode;352.53;54;En stock;4.1;2025-08-14;8.41;3660123319256
PROD-4003;Mélangeur Zenith;Maison & Cuisine;996.65;649;En stock;3.3;2025-03-27;11.08;3660123214588
PROD-4004;Smartphone Apex;Électronique;901.99;116;En stock;4.8;2025-06-14;5.64;3660123826643
PROD-4005;Tablette Zenith;Électronique;539.35;868;En stock;4.8;2025-09-16;8.35;3660123862205
PROD-4006;Sac à Dos Nova;Mode;1065.86;156;En stock;3.5;2026-04-26;8.7;3660123223505
PROD-4007;Brosse à Dents Électrique Apex;Beauté & Santé;1066.16;929;En stock;4.4;2024-07-22;9.8;3660123826851
PROD-4008;Sèche-Cheveux Apex;Beauté & Santé;1151.32;302;En stock;4.3;2025-03-04;4.04;3660123462980
PROD-4009;Parfum Elite;Beauté & Santé;1212.82;17;Stock faible;3.7;2024-12-05;4.52;3660123966369
PROD-4010;Friteuse sans Huile Vortex;Maison & Cuisine;1131.95;991;En stock;4.8;2025-07-15;12.98;3660123853151
PROD-4011;Brosse à Dents Électrique Apex;Beauté & Santé;1111.48;577;En stock;3.9;2025-11-30;3.91;3660123864248
PROD-4012;Crème Hydratante Quantum;Beauté & Santé;403.5;10;Stock faible;3.6;2025-08-20;3.79;3660123577801
PROD-4013;Télévision 4K Elite;Électronique;716.45;516;En stock;4.4;2026-03-24;13.21;3660123184519
PROD-4014;Chaussures de Sport Apex;Mode;600.82;1022;En stock;3.7;2024-02-18;12.15;3660123460853
PROD-4015;Friteuse sans Huile Nova;Maison & Cuisine;556.72;876;En stock;4.2;2025-05-30;7.83;3660123748711
PROD-4016;Raquette de Tennis Vortex;Sports & Loisirs;686.9;963;En stock;3.7;2024-10-12;5.01;3660123370514
PROD-4017;Haltères Apex;Sports & Loisirs;313.91;8;Stock faible;3.2;2025-09-17;13.9;3660123242808
PROD-4018;Brosse à Dents Électrique Quantum;Beauté & Santé;1293.18;6;Stock faible;4.4;2025-09-08;6.58;3660123829158
PROD-4019;Haltères Elite;Sports & Loisirs;1288.44;1430;En stock;4.2;2024-09-14;5.72;3660123361300
PROD-4020;Sèche-Cheveux Apex;Beauté & Santé;207.61;570;En stock;4.7;2025-06-24;4.37;3660123408916
PROD-4021;Raquette de Tennis Nova;Sports & Loisirs;554.28;1370;En stock;3.7;2024-05-01;13.82;3660123173301
PROD-4022;Chaussures de Sport Vortex;Mode;1046.27;278;En stock;4.4;2025-12-19;13.83;3660123165119
PROD-4023;Tapis de Yoga Elite;Sports & Loisirs;550.35;1256;En stock;3.5;2024-01-31;13.01;3660123343338
PROD-4024;Télévision 4K Apex;Électronique;179.39;267;En stock;3.9;2026-08-03;4.56;3660123360126
PROD-4025;Ordinateur Portable Quantum;Électronique;1248.68;360;En stock;4.6;2026-07-24;9.79;3660123886909
PROD-4026;Tapis de Yoga Vortex;Sports & Loisirs;543.86;1328;En stock;3.3;2024-11-01;6.9;3660123469249
PROD-4027;Vélo Tout Terrain Apex;Sports & Loisirs;1041.73;215;En stock;3.3;2024-03-19;3.22;3660123832460
PROD-4028;Télévision 4K Vortex;Électronique;1103.18;1141;En stock;4.8;2025-07-06;11.4;3660123149792
PROD-4029;Gourde Isotherme Apex;Sports & Loisirs;421.44;611;En stock;3.7;2026-06-01;7.71;3660123638548
PROD-4030;Gourde Isotherme Nova;Sports & Loisirs;466.18;667;En stock;4.4;2024-10-30;1.29;3660123130117
PROD-4031;Friteuse sans Huile Elite;Maison & Cuisine;683.7;693;En stock;3.3;2024-06-24;13.73;3660123648731
PROD-4032;Parfum Quantum;Beauté & Santé;763.35;647;En stock;4.7;2025-09-20;4.16;3660123717959
PROD-4033;Crème Hydratante Nova;Beauté & Santé;702.54;320;En stock;5.0;2026-05-10;8.04;3660123400478
PROD-4034;Tapis de Yoga Zenith;Sports & Loisirs;208.8;496;En stock;3.2;2024-08-13;12.61;3660123275701
PROD-4035;Parfum Apex;Beauté & Santé;1032.53;343;En stock;3.4;2024-06-12;13.78;3660123318088
PROD-4036;Gourde Isotherme Vortex;Sports & Loisirs;573.05;600;En stock;3.3;2025-03-29;13.95;3660123885354
PROD-4037;Raquette de Tennis Quantum;Sports & Loisirs;185.67;1109;En stock;4.4;2026-03-07;5.14;3660123594087
PROD-4038;Friteuse sans Huile Quantum;Maison & Cuisine;963.02;59;En stock;4.4;2024-06-02;0.19;3660123606585
PROD-4039;Raquette de Tennis Nova;Sports & Loisirs;1082.19;896;En stock;4.9;2026-01-31;0.21;3660123290837
PROD-4040;Brosse à Dents Électrique Nova;Beauté & Santé;353.08;1296;En stock;3.7;2026-06-09;11.34;3660123767532
PROD-4041;Chaussures de Sport Nova;Mode;451.33;870;En stock;3.3;2025-10-27;2.02;3660123943285
PROD-4042;Gourde Isotherme Elite;Sports & Loisirs;930.84;74;En stock;3.1;2024-12-04;3.27;3660123656521
PROD-4043;Sac à Dos Quantum;Mode;291.63;257;En stock;4.6;2024-08-13;11.21;3660123801700
PROD-4044;Machine à Café Vortex;Maison & Cuisine;454.25;917;En stock;4.8;2024-01-24;4.75;3660123271145
PROD-4045;T-shirt en Coton Elite;Mode;1262.53;678;En stock;3.7;2024-10-24;13.63;3660123646525
PROD-4046;Brosse à Dents Électrique Vortex;Beauté & Santé;1036.53;938;En stock;4.3;2024-10-27;1.65;3660123535755
PROD-4047;Raquette de Tennis Vortex;Sports & Loisirs;1111.4;141;En stock;3.7;2025-08-20;6.38;3660123922442
PROD-4048;Chaussures de Sport Elite;Mode;603.69;1080;En stock;3.8;2026-03-16;14.8;3660123459944
PROD-4049;Raquette de Tennis Apex;Sports & Loisirs;393.15;570;En stock;4.0;2026-08-07;13.48;3660123882371
PROD-4050;Gourde Isotherme Elite;Sports & Loisirs;304.45;383;En stock;4.4;2025-09-30;12.74;3660123823290
PROD-4051;Mélangeur Vortex;Maison & Cuisine;786.94;721;En stock;4.1;2026-07-29;10.37;3660123130416
PROD-4052;Montre Connectée Quantum;Électronique;1159.6;489;En stock;4.4;2024-09-25;14.11;3660123710988
PROD-4053;Crème Hydratante Nova;Beauté & Santé;554.04;65;En stock;4.0;2024-01-25;9.58;3660123723525
PROD-4054;Jeans Slim Apex;Mode;119.82;1471;En stock;3.1;2026-05-30;14.33;3660123703896
PROD-4055;Sèche-Cheveux Elite;Beauté & Santé;161.34;1477;En stock;4.9;2025-05-25;1.46;3660123896086
PROD-4056;Vélo Tout Terrain Vortex;Sports & Loisirs;298.75;728;En stock;3.8;2025-10-01;0.89;3660123674739
PROD-4057;Smartphone Vortex;Électronique;879.01;239;En stock;3.7;2024-08-11;3.18;3660123393814
PROD-4058;Mélangeur Quantum;Maison & Cuisine;601.31;264;En stock;4.3;2025-04-05;7.42;3660123636340
PROD-4059;Tapis de Yoga Zenith;Sports & Loisirs;1204.53;749;En stock;4.2;2025-11-06;9.35;3660123585155
PROD-4060;Crème Hydratante Zenith;Beauté & Santé;1249.31;697;En stock;4.1;2025-09-18;8.59;3660123485712
PROD-4061;Écouteurs Sans Fil Zenith;Électronique;1166.54;491;En stock;4.4;2025-01-31;2.1;3660123844566
PROD-4062;Télévision 4K Apex;Électronique;397.46;746;En stock;4.8;2026-05-09;4.36;3660123177916
PROD-4063;Brosse à Dents Électrique Vortex;Beauté & Santé;455.01;328;En stock;4.4;2024-05-14;11.11;3660123795000
PROD-4064;Jeans Slim Apex;Mode;1225.69;1369;En stock;4.5;2025-10-22;14.65;3660123271993
PROD-4065;Télévision 4K Elite;Électronique;414.19;137;En stock;4.2;2025-12-27;2.86;3660123413911
PROD-4066;Chaussures de Sport Zenith;Mode;926.58;654;En stock;3.3;2026-04-03;3.15;3660123927842
PROD-4067;Four à Micro-ondes Elite;Maison & Cuisine;507.57;1275;En stock;4.8;2025-04-19;3.12;3660123637805
PROD-4068;Brosse à Dents Électrique Zenith;Beauté & Santé;1236.87;386;En stock;4.6;2025-01-06;10.28;3660123353726
PROD-4069;Aspirateur Robot Nova;Maison & Cuisine;961.79;582;En stock;4.8;2024-10-19;0.24;3660123836342
PROD-4070;Friteuse sans Huile Nova;Maison & Cuisine;1298.27;893;En stock;3.5;2025-10-21;12.55;3660123924167
PROD-4071;Tablette Zenith;Électronique;126.42;1467;En stock;3.2;2025-07-18;13.53;3660123479267
PROD-4072;Mélangeur Quantum;Maison & Cuisine;747.45;1193;En stock;4.1;2025-12-25;0.5;3660123957000
PROD-4073;Raquette de Tennis Zenith;Sports & Loisirs;124.21;1342;En stock;3.5;2024-06-06;4.94;3660123526389
PROD-4074;Smartphone Vortex;Électronique;1171.05;178;En stock;4.9;2026-03-11;1.8;3660123938772
PROD-4075;Jeans Slim Zenith;Mode;1043.34;1454;En stock;3.7;2024-03-11;3.11;3660123730012
PROD-4076;Parfum Elite;Beauté & Santé;236.9;945;En stock;3.9;2025-03-01;1.4;3660123617544
PROD-4077;Mélangeur Nova;Maison & Cuisine;159.6;238;En stock;3.3;2026-03-02;2.56;3660123190505
PROD-4078;Friteuse sans Huile Apex;Maison & Cuisine;1292.16;80;En stock;3.2;2025-08-29;12.9;3660123687709
PROD-4079;Ordinateur Portable Vortex;Électronique;688.07;1233;En stock;3.1;2025-07-12;9.71;3660123845961
PROD-4080;Tablette Quantum;Électronique;883.87;618;En stock;4.6;2024-06-10;2.91;3660123964552
PROD-4081;Sèche-Cheveux Elite;Beauté & Santé;752.66;1208;En stock;3.1;2024-06-06;1.14;3660123327497
PROD-4082;Mélangeur Quantum;Maison & Cuisine;1253.84;1489;En stock;4.6;2024-07-30;1.5;3660123258968
PROD-4083;Four à Micro-ondes Elite;Maison & Cuisine;524.3;110;En stock;5.0;2026-08-05;10.7;3660123829570
PROD-4084;Télévision 4K Apex;Électronique;24.63;1341;En stock;3.4;2025-07-15;13.54;3660123196722
PROD-4085;Sèche-Cheveux Vortex;Beauté & Santé;1033.2;981;En stock;3.6;2024-11-24;12.22;3660123131638
PROD-4086;Ordinateur Portable Elite;Électronique;275.66;325;En stock;3.0;2026-06-27;14.79;3660123385664
PROD-4087;Sac à Dos Zenith;Mode;564.51;1009;En stock;3.2;2026-07-04;7.84;3660123907347
PROD-4088;Haltères Apex;Sports & Loisirs;1076.02;1015;En stock;3.9;2026-02-08;10.58;3660123475501
PROD-4089;Vélo Tout Terrain Nova;Sports & Loisirs;107.05;772;En stock;4.5;2024-08-01;1.85;3660123127365
PROD-4090;Four à Micro-ondes Elite;Maison & Cuisine;659.93;157;En stock;3.2;2026-05-23;10.11;3660123906536
PROD-4091;Écouteurs Sans Fil Elite;Électronique;984.0;63;En stock;4.9;2026-02-16;12.87;3660123741782
PROD-4092;Vélo Tout Terrain Apex;Sports & Loisirs;557.63;945;En stock;3.0;2024-12-19;8.95;3660123394582
PROD-4093;Raquette de Tennis Quantum;Sports & Loisirs;522.39;1238;En stock;3.5;2026-01-02;2.14;3660123903070
PROD-4094;Machine à Café Elite;Maison & Cuisine;604.95;59;En stock;4.0;2026-01-30;10.25;3660123648316
PROD-4095;Smartphone Vortex;Électronique;649.16;134;En stock;3.5;2024-02-19;8.44;3660123307513
PROD-4096;Machine à Café Nova;Maison & Cuisine;394.73;62;En stock;4.6;2025-02-19;5.13;3660123660481
PROD-4097;Haltères Zenith;Sports & Loisirs;1147.36;1109;En stock;4.4;2025-07-19;2.97;3660123782718
PROD-4098;Machine à Café Quantum;Maison & Cuisine;442.21;1499;En stock;3.0;2025-08-14;7.44;3660123249045
PROD-4099;Crème Hydratante Vortex;Beauté & Santé;1091.61;289;En stock;4.4;2025-07-17;14.19;3660123878771
PROD-4100;Veste d'Hiver Zenith;Mode;1298.62;230;En stock;3.4;2026-02-26;1.8;3660123704093
PROD-4101;Tapis de Yoga Nova;Sports & Loisirs;1195.94;1063;En stock;4.7;2026-03-07;11.29;3660123549173
PROD-4102;Raquette de Tennis Vortex;Sports & Loisirs;1182.44;1121;En stock;4.4;2024-07-19;6.01;3660123689920
PROD-4103;Machine à Café Nova;Maison & Cuisine;696.13;66;En stock;3.5;2024-08-29;6.23;3660123560299
PROD-4104;Sac à Dos Zenith;Mode;543.14;560;En stock;4.0;2026-01-25;7.25;3660123846283
PROD-4105;T-shirt en Coton Quantum;Mode;307.84;180;En stock;3.3;2025-02-13;3.5;3660123579585
PROD-4106;Veste d'Hiver Nova;Mode;751.85;984;En stock;3.8;2024-05-04;3.98;3660123638323
PROD-4107;T-shirt en Coton Vortex;Mode;143.43;551;En stock;3.5;2024-03-22;5.61;3660123286921
PROD-4108;Sèche-Cheveux Elite;Beauté & Santé;411.96;438;En stock;4.4;2026-07-02;1.12;3660123534185
PROD-4109;Parfum Apex;Beauté & Santé;141.54;791;En stock;4.8;2026-05-30;3.05;3660123493270
PROD-4110;Smartphone Vortex;Électronique;793.76;818;En stock;4.5;2024-01-23;11.76;3660123458293
PROD-4111;Veste d'Hiver Quantum;Mode;1263.03;528;En stock;3.4;2025-02-11;7.56;3660123358787
PROD-4112;Raquette de Tennis Zenith;Sports & Loisirs;1203.11;474;En stock;4.0;2024-04-01;14.83;3660123946153
PROD-4113;Ordinateur Portable Zenith;Électronique;1141.69;1385;En stock;3.5;2025-12-03;4.79;3660123454379
PROD-4114;Crème Hydratante Elite;Beauté & Santé;539.24;868;En stock;3.1;2024-08-24;14.89;3660123992576
PROD-4115;Smartphone Vortex;Électronique;1242.3;1317;En stock;5.0;2024-06-04;7.5;3660123257114
PROD-4116;Friteuse sans Huile Quantum;Maison & Cuisine;1041.81;965;En stock;4.8;2025-12-04;1.97;3660123203792
PROD-4117;Vélo Tout Terrain Quantum;Sports & Loisirs;1039.21;474;En stock;4.1;2025-11-04;11.81;3660123158043
PROD-4118;Crème Hydratante Elite;Beauté & Santé;823.96;43;Stock faible;5.0;2025-08-22;2.99;3660123130803
PROD-4119;Sèche-Cheveux Quantum;Beauté & Santé;891.02;738;En stock;3.1;2024-04-26;1.14;3660123531869
PROD-4120;T-shirt en Coton Nova;Mode;364.86;1080;En stock;4.3;2025-07-29;4.15;3660123881718
PROD-4121;Gourde Isotherme Apex;Sports & Loisirs;30.11;860;En stock;3.3;2025-05-13;13.93;3660123446784
PROD-4122;Crème Hydratante Elite;Beauté & Santé;170.1;371;En stock;4.2;2024-12-29;3.9;3660123742836
PROD-4123;Gourde Isotherme Vortex;Sports & Loisirs;434.79;283;En stock;4.7;2026-01-29;11.3;3660123599100
PROD-4124;Chaussures de Sport Nova;Mode;622.29;345;En stock;4.0;2024-01-13;1.77;3660123878552
PROD-4125;Montre Connectée Quantum;Électronique;274.04;626;En stock;3.9;2025-11-09;11.77;3660123830980
PROD-4126;Sac à Dos Nova;Mode;312.15;1380;En stock;3.2;2025-02-23;10.7;3660123677558
PROD-4127;Machine à Café Quantum;Maison & Cuisine;369.25;1499;En stock;4.0;2025-05-13;10.8;3660123820216
PROD-4128;Smartphone Apex;Électronique;583.98;952;En stock;4.1;2024-04-15;1.97;3660123846693
PROD-4129;Crème Hydratante Elite;Beauté & Santé;856.38;918;En stock;3.8;2024-03-17;11.09;3660123351037
PROD-4130;Écouteurs Sans Fil Vortex;Électronique;399.23;577;En stock;3.2;2026-08-01;12.81;3660123282169
PROD-4131;Mélangeur Elite;Maison & Cuisine;462.27;306;En stock;4.6;2026-06-27;12.22;3660123668141
PROD-4132;Machine à Café Quantum;Maison & Cuisine;227.98;1095;En stock;4.6;2025-12-31;5.45;3660123525075
PROD-4133;Raquette de Tennis Vortex;Sports & Loisirs;170.85;426;En stock;3.1;2024-05-21;6.28;3660123441533
PROD-4134;Haltères Elite;Sports & Loisirs;598.67;1456;En stock;3.9;2026-04-27;1.33;3660123642798
PROD-4135;Brosse à Dents Électrique Elite;Beauté & Santé;950.33;132;En stock;4.7;2026-06-05;14.82;3660123591513
PROD-4136;Montre Connectée Vortex;Électronique;1029.6;568;En stock;3.1;2026-01-08;14.05;3660123611328
PROD-4137;Sèche-Cheveux Apex;Beauté & Santé;1285.6;244;En stock;3.2;2025-02-14;3.94;3660123500372
PROD-4138;Smartphone Vortex;Électronique;1114.56;493;En stock;3.1;2025-08-13;6.92;3660123939117
PROD-4139;Jeans Slim Elite;Mode;1000.0;1002;En stock;3.4;2026-01-19;12.22;3660123803084
PROD-4140;Crème Hydratante Elite;Beauté & Santé;248.28;1017;En stock;5.0;2025-11-16;7.29;3660123406595
PROD-4141;Parfum Quantum;Beauté & Santé;16.09;960;En stock;4.1;2026-06-27;1.9;3660123254173
PROD-4142;Jeans Slim Nova;Mode;441.28;194;En stock;3.3;2026-02-07;9.78;3660123908341
PROD-4143;Sèche-Cheveux Vortex;Beauté & Santé;1259.89;339;En stock;3.8;2025-08-08;14.58;3660123163336
PROD-4144;Parfum Elite;Beauté & Santé;533.56;1490;En stock;3.0;2025-07-08;6.51;3660123853846
PROD-4145;Friteuse sans Huile Nova;Maison & Cuisine;1079.33;1324;En stock;5.0;2025-04-15;1.04;3660123422373
PROD-4146;Raquette de Tennis Nova;Sports & Loisirs;1267.86;1468;En stock;3.0;2024-01-15;2.91;3660123881214
PROD-4147;Tapis de Yoga Elite;Sports & Loisirs;775.9;43;Stock faible;3.9;2026-04-10;3.76;3660123645455
PROD-4148;Tablette Elite;Électronique;670.62;853;En stock;4.8;2025-12-22;11.48;3660123887963
PROD-4149;Brosse à Dents Électrique Nova;Beauté & Santé;57.18;1446;En stock;3.1;2026-06-29;13.36;3660123345973
PROD-4150;Sac à Dos Zenith;Mode;776.08;1377;En stock;4.4;2025-03-21;7.43;3660123419258
PROD-4151;Parfum Quantum;Beauté & Santé;1214.68;360;En stock;4.2;2024-12-21;0.98;3660123597834
PROD-4152;Veste d'Hiver Zenith;Mode;519.5;904;En stock;3.3;2025-04-27;5.99;3660123809866
PROD-4153;T-shirt en Coton Vortex;Mode;667.67;1028;En stock;3.2;2025-08-23;4.14;3660123599781
PROD-4154;Crème Hydratante Apex;Beauté & Santé;1118.23;82;En stock;3.4;2024-12-07;11.49;3660123891461
PROD-4155;Aspirateur Robot Nova;Maison & Cuisine;574.32;367;En stock;3.8;2024-08-19;0.97;3660123231079
PROD-4156;Haltères Zenith;Sports & Loisirs;231.65;760;En stock;4.9;2024-08-16;3.7;3660123741505
PROD-4157;Télévision 4K Zenith;Électronique;1010.46;80;En stock;4.5;2024-08-20;5.09;3660123553698
PROD-4158;Crème Hydratante Nova;Beauté & Santé;845.0;556;En stock;3.9;2026-02-01;7.23;3660123228106
PROD-4159;Mélangeur Elite;Maison & Cuisine;729.78;987;En stock;4.5;2025-08-11;8.94;3660123125924
PROD-4160;Montre Connectée Zenith;Électronique;1094.32;429;En stock;3.8;2026-08-04;11.53;3660123729648
PROD-4161;Machine à Café Nova;Maison & Cuisine;645.4;472;En stock;3.4;2024-09-21;2.03;3660123658671
PROD-4162;Chaussures de Sport Nova;Mode;1007.59;1064;En stock;3.5;2024-05-23;13.44;3660123973358
PROD-4163;Four à Micro-ondes Elite;Maison & Cuisine;237.95;690;En stock;4.5;2024-07-31;1.62;3660123344399
PROD-4164;Four à Micro-ondes Elite;Maison & Cuisine;911.65;108;En stock;3.0;2025-12-10;8.8;3660123249500
PROD-4165;Mélangeur Apex;Maison & Cuisine;273.68;912;En stock;3.0;2024-07-21;2.95;3660123898661
PROD-4166;Aspirateur Robot Elite;Maison & Cuisine;818.49;1053;En stock;3.4;2024-10-14;5.57;3660123765444
PROD-4167;Ordinateur Portable Zenith;Électronique;842.9;1121;En stock;4.3;2024-01-13;4.11;3660123329764
PROD-4168;Tapis de Yoga Vortex;Sports & Loisirs;685.65;1455;En stock;4.3;2025-01-15;11.32;3660123820459
PROD-4169;Télévision 4K Quantum;Électronique;747.05;789;En stock;4.1;2026-07-04;14.66;3660123758331
PROD-4170;Haltères Zenith;Sports & Loisirs;1098.94;730;En stock;3.6;2026-01-15;12.5;3660123251078
PROD-4171;Écouteurs Sans Fil Quantum;Électronique;868.73;1104;En stock;4.6;2025-04-19;9.35;3660123264985
PROD-4172;Haltères Apex;Sports & Loisirs;426.93;1460;En stock;3.3;2026-04-23;6.81;3660123779155
PROD-4173;Parfum Vortex;Beauté & Santé;692.81;1263;En stock;3.4;2026-01-13;14.43;3660123651732
PROD-4174;Brosse à Dents Électrique Elite;Beauté & Santé;1045.59;77;En stock;3.4;2025-04-12;9.24;3660123736683
PROD-4175;Raquette de Tennis Nova;Sports & Loisirs;884.25;164;En stock;4.4;2024-01-24;3.65;3660123199198
PROD-4176;Crème Hydratante Vortex;Beauté & Santé;1073.3;861;En stock;4.9;2026-03-28;5.51;3660123184617
PROD-4177;Ordinateur Portable Zenith;Électronique;25.06;892;En stock;3.9;2026-07-22;11.07;3660123649462
PROD-4178;Tapis de Yoga Quantum;Sports & Loisirs;843.63;457;En stock;5.0;2025-05-21;6.32;3660123198168
PROD-4179;Sac à Dos Vortex;Mode;885.31;877;En stock;3.5;2025-07-26;8.8;3660123859335
PROD-4180;Sèche-Cheveux Elite;Beauté & Santé;11.24;1080;En stock;3.7;2024-11-13;2.28;3660123592519
PROD-4181;Vélo Tout Terrain Nova;Sports & Loisirs;143.07;721;En stock;4.1;2025-02-14;3.71;3660123809890
PROD-4182;Haltères Nova;Sports & Loisirs;748.85;849;En stock;3.5;2025-09-10;3.93;3660123453178
PROD-4183;Crème Hydratante Apex;Beauté & Santé;269.36;1152;En stock;3.7;2026-03-17;11.19;3660123534905
PROD-4184;Chaussures de Sport Elite;Mode;852.25;406;En stock;3.1;2024-02-29;7.75;3660123327751
PROD-4185;Smartphone Nova;Électronique;962.44;186;En stock;3.0;2024-05-29;11.07;3660123590463
PROD-4186;Four à Micro-ondes Elite;Maison & Cuisine;495.09;1398;En stock;4.5;2024-06-20;5.33;3660123509491
PROD-4187;Vélo Tout Terrain Elite;Sports & Loisirs;918.77;380;En stock;3.3;2026-01-17;3.15;3660123629522
PROD-4188;Haltères Vortex;Sports & Loisirs;285.83;133;En stock;3.9;2025-02-04;0.18;3660123200703
PROD-4189;Sèche-Cheveux Apex;Beauté & Santé;788.13;619;En stock;4.1;2025-03-17;6.01;3660123862584
PROD-4190;Montre Connectée Quantum;Électronique;278.15;315;En stock;3.8;2024-11-07;13.87;3660123569000
PROD-4191;Brosse à Dents Électrique Elite;Beauté & Santé;615.04;731;En stock;4.2;2025-10-07;14.1;3660123195803
PROD-4192;Gourde Isotherme Apex;Sports & Loisirs;1025.08;1262;En stock;4.3;2025-09-05;3.05;3660123201426
PROD-4193;Haltères Elite;Sports & Loisirs;857.43;749;En stock;4.3;2025-07-26;1.7;3660123399435
PROD-4194;Chaussures de Sport Nova;Mode;933.34;857;En stock;3.9;2025-08-11;12.55;3660123367325
PROD-4195;Vélo Tout Terrain Elite;Sports & Loisirs;1248.91;478;En stock;4.1;2026-02-25;8.28;3660123159726
PROD-4196;Jeans Slim Vortex;Mode;1226.96;61;En stock;4.3;2025-02-02;6.61;3660123192144
PROD-4197;Brosse à Dents Électrique Quantum;Beauté & Santé;709.58;620;En stock;4.5;2025-03-29;1.45;3660123654345
PROD-4198;Brosse à Dents Électrique Quantum;Beauté & Santé;362.73;540;En stock;3.7;2025-09-12;12.31;3660123632793
PROD-4199;Sac à Dos Nova;Mode;659.33;809;En stock;3.3;2024-11-27;0.96;3660123351389
PROD-4200;Tablette Vortex;Électronique;841.94;1378;En stock;3.8;2025-02-06;12.05;3660123770858
PROD-4201;Mélangeur Nova;Maison & Cuisine;394.63;475;En stock;3.7;2025-06-25;6.14;3660123446005
PROD-4202;Aspirateur Robot Nova;Maison & Cuisine;1068.11;1404;En stock;3.7;2024-02-02;12.36;3660123628905
PROD-4203;Tapis de Yoga Apex;Sports & Loisirs;682.23;92;En stock;3.4;2026-06-07;4.72;3660123752107
PROD-4204;Chaussures de Sport Quantum;Mode;10.88;613;En stock;4.2;2024-03-01;3.26;3660123521906
PROD-4205;Chaussures de Sport Zenith;Mode;602.82;1193;En stock;3.2;2026-01-29;13.23;3660123546724
PROD-4206;Ordinateur Portable Nova;Électronique;159.36;692;En stock;3.1;2026-02-11;3.64;3660123702462
PROD-4207;Haltères Zenith;Sports & Loisirs;721.1;837;En stock;4.4;2025-12-29;13.9;3660123173536
PROD-4208;Sèche-Cheveux Apex;Beauté & Santé;1026.29;619;En stock;3.2;2025-06-17;9.07;3660123325294
PROD-4209;Mélangeur Nova;Maison & Cuisine;1100.16;851;En stock;4.4;2025-11-08;6.08;3660123205295
PROD-4210;Friteuse sans Huile Zenith;Maison & Cuisine;417.18;0;Rupture de stock;4.5;2024-01-27;2.59;3660123455190
PROD-4211;Vélo Tout Terrain Vortex;Sports & Loisirs;24.9;63;En stock;3.1;2026-05-26;4.49;3660123471007
PROD-4212;Tapis de Yoga Vortex;Sports & Loisirs;129.5;767;En stock;4.1;2025-01-29;11.24;3660123785847
PROD-4213;Tablette Zenith;Électronique;793.78;1184;En stock;3.2;2026-07-24;6.08;3660123922513
PROD-4214;T-shirt en Coton Zenith;Mode;443.49;1178;En stock;3.2;2026-04-12;11.12;3660123721926
PROD-4215;Friteuse sans Huile Quantum;Maison & Cuisine;696.6;166;En stock;4.0;2026-03-25;9.94;3660123180533
PROD-4216;Tapis de Yoga Vortex;Sports & Loisirs;24.78;637;En stock;4.2;2024-05-31;9.0;3660123313917
PROD-4217;Friteuse sans Huile Elite;Maison & Cuisine;1240.94;748;En stock;3.0;2026-07-29;13.69;3660123206339
PROD-4218;Parfum Apex;Beauté & Santé;208.26;1210;En stock;3.4;2026-04-12;2.19;3660123899440
PROD-4219;Mélangeur Vortex;Maison & Cuisine;465.38;276;En stock;3.1;2026-06-11;14.14;3660123909153
PROD-4220;T-shirt en Coton Elite;Mode;77.28;436;En stock;4.0;2025-11-23;1.19;3660123594072
PROD-4221;Haltères Vortex;Sports & Loisirs;726.81;789;En stock;3.3;2025-04-04;3.9;3660123107240
PROD-4222;Gourde Isotherme Apex;Sports & Loisirs;98.09;371;En stock;4.8;2026-03-18;14.65;3660123237686
PROD-4223;Montre Connectée Nova;Électronique;1192.73;795;En stock;4.2;2026-04-30;5.62;3660123176999
PROD-4224;Haltères Quantum;Sports & Loisirs;879.16;344;En stock;3.2;2025-07-21;6.53;3660123971851
PROD-4225;Tablette Apex;Électronique;1169.98;1366;En stock;4.5;2026-06-03;10.06;3660123776404
PROD-4226;Friteuse sans Huile Vortex;Maison & Cuisine;1204.74;400;En stock;3.1;2024-11-28;5.42;3660123881755
PROD-4227;Parfum Vortex;Beauté & Santé;939.62;277;En stock;3.1;2026-03-17;2.34;3660123220609
PROD-4228;Veste d'Hiver Vortex;Mode;565.3;1347;En stock;4.4;2025-12-18;9.12;3660123987409
PROD-4229;Smartphone Vortex;Électronique;918.01;1296;En stock;3.2;2026-02-20;6.13;3660123674171
PROD-4230;Écouteurs Sans Fil Zenith;Électronique;49.78;334;En stock;3.2;2024-05-24;11.34;3660123983476
PROD-4231;Four à Micro-ondes Apex;Maison & Cuisine;679.33;829;En stock;4.6;2026-03-05;1.64;3660123822507
PROD-4232;Sèche-Cheveux Zenith;Beauté & Santé;339.08;833;En stock;4.7;2026-06-16;8.16;3660123179038
PROD-4233;Parfum Apex;Beauté & Santé;341.07;1130;En stock;4.7;2024-10-06;6.43;3660123441503
PROD-4234;Veste d'Hiver Vortex;Mode;1139.1;61;En stock;4.6;2024-01-12;8.9;3660123950977
PROD-4235;Sac à Dos Apex;Mode;544.01;269;En stock;4.4;2025-04-12;4.01;3660123517726
PROD-4236;Raquette de Tennis Vortex;Sports & Loisirs;294.36;1266;En stock;4.3;2026-07-25;12.51;3660123699259
PROD-4237;Télévision 4K Zenith;Électronique;192.73;561;En stock;3.2;2024-05-26;10.01;3660123789884
PROD-4238;Écouteurs Sans Fil Vortex;Électronique;473.21;1332;En stock;3.9;2025-03-17;2.77;3660123989163
PROD-4239;Friteuse sans Huile Zenith;Maison & Cuisine;595.83;799;En stock;4.2;2026-06-18;9.05;3660123462174
PROD-4240;Aspirateur Robot Apex;Maison & Cuisine;514.05;585;En stock;4.0;2025-06-21;14.71;3660123520326
PROD-4241;Télévision 4K Zenith;Électronique;877.25;768;En stock;4.8;2024-11-23;8.78;3660123115019
PROD-4242;Four à Micro-ondes Nova;Maison & Cuisine;795.28;913;En stock;4.9;2024-03-27;1.9;3660123509185
PROD-4243;Vélo Tout Terrain Elite;Sports & Loisirs;706.77;891;En stock;3.0;2024-07-13;4.7;3660123647454
PROD-4244;Mélangeur Quantum;Maison & Cuisine;1140.2;1217;En stock;4.8;2026-03-15;10.16;3660123606584
PROD-4245;Smartphone Quantum;Électronique;486.75;322;En stock;4.7;2026-02-02;7.42;3660123817032
PROD-4246;T-shirt en Coton Nova;Mode;91.14;745;En stock;4.6;2025-05-24;14.28;3660123316302
PROD-4247;Montre Connectée Nova;Électronique;425.74;560;En stock;3.4;2024-07-26;5.17;3660123458163
PROD-4248;Tapis de Yoga Apex;Sports & Loisirs;682.08;1070;En stock;4.7;2024-11-12;9.04;3660123165555
PROD-4249;Vélo Tout Terrain Apex;Sports & Loisirs;476.93;115;En stock;3.7;2024-06-02;0.22;3660123477466
PROD-4250;Mélangeur Nova;Maison & Cuisine;1000.12;385;En stock;4.4;2025-06-11;4.16;3660123533805
PROD-4251;Écouteurs Sans Fil Vortex;Électronique;1249.27;1277;En stock;3.5;2025-11-10;2.33;3660123256681
PROD-4252;Aspirateur Robot Apex;Maison & Cuisine;789.84;300;En stock;4.8;2025-08-15;4.14;3660123370682
PROD-4253;Aspirateur Robot Zenith;Maison & Cuisine;1182.31;1312;En stock;4.6;2024-10-14;12.95;3660123946668
PROD-4254;Parfum Vortex;Beauté & Santé;296.94;1422;En stock;4.8;2026-05-28;3.03;3660123983771
PROD-4255;Gourde Isotherme Vortex;Sports & Loisirs;993.05;309;En stock;4.4;2024-11-07;0.77;3660123255805
PROD-4256;Smartphone Quantum;Électronique;1210.41;301;En stock;3.5;2024-08-10;7.43;3660123693336
PROD-4257;Sèche-Cheveux Vortex;Beauté & Santé;150.66;31;Stock faible;4.9;2026-04-03;10.25;3660123501464
PROD-4258;Mélangeur Nova;Maison & Cuisine;1265.71;704;En stock;5.0;2025-06-15;11.61;3660123891486
PROD-4259;Vélo Tout Terrain Elite;Sports & Loisirs;438.91;1032;En stock;3.9;2024-10-16;11.67;3660123463674
PROD-4260;Four à Micro-ondes Nova;Maison & Cuisine;999.74;615;En stock;4.0;2025-06-29;2.24;3660123885368
PROD-4261;Vélo Tout Terrain Zenith;Sports & Loisirs;410.94;380;En stock;3.3;2024-11-25;3.12;3660123222426
PROD-4262;Télévision 4K Vortex;Électronique;886.63;382;En stock;4.1;2024-12-05;0.79;3660123361649
PROD-4263;Veste d'Hiver Zenith;Mode;307.21;1079;En stock;3.4;2025-04-28;2.47;3660123374722
PROD-4264;Gourde Isotherme Quantum;Sports & Loisirs;571.33;775;En stock;4.4;2025-06-29;2.01;3660123672503
PROD-4265;Haltères Zenith;Sports & Loisirs;921.72;1025;En stock;3.9;2026-01-10;10.01;3660123158317
PROD-4266;Haltères Nova;Sports & Loisirs;103.2;440;En stock;4.4;2025-02-03;8.38;3660123733525
PROD-4267;Aspirateur Robot Zenith;Maison & Cuisine;1012.49;1452;En stock;3.3;2024-05-11;1.52;3660123786649
PROD-4268;Télévision 4K Zenith;Électronique;928.31;168;En stock;3.5;2024-09-26;3.38;3660123766443
PROD-4269;Smartphone Quantum;Électronique;115.28;586;En stock;3.7;2025-08-28;11.85;3660123726526
PROD-4270;Haltères Zenith;Sports & Loisirs;923.09;638;En stock;3.5;2024-07-28;3.28;3660123724069
PROD-4271;Parfum Apex;Beauté & Santé;1055.89;1399;En stock;4.7;2024-08-20;3.48;3660123354844
PROD-4272;Sac à Dos Quantum;Mode;222.36;885;En stock;4.7;2025-04-23;0.52;3660123126372
PROD-4273;Montre Connectée Nova;Électronique;1031.44;619;En stock;3.5;2024-11-04;9.04;3660123620444
PROD-4274;Sac à Dos Elite;Mode;469.16;1129;En stock;4.4;2025-10-03;1.13;3660123656461
PROD-4275;Sèche-Cheveux Quantum;Beauté & Santé;670.13;109;En stock;4.9;2026-04-08;13.25;3660123221219
PROD-4276;Sac à Dos Vortex;Mode;207.94;1243;En stock;3.5;2025-04-12;6.61;3660123330257
PROD-4277;Brosse à Dents Électrique Quantum;Beauté & Santé;1174.89;1194;En stock;4.7;2026-07-30;3.24;3660123223233
PROD-4278;Machine à Café Nova;Maison & Cuisine;305.54;1233;En stock;3.6;2025-07-24;0.71;3660123560295
PROD-4279;Écouteurs Sans Fil Quantum;Électronique;276.68;240;En stock;5.0;2026-01-19;14.13;3660123873644
PROD-4280;Brosse à Dents Électrique Quantum;Beauté & Santé;726.68;634;En stock;3.9;2026-01-10;12.89;3660123368265
PROD-4281;Télévision 4K Apex;Électronique;295.31;788;En stock;3.8;2026-02-19;5.36;3660123113129
PROD-4282;Montre Connectée Quantum;Électronique;497.13;1468;En stock;3.3;2026-05-25;14.89;3660123993910
PROD-4283;Aspirateur Robot Nova;Maison & Cuisine;1025.79;1320;En stock;4.1;2024-05-03;8.76;3660123322850
PROD-4284;Parfum Vortex;Beauté & Santé;222.88;1137;En stock;4.6;2026-02-19;6.66;3660123547387
PROD-4285;Jeans Slim Vortex;Mode;275.72;22;Stock faible;4.8;2026-01-09;11.71;3660123775122
PROD-4286;Parfum Vortex;Beauté & Santé;224.26;75;En stock;4.8;2025-02-14;9.94;3660123516381
PROD-4287;Écouteurs Sans Fil Vortex;Électronique;464.48;474;En stock;3.2;2024-07-26;3.86;3660123377478
PROD-4288;Mélangeur Vortex;Maison & Cuisine;1056.66;567;En stock;4.2;2025-07-29;1.46;3660123646155
PROD-4289;Chaussures de Sport Zenith;Mode;136.51;535;En stock;3.4;2024-01-30;13.11;3660123885762
PROD-4290;Four à Micro-ondes Vortex;Maison & Cuisine;890.04;970;En stock;4.5;2024-01-20;4.67;3660123844825
PROD-4291;Four à Micro-ondes Zenith;Maison & Cuisine;817.43;1083;En stock;3.2;2025-12-06;6.22;3660123454471
PROD-4292;Crème Hydratante Zenith;Beauté & Santé;962.16;1131;En stock;4.6;2025-12-27;5.65;3660123370542
PROD-4293;Aspirateur Robot Vortex;Maison & Cuisine;328.29;1175;En stock;4.5;2026-08-01;1.66;3660123900128
PROD-4294;Vélo Tout Terrain Elite;Sports & Loisirs;518.09;1180;En stock;4.0;2025-05-15;6.06;3660123548444
PROD-4295;Parfum Quantum;Beauté & Santé;639.66;1163;En stock;3.4;2026-03-18;8.43;3660123175395
PROD-4296;Mélangeur Apex;Maison & Cuisine;636.32;1219;En stock;3.1;2024-12-20;3.38;3660123953567
PROD-4297;Sèche-Cheveux Vortex;Beauté & Santé;851.53;609;En stock;3.4;2026-03-16;7.42;3660123236605
PROD-4298;Machine à Café Vortex;Maison & Cuisine;792.93;1391;En stock;4.6;2026-05-19;6.15;3660123480968
PROD-4299;Smartphone Apex;Électronique;106.73;458;En stock;4.2;2024-12-08;4.69;3660123100233
PROD-4300;Veste d'Hiver Nova;Mode;976.7;845;En stock;4.9;2025-05-26;9.32;3660123894968
PROD-4301;Écouteurs Sans Fil Vortex;Électronique;788.77;178;En stock;3.0;2026-01-13;7.92;3660123512908
PROD-4302;Télévision 4K Zenith;Électronique;1074.91;1441;En stock;4.2;2024-11-15;12.6;3660123939628
PROD-4303;Sèche-Cheveux Zenith;Beauté & Santé;1275.79;985;En stock;3.4;2025-11-08;13.84;3660123499948
PROD-4304;Raquette de Tennis Vortex;Sports & Loisirs;501.34;1364;En stock;3.5;2025-04-07;2.8;3660123138345
PROD-4305;Parfum Apex;Beauté & Santé;68.11;371;En stock;4.5;2025-04-14;2.8;3660123420395
PROD-4306;Machine à Café Apex;Maison & Cuisine;479.34;792;En stock;4.1;2025-03-25;14.72;3660123379925
PROD-4307;Sac à Dos Quantum;Mode;143.58;1322;En stock;3.7;2026-07-25;10.26;3660123748085
PROD-4308;Machine à Café Quantum;Maison & Cuisine;612.3;242;En stock;3.2;2024-12-09;4.69;3660123748624
PROD-4309;Télévision 4K Elite;Électronique;653.88;1280;En stock;4.6;2026-01-17;12.57;3660123533805
PROD-4310;Tablette Quantum;Électronique;665.28;832;En stock;4.0;2025-12-05;8.09;3660123771980
PROD-4311;Parfum Apex;Beauté & Santé;55.05;1072;En stock;3.7;2025-09-11;7.17;3660123463613
PROD-4312;Parfum Quantum;Beauté & Santé;1121.96;1210;En stock;3.6;2024-08-05;14.24;3660123303997
PROD-4313;Haltères Zenith;Sports & Loisirs;1149.97;104;En stock;3.3;2024-07-24;2.34;3660123514830
PROD-4314;Gourde Isotherme Zenith;Sports & Loisirs;776.93;540;En stock;4.5;2025-06-14;6.72;3660123877431
PROD-4315;Gourde Isotherme Vortex;Sports & Loisirs;344.47;1194;En stock;4.3;2025-03-29;11.19;3660123465817
PROD-4316;Jeans Slim Zenith;Mode;1111.22;517;En stock;4.7;2025-10-25;0.64;3660123769543
PROD-4317;Mélangeur Apex;Maison & Cuisine;1009.29;494;En stock;3.9;2024-06-22;9.05;3660123105830
PROD-4318;Crème Hydratante Elite;Beauté & Santé;1082.95;1073;En stock;4.2;2024-11-18;13.19;3660123772853
PROD-4319;Crème Hydratante Zenith;Beauté & Santé;1142.0;485;En stock;3.9;2026-04-14;5.31;3660123680875
PROD-4320;Télévision 4K Vortex;Électronique;19.4;470;En stock;4.1;2024-07-22;10.97;3660123489937
PROD-4321;Raquette de Tennis Nova;Sports & Loisirs;250.61;1243;En stock;3.2;2025-02-20;9.05;3660123417659
PROD-4322;Sèche-Cheveux Elite;Beauté & Santé;1195.25;59;En stock;3.9;2025-04-14;3.21;3660123941934
PROD-4323;T-shirt en Coton Zenith;Mode;11.68;791;En stock;3.4;2026-04-10;14.84;3660123370079
PROD-4324;Écouteurs Sans Fil Apex;Électronique;69.19;289;En stock;3.8;2025-06-12;3.53;3660123658852
PROD-4325;Raquette de Tennis Quantum;Sports & Loisirs;275.7;596;En stock;4.8;2025-04-23;4.29;3660123547785
PROD-4326;Chaussures de Sport Quantum;Mode;971.77;507;En stock;3.4;2026-05-27;14.28;3660123609285
PROD-4327;Friteuse sans Huile Vortex;Maison & Cuisine;622.14;228;En stock;3.7;2024-05-30;11.76;3660123843138
PROD-4328;Crème Hydratante Apex;Beauté & Santé;78.84;181;En stock;3.0;2025-10-05;7.39;3660123147102
PROD-4329;Raquette de Tennis Apex;Sports & Loisirs;889.85;1221;En stock;3.7;2025-02-05;4.56;3660123642898
PROD-4330;Sac à Dos Quantum;Mode;623.74;1298;En stock;3.9;2025-06-14;3.03;3660123347525
PROD-4331;Télévision 4K Apex;Électronique;350.02;440;En stock;4.8;2025-04-02;12.95;3660123489236
PROD-4332;Chaussures de Sport Vortex;Mode;771.14;699;En stock;3.0;2026-04-07;13.68;3660123801163
PROD-4333;Four à Micro-ondes Apex;Maison & Cuisine;249.58;957;En stock;3.1;2025-02-17;12.92;3660123593219
PROD-4334;Chaussures de Sport Quantum;Mode;87.99;174;En stock;4.3;2026-07-25;10.52;3660123813241
PROD-4335;Ordinateur Portable Vortex;Électronique;245.2;1472;En stock;3.8;2024-04-07;12.95;3660123697672
PROD-4336;Ordinateur Portable Nova;Électronique;644.65;519;En stock;3.7;2025-10-22;8.86;3660123412051
PROD-4337;Montre Connectée Elite;Électronique;1256.17;508;En stock;4.0;2025-05-27;6.74;3660123450713
PROD-4338;Sèche-Cheveux Quantum;Beauté & Santé;756.62;91;En stock;4.3;2026-02-10;6.13;3660123772325
PROD-4339;T-shirt en Coton Apex;Mode;1066.07;547;En stock;3.1;2024-02-06;14.49;3660123653344
PROD-4340;Friteuse sans Huile Elite;Maison & Cuisine;842.67;903;En stock;4.1;2024-10-02;7.73;3660123305812
PROD-4341;Ordinateur Portable Zenith;Électronique;677.62;719;En stock;3.9;2025-03-19;13.95;3660123444523
PROD-4342;T-shirt en Coton Zenith;Mode;1142.15;1270;En stock;3.3;2024-07-08;7.76;3660123744181
PROD-4343;Ordinateur Portable Apex;Électronique;1128.25;1134;En stock;4.7;2025-06-02;3.75;3660123795436
PROD-4344;Haltères Nova;Sports & Loisirs;963.76;169;En stock;3.9;2026-02-01;7.84;3660123882355
PROD-4345;Crème Hydratante Zenith;Beauté & Santé;1292.05;85;En stock;4.1;2025-11-05;8.63;3660123430774
PROD-4346;Brosse à Dents Électrique Apex;Beauté & Santé;267.86;381;En stock;4.9;2024-02-04;6.97;3660123489800
PROD-4347;Tapis de Yoga Elite;Sports & Loisirs;1074.04;316;En stock;3.8;2025-10-01;11.74;3660123230230
PROD-4348;Jeans Slim Nova;Mode;1085.08;1329;En stock;3.1;2024-05-13;9.15;3660123727170
PROD-4349;Parfum Quantum;Beauté & Santé;262.62;43;Stock faible;4.9;2026-04-22;13.38;3660123357831
PROD-4350;Chaussures de Sport Zenith;Mode;351.5;6;Stock faible;5.0;2024-01-31;6.66;3660123773885
PROD-4351;Sèche-Cheveux Zenith;Beauté & Santé;364.97;123;En stock;4.6;2025-11-30;7.0;3660123271287
PROD-4352;Smartphone Nova;Électronique;1127.62;1286;En stock;4.2;2024-08-08;1.49;3660123442211
PROD-4353;Smartphone Zenith;Électronique;175.14;160;En stock;4.3;2025-06-28;2.19;3660123140875
PROD-4354;Raquette de Tennis Nova;Sports & Loisirs;1051.98;113;En stock;3.6;2026-06-14;1.95;3660123826787
PROD-4355;Tablette Nova;Électronique;1183.95;114;En stock;4.8;2024-12-20;4.53;3660123401869
PROD-4356;Vélo Tout Terrain Vortex;Sports & Loisirs;472.99;994;En stock;4.2;2026-06-25;3.15;3660123950760
PROD-4357;Brosse à Dents Électrique Zenith;Beauté & Santé;1082.02;674;En stock;4.3;2024-12-01;3.63;3660123970178
PROD-4358;Écouteurs Sans Fil Apex;Électronique;701.15;995;En stock;3.3;2025-11-25;2.9;3660123640247
PROD-4359;Four à Micro-ondes Zenith;Maison & Cuisine;1109.01;1201;En stock;3.7;2024-04-10;7.62;3660123293636
PROD-4360;Veste d'Hiver Elite;Mode;612.47;857;En stock;4.5;2026-03-13;7.94;3660123858977
PROD-4361;Écouteurs Sans Fil Zenith;Électronique;773.35;499;En stock;3.1;2025-06-09;1.95;3660123543780
PROD-4362;Crème Hydratante Zenith;Beauté & Santé;347.71;1027;En stock;3.9;2024-04-15;10.16;3660123455031
PROD-4363;Montre Connectée Zenith;Électronique;671.11;576;En stock;4.2;2024-04-27;13.28;3660123986368
PROD-4364;T-shirt en Coton Vortex;Mode;748.01;1340;En stock;3.5;2025-02-20;10.71;3660123143066
PROD-4365;Mélangeur Apex;Maison & Cuisine;582.26;845;En stock;4.2;2025-01-04;5.27;3660123469409
PROD-4366;Brosse à Dents Électrique Zenith;Beauté & Santé;1120.61;1041;En stock;4.0;2026-05-29;1.02;3660123893386
PROD-4367;Machine à Café Quantum;Maison & Cuisine;575.83;675;En stock;3.6;2026-02-25;12.56;3660123758071
PROD-4368;Gourde Isotherme Zenith;Sports & Loisirs;490.0;368;En stock;3.7;2026-06-19;10.65;3660123232320
PROD-4369;Friteuse sans Huile Quantum;Maison & Cuisine;201.41;590;En stock;4.5;2026-04-11;12.19;3660123605966
PROD-4370;Parfum Vortex;Beauté & Santé;59.7;1010;En stock;3.1;2024-10-18;13.13;3660123481878
PROD-4371;Crème Hydratante Vortex;Beauté & Santé;1083.43;1165;En stock;4.4;2025-03-02;6.98;3660123378031
PROD-4372;Télévision 4K Quantum;Électronique;181.01;1388;En stock;4.1;2026-03-18;6.38;3660123986523
PROD-4373;Tapis de Yoga Nova;Sports & Loisirs;435.55;1200;En stock;3.4;2026-07-12;0.55;3660123276953
PROD-4374;Gourde Isotherme Quantum;Sports & Loisirs;349.91;42;Stock faible;3.8;2024-05-06;11.76;3660123913493
PROD-4375;Four à Micro-ondes Nova;Maison & Cuisine;886.6;813;En stock;3.7;2026-04-04;1.04;3660123396775
PROD-4376;T-shirt en Coton Elite;Mode;819.61;565;En stock;3.2;2026-07-17;13.94;3660123958913
PROD-4377;Smartphone Zenith;Électronique;374.95;746;En stock;3.7;2024-09-03;11.88;3660123470348
PROD-4378;Sac à Dos Zenith;Mode;1155.16;744;En stock;4.8;2026-03-31;2.89;3660123229002
PROD-4379;Raquette de Tennis Elite;Sports & Loisirs;286.94;763;En stock;4.6;2026-08-08;9.9;3660123833327
PROD-4380;Gourde Isotherme Vortex;Sports & Loisirs;79.61;1254;En stock;3.7;2024-01-08;4.59;3660123942565
PROD-4381;Sèche-Cheveux Apex;Beauté & Santé;658.53;1469;En stock;3.1;2024-07-24;1.28;3660123193107
PROD-4382;Veste d'Hiver Elite;Mode;618.29;657;En stock;4.5;2024-04-05;9.42;3660123707214
PROD-4383;Raquette de Tennis Nova;Sports & Loisirs;297.75;1138;En stock;3.8;2024-02-17;11.7;3660123745988
PROD-4384;Aspirateur Robot Elite;Maison & Cuisine;887.15;73;En stock;4.0;2026-06-23;7.81;3660123630769
PROD-4385;Crème Hydratante Elite;Beauté & Santé;886.18;180;En stock;3.1;2025-01-15;11.87;3660123678675
PROD-4386;Friteuse sans Huile Apex;Maison & Cuisine;129.75;756;En stock;4.7;2024-06-26;0.75;3660123525614
PROD-4387;T-shirt en Coton Apex;Mode;798.3;388;En stock;4.4;2026-01-21;3.64;3660123327680
PROD-4388;Parfum Nova;Beauté & Santé;654.7;87;En stock;3.4;2024-01-03;10.02;3660123347677
PROD-4389;Parfum Vortex;Beauté & Santé;228.72;1341;En stock;5.0;2024-03-05;8.44;3660123744809
PROD-4390;Friteuse sans Huile Zenith;Maison & Cuisine;375.48;921;En stock;4.0;2026-02-09;11.36;3660123910470
PROD-4391;Gourde Isotherme Quantum;Sports & Loisirs;330.51;559;En stock;4.8;2026-04-03;2.11;3660123108285
PROD-4392;Brosse à Dents Électrique Zenith;Beauté & Santé;671.12;189;En stock;3.4;2024-07-09;11.17;3660123524419
PROD-4393;Haltères Quantum;Sports & Loisirs;368.73;1490;En stock;4.6;2024-11-10;4.19;3660123131442
PROD-4394;Chaussures de Sport Elite;Mode;730.85;1401;En stock;4.5;2026-02-18;7.47;3660123960284
PROD-4395;Gourde Isotherme Nova;Sports & Loisirs;580.61;1333;En stock;3.7;2024-04-05;10.28;3660123676366
PROD-4396;Gourde Isotherme Zenith;Sports & Loisirs;361.68;1160;En stock;3.3;2025-02-01;7.94;3660123795993
PROD-4397;Écouteurs Sans Fil Zenith;Électronique;505.38;1248;En stock;3.4;2026-03-23;8.58;3660123837293
PROD-4398;Jeans Slim Apex;Mode;1055.37;676;En stock;4.6;2025-02-17;4.73;3660123251176
PROD-4399;Friteuse sans Huile Zenith;Maison & Cuisine;23.2;312;En stock;4.3;2026-03-22;11.93;3660123895873
PROD-4400;Tablette Vortex;Électronique;1048.7;549;En stock;4.5;2025-08-26;5.89;3660123538618
PROD-4401;Sèche-Cheveux Apex;Beauté & Santé;863.05;1101;En stock;3.4;2024-05-22;8.69;3660123929078
PROD-4402;Machine à Café Elite;Maison & Cuisine;1006.01;1290;En stock;4.9;2025-10-23;2.13;3660123502347
PROD-4403;Parfum Nova;Beauté & Santé;249.59;107;En stock;3.5;2024-07-31;3.53;3660123841345
PROD-4404;Crème Hydratante Apex;Beauté & Santé;1275.8;1383;En stock;4.4;2024-07-27;7.77;3660123615836
PROD-4405;Sac à Dos Zenith;Mode;649.54;500;En stock;3.1;2024-09-28;11.83;3660123443784
PROD-4406;Parfum Elite;Beauté & Santé;1042.1;666;En stock;4.4;2025-04-05;9.97;3660123783384
PROD-4407;Chaussures de Sport Vortex;Mode;507.12;1386;En stock;3.0;2026-06-26;5.35;3660123170363
PROD-4408;Four à Micro-ondes Elite;Maison & Cuisine;975.7;1334;En stock;3.8;2025-10-16;3.91;3660123730880
PROD-4409;Jeans Slim Quantum;Mode;1190.97;339;En stock;3.9;2025-01-11;6.23;3660123367764
PROD-4410;Haltères Nova;Sports & Loisirs;1148.82;518;En stock;3.4;2024-03-03;4.45;3660123192044
PROD-4411;Parfum Quantum;Beauté & Santé;332.57;1465;En stock;3.2;2025-01-12;2.15;3660123361682
PROD-4412;T-shirt en Coton Elite;Mode;751.02;1170;En stock;4.9;2024-12-21;10.09;3660123789330
PROD-4413;Écouteurs Sans Fil Quantum;Électronique;492.54;207;En stock;3.5;2024-11-20;13.2;3660123673917
PROD-4414;T-shirt en Coton Vortex;Mode;122.98;538;En stock;5.0;2026-07-23;2.87;3660123294830
PROD-4415;Parfum Quantum;Beauté & Santé;539.87;419;En stock;3.4;2025-05-16;10.11;3660123825445
PROD-4416;Écouteurs Sans Fil Nova;Électronique;277.29;1122;En stock;3.2;2025-02-15;0.7;3660123880124
PROD-4417;Sèche-Cheveux Elite;Beauté & Santé;1072.27;88;En stock;3.1;2024-06-03;1.99;3660123185481
PROD-4418;Crème Hydratante Zenith;Beauté & Santé;602.27;1340;En stock;4.6;2026-07-29;4.5;3660123972292
PROD-4419;Haltères Vortex;Sports & Loisirs;782.18;683;En stock;4.7;2025-04-29;0.38;3660123288943
PROD-4420;Sac à Dos Vortex;Mode;563.68;231;En stock;4.6;2024-08-08;4.82;3660123628272
PROD-4421;Aspirateur Robot Zenith;Maison & Cuisine;1225.4;12;Stock faible;4.3;2025-05-05;11.0;3660123878056
PROD-4422;T-shirt en Coton Nova;Mode;61.78;157;En stock;3.0;2026-02-08;2.38;3660123246731
PROD-4423;Télévision 4K Vortex;Électronique;768.09;588;En stock;3.7;2024-07-24;12.36;3660123215585
PROD-4424;Chaussures de Sport Nova;Mode;1256.68;317;En stock;3.1;2024-09-08;1.33;3660123232392
PROD-4425;Haltères Nova;Sports & Loisirs;1041.8;367;En stock;3.8;2025-02-25;5.34;3660123997469
PROD-4426;Ordinateur Portable Nova;Électronique;269.6;177;En stock;4.8;2024-12-30;5.16;3660123123247
PROD-4427;Vélo Tout Terrain Zenith;Sports & Loisirs;595.25;679;En stock;3.7;2025-03-07;6.91;3660123245590
PROD-4428;Montre Connectée Nova;Électronique;532.68;968;En stock;4.5;2024-05-27;6.87;3660123429342
PROD-4429;Smartphone Apex;Électronique;1157.13;729;En stock;4.8;2026-05-15;12.65;3660123818468
PROD-4430;Raquette de Tennis Quantum;Sports & Loisirs;63.74;1185;En stock;3.0;2025-04-18;14.36;3660123910131
PROD-4431;Ordinateur Portable Apex;Électronique;910.18;187;En stock;4.7;2025-04-09;13.06;3660123727916
PROD-4432;Machine à Café Nova;Maison & Cuisine;480.81;384;En stock;4.1;2024-08-23;11.43;3660123342584
PROD-4433;Montre Connectée Zenith;Électronique;361.7;577;En stock;4.5;2025-12-18;4.86;3660123185879
PROD-4434;Haltères Quantum;Sports & Loisirs;1064.82;905;En stock;4.2;2024-07-11;2.26;3660123213532
PROD-4435;Brosse à Dents Électrique Apex;Beauté & Santé;200.79;361;En stock;3.8;2024-09-28;6.24;3660123653984
PROD-4436;Veste d'Hiver Elite;Mode;152.37;50;En stock;3.3;2024-02-05;4.64;3660123997784
PROD-4437;Écouteurs Sans Fil Elite;Électronique;403.16;1033;En stock;3.1;2024-11-19;1.57;3660123736267
PROD-4438;Machine à Café Zenith;Maison & Cuisine;514.83;747;En stock;4.4;2024-08-17;14.71;3660123312947
PROD-4439;Aspirateur Robot Zenith;Maison & Cuisine;631.76;754;En stock;4.4;2024-07-17;7.04;3660123155506
PROD-4440;Tablette Vortex;Électronique;1170.61;244;En stock;3.8;2024-09-26;3.58;3660123570782
PROD-4441;Montre Connectée Elite;Électronique;199.26;947;En stock;3.0;2026-02-03;4.12;3660123164474
PROD-4442;Ordinateur Portable Zenith;Électronique;917.85;1274;En stock;3.3;2026-07-09;10.23;3660123944096
PROD-4443;Machine à Café Elite;Maison & Cuisine;1067.48;963;En stock;3.2;2025-10-19;12.62;3660123665263
PROD-4444;Chaussures de Sport Vortex;Mode;149.88;775;En stock;4.2;2025-01-18;0.65;3660123733661
PROD-4445;Télévision 4K Elite;Électronique;315.4;1411;En stock;4.5;2024-09-01;0.55;3660123835518
PROD-4446;Smartphone Elite;Électronique;457.83;743;En stock;4.8;2025-08-26;1.35;3660123496806
PROD-4447;Brosse à Dents Électrique Nova;Beauté & Santé;935.53;150;En stock;4.0;2024-08-04;14.93;3660123494047
PROD-4448;Chaussures de Sport Apex;Mode;679.67;1461;En stock;4.6;2026-01-10;4.57;3660123504443
PROD-4449;Veste d'Hiver Zenith;Mode;1078.15;684;En stock;4.1;2026-05-11;5.59;3660123122496
PROD-4450;Gourde Isotherme Zenith;Sports & Loisirs;18.64;534;En stock;3.8;2026-06-09;0.28;3660123664117
PROD-4451;Chaussures de Sport Nova;Mode;851.78;1477;En stock;3.4;2024-04-23;8.76;3660123958548
PROD-4452;Four à Micro-ondes Apex;Maison & Cuisine;990.5;1293;En stock;4.3;2026-03-17;11.12;3660123168005
PROD-4453;Tablette Quantum;Électronique;671.16;40;Stock faible;4.5;2024-01-28;14.85;3660123926222
PROD-4454;Four à Micro-ondes Apex;Maison & Cuisine;768.04;139;En stock;4.2;2026-05-14;8.62;3660123954150
PROD-4455;Sèche-Cheveux Elite;Beauté & Santé;612.88;100;En stock;4.7;2024-05-19;7.54;3660123525948
PROD-4456;Friteuse sans Huile Apex;Maison & Cuisine;454.69;1368;En stock;4.3;2025-06-20;6.98;3660123963272
PROD-4457;Gourde Isotherme Apex;Sports & Loisirs;119.16;1374;En stock;4.2;2024-05-17;10.5;3660123631125
PROD-4458;Aspirateur Robot Apex;Maison & Cuisine;736.48;874;En stock;4.3;2026-03-02;11.06;3660123520722
PROD-4459;Chaussures de Sport Apex;Mode;1253.73;920;En stock;3.4;2024-11-21;14.43;3660123479602
PROD-4460;Raquette de Tennis Elite;Sports & Loisirs;154.56;1214;En stock;4.6;2024-06-01;0.65;3660123955590
PROD-4461;Ordinateur Portable Zenith;Électronique;527.63;1493;En stock;4.7;2026-01-26;9.98;3660123935799
PROD-4462;Sac à Dos Elite;Mode;796.65;720;En stock;3.1;2025-05-22;5.42;3660123545032
PROD-4463;Haltères Elite;Sports & Loisirs;687.16;1308;En stock;3.9;2025-01-06;8.17;3660123677761
PROD-4464;Aspirateur Robot Quantum;Maison & Cuisine;947.74;536;En stock;4.0;2024-10-15;7.54;3660123736708
PROD-4465;Mélangeur Vortex;Maison & Cuisine;1207.77;1365;En stock;4.4;2024-12-07;9.85;3660123421802
PROD-4466;Friteuse sans Huile Nova;Maison & Cuisine;490.96;1237;En stock;4.2;2025-04-25;11.3;3660123286063
PROD-4467;Jeans Slim Apex;Mode;1096.63;1252;En stock;3.4;2025-12-14;5.76;3660123366519
PROD-4468;Raquette de Tennis Apex;Sports & Loisirs;201.82;1005;En stock;3.2;2024-04-01;8.57;3660123713698
PROD-4469;Brosse à Dents Électrique Nova;Beauté & Santé;486.72;1389;En stock;3.1;2025-10-04;1.24;3660123901799
PROD-4470;Parfum Vortex;Beauté & Santé;289.6;657;En stock;4.3;2025-06-27;2.08;3660123936598
PROD-4471;Haltères Nova;Sports & Loisirs;313.68;678;En stock;3.4;2025-12-07;2.66;3660123242345
PROD-4472;Crème Hydratante Vortex;Beauté & Santé;1243.36;519;En stock;4.0;2024-05-06;1.79;3660123685661
PROD-4473;Four à Micro-ondes Vortex;Maison & Cuisine;1112.29;1206;En stock;3.4;2026-02-02;5.59;3660123574016
PROD-4474;Friteuse sans Huile Nova;Maison & Cuisine;1042.82;281;En stock;4.2;2024-03-25;6.66;3660123582439
PROD-4475;Parfum Zenith;Beauté & Santé;1178.3;16;Stock faible;4.6;2025-08-04;9.8;3660123818966
PROD-4476;Haltères Elite;Sports & Loisirs;846.39;647;En stock;3.7;2025-05-08;10.42;3660123618991
PROD-4477;Raquette de Tennis Apex;Sports & Loisirs;601.69;417;En stock;3.1;2024-05-08;10.07;3660123321965
PROD-4478;Veste d'Hiver Nova;Mode;461.16;1029;En stock;4.8;2024-03-19;1.12;3660123446476
PROD-4479;Haltères Apex;Sports & Loisirs;1115.58;288;En stock;4.8;2025-04-15;2.45;3660123748964
PROD-4480;Sac à Dos Apex;Mode;955.65;385;En stock;3.8;2025-12-19;12.83;3660123572600
PROD-4481;Chaussures de Sport Nova;Mode;1147.85;525;En stock;3.4;2025-08-13;1.6;3660123661869
PROD-4482;Gourde Isotherme Apex;Sports & Loisirs;1050.49;1099;En stock;3.6;2024-01-17;6.06;3660123895887
PROD-4483;Jeans Slim Vortex;Mode;839.74;558;En stock;3.5;2024-04-18;1.0;3660123851675
PROD-4484;Smartphone Zenith;Électronique;198.21;996;En stock;4.6;2025-08-30;7.16;3660123752459
PROD-4485;Mélangeur Zenith;Maison & Cuisine;1095.52;307;En stock;3.2;2024-01-02;1.69;3660123650053
PROD-4486;Tablette Vortex;Électronique;1141.7;1259;En stock;3.8;2026-07-04;14.08;3660123772662
PROD-4487;Ordinateur Portable Nova;Électronique;993.82;1285;En stock;4.2;2025-01-13;6.78;3660123436550
PROD-4488;Friteuse sans Huile Zenith;Maison & Cuisine;1037.57;1298;En stock;3.2;2024-04-01;4.94;3660123623747
PROD-4489;Ordinateur Portable Zenith;Électronique;600.88;810;En stock;3.1;2024-04-04;13.07;3660123977779
PROD-4490;Haltères Elite;Sports & Loisirs;218.16;383;En stock;3.6;2024-12-08;13.64;3660123397619
PROD-4491;Vélo Tout Terrain Apex;Sports & Loisirs;1186.51;252;En stock;4.7;2024-12-15;10.66;3660123931569
PROD-4492;Raquette de Tennis Elite;Sports & Loisirs;907.53;295;En stock;4.3;2025-08-06;4.34;3660123614002
PROD-4493;Télévision 4K Nova;Électronique;869.66;469;En stock;3.6;2025-01-27;13.7;3660123940368
PROD-4494;Crème Hydratante Zenith;Beauté & Santé;619.24;101;En stock;4.4;2024-02-21;6.32;3660123934777
PROD-4495;Friteuse sans Huile Vortex;Maison & Cuisine;1110.66;157;En stock;3.1;2025-08-14;14.93;3660123474834
PROD-4496;Télévision 4K Nova;Électronique;445.1;152;En stock;3.5;2026-02-19;11.1;3660123876169
PROD-4497;Aspirateur Robot Nova;Maison & Cuisine;223.43;1296;En stock;3.2;2024-12-12;6.05;3660123501572
PROD-4498;Sèche-Cheveux Vortex;Beauté & Santé;445.28;518;En stock;4.3;2024-03-28;7.98;3660123452086
PROD-4499;T-shirt en Coton Nova;Mode;291.64;403;En stock;3.9;2025-01-03;10.99;3660123112932
PROD-4500;Friteuse sans Huile Zenith;Maison & Cuisine;1274.87;1223;En stock;4.6;2024-03-09;5.0;3660123552035
PROD-4501;Sac à Dos Apex;Mode;576.62;1254;En stock;3.2;2025-01-17;10.93;3660123675462
PROD-4502;Friteuse sans Huile Apex;Maison & Cuisine;918.01;363;En stock;4.5;2024-11-07;8.93;3660123278450
PROD-4503;Tablette Apex;Électronique;839.62;210;En stock;4.3;2024-06-12;8.6;3660123737119
PROD-4504;Sac à Dos Apex;Mode;384.34;582;En stock;3.0;2024-03-27;3.32;3660123638160
PROD-4505;Chaussures de Sport Vortex;Mode;759.58;1188;En stock;3.2;2026-05-25;2.61;3660123437062
PROD-4506;Aspirateur Robot Apex;Maison & Cuisine;1079.2;1455;En stock;3.1;2025-04-06;4.6;3660123145045
PROD-4507;Aspirateur Robot Vortex;Maison & Cuisine;1173.79;1324;En stock;3.6;2024-11-10;6.59;3660123627639
PROD-4508;Parfum Quantum;Beauté & Santé;479.53;608;En stock;4.1;2025-12-08;8.18;3660123585858
PROD-4509;Friteuse sans Huile Apex;Maison & Cuisine;329.0;789;En stock;3.9;2025-11-15;4.97;3660123736140
PROD-4510;Télévision 4K Zenith;Électronique;1243.99;1421;En stock;4.3;2024-05-06;14.94;3660123428576
PROD-4511;Machine à Café Elite;Maison & Cuisine;156.64;1340;En stock;3.1;2024-04-07;1.57;3660123164630
PROD-4512;Crème Hydratante Nova;Beauté & Santé;290.86;735;En stock;3.8;2026-06-17;8.05;3660123279123
PROD-4513;Mélangeur Nova;Maison & Cuisine;710.65;1464;En stock;4.9;2026-01-14;1.97;3660123861819
PROD-4514;Chaussures de Sport Nova;Mode;1226.03;976;En stock;4.7;2025-10-06;3.72;3660123918265
PROD-4515;Aspirateur Robot Nova;Maison & Cuisine;413.93;518;En stock;3.3;2025-07-03;6.42;3660123938694
PROD-4516;Télévision 4K Quantum;Électronique;506.47;636;En stock;4.5;2025-09-25;13.79;3660123307516
PROD-4517;Parfum Elite;Beauté & Santé;920.83;873;En stock;4.4;2026-07-20;7.1;3660123154325
PROD-4518;Parfum Quantum;Beauté & Santé;1123.59;153;En stock;3.1;2025-10-27;5.14;3660123932036
PROD-4519;T-shirt en Coton Apex;Mode;321.01;447;En stock;4.4;2026-06-22;11.89;3660123995980
PROD-4520;Smartphone Elite;Électronique;878.44;1225;En stock;4.4;2025-05-19;14.5;3660123251666
PROD-4521;Chaussures de Sport Nova;Mode;454.61;374;En stock;3.9;2024-10-23;13.29;3660123558089
PROD-4522;Brosse à Dents Électrique Vortex;Beauté & Santé;239.46;889;En stock;4.5;2026-02-10;10.67;3660123345297
PROD-4523;Crème Hydratante Elite;Beauté & Santé;249.0;1137;En stock;4.3;2026-04-04;8.31;3660123933655
PROD-4524;Brosse à Dents Électrique Quantum;Beauté & Santé;846.04;1373;En stock;4.3;2026-03-06;12.53;3660123675962
PROD-4525;Raquette de Tennis Apex;Sports & Loisirs;626.74;81;En stock;3.5;2025-10-28;13.16;3660123469394
PROD-4526;Vélo Tout Terrain Apex;Sports & Loisirs;682.16;1233;En stock;3.7;2024-08-28;1.15;3660123184560
PROD-4527;Raquette de Tennis Vortex;Sports & Loisirs;251.33;165;En stock;4.3;2024-11-22;3.82;3660123841457
PROD-4528;Tapis de Yoga Zenith;Sports & Loisirs;18.81;961;En stock;5.0;2025-11-02;0.15;3660123602777
PROD-4529;T-shirt en Coton Elite;Mode;730.57;609;En stock;4.1;2025-11-05;8.71;3660123741682
PROD-4530;Vélo Tout Terrain Zenith;Sports & Loisirs;598.32;1033;En stock;3.8;2025-02-28;1.97;3660123174126
PROD-4531;Friteuse sans Huile Apex;Maison & Cuisine;1057.3;1185;En stock;3.7;2025-09-17;11.74;3660123369698
PROD-4532;Crème Hydratante Elite;Beauté & Santé;473.09;350;En stock;3.3;2025-01-14;8.78;3660123452999
PROD-4533;Ordinateur Portable Nova;Électronique;923.29;670;En stock;4.2;2024-12-25;4.48;3660123710098
PROD-4534;Vélo Tout Terrain Elite;Sports & Loisirs;898.5;224;En stock;4.8;2025-12-21;13.87;3660123204335
PROD-4535;Tablette Quantum;Électronique;652.26;701;En stock;3.2;2024-08-23;14.66;3660123945872
PROD-4536;Vélo Tout Terrain Quantum;Sports & Loisirs;985.63;1239;En stock;3.0;2026-05-23;5.09;3660123131917
PROD-4537;T-shirt en Coton Quantum;Mode;316.17;291;En stock;3.3;2024-09-24;2.1;3660123836165
PROD-4538;Raquette de Tennis Quantum;Sports & Loisirs;1130.19;80;En stock;5.0;2024-07-22;13.26;3660123966185
PROD-4539;Machine à Café Elite;Maison & Cuisine;1074.93;229;En stock;3.3;2024-03-23;6.68;3660123930946
PROD-4540;Brosse à Dents Électrique Zenith;Beauté & Santé;1228.44;629;En stock;4.3;2026-01-29;10.26;3660123885516
PROD-4541;Jeans Slim Apex;Mode;101.07;330;En stock;3.9;2024-11-20;14.23;3660123543664
PROD-4542;Four à Micro-ondes Nova;Maison & Cuisine;100.72;626;En stock;4.2;2024-07-29;3.66;3660123210263
PROD-4543;Tablette Vortex;Électronique;529.54;493;En stock;3.1;2025-03-18;11.01;3660123450569
PROD-4544;Crème Hydratante Elite;Beauté & Santé;1081.37;54;En stock;3.5;2026-08-08;8.03;3660123634177
PROD-4545;Ordinateur Portable Elite;Électronique;548.54;1120;En stock;4.9;2026-01-02;1.48;3660123139252
PROD-4546;Ordinateur Portable Apex;Électronique;656.02;623;En stock;3.2;2024-09-15;0.45;3660123191481
PROD-4547;Tapis de Yoga Nova;Sports & Loisirs;677.95;865;En stock;3.1;2025-10-11;8.3;3660123658847
PROD-4548;Vélo Tout Terrain Nova;Sports & Loisirs;989.73;576;En stock;4.1;2025-08-10;7.23;3660123995521
PROD-4549;Ordinateur Portable Elite;Électronique;175.57;42;Stock faible;3.6;2025-10-21;4.74;3660123619648
PROD-4550;Jeans Slim Elite;Mode;274.35;625;En stock;3.3;2024-02-14;6.23;3660123169566
PROD-4551;Smartphone Zenith;Électronique;1098.05;3;Stock faible;3.1;2025-10-06;4.46;3660123308957
PROD-4552;Ordinateur Portable Zenith;Électronique;482.63;932;En stock;4.1;2024-05-16;0.81;3660123595303
PROD-4553;Machine à Café Elite;Maison & Cuisine;309.3;731;En stock;3.8;2026-05-31;14.93;3660123586804
PROD-4554;Aspirateur Robot Quantum;Maison & Cuisine;497.32;157;En stock;4.4;2026-03-30;11.49;3660123895349
PROD-4555;Parfum Elite;Beauté & Santé;724.3;929;En stock;4.0;2025-05-02;11.06;3660123489090
PROD-4556;Ordinateur Portable Vortex;Électronique;629.68;1344;En stock;3.2;2026-03-19;3.27;3660123663132
PROD-4557;Tablette Vortex;Électronique;297.93;934;En stock;4.3;2026-03-30;2.49;3660123391226
PROD-4558;Parfum Nova;Beauté & Santé;60.09;739;En stock;3.2;2024-09-15;4.85;3660123875174
PROD-4559;Parfum Vortex;Beauté & Santé;1052.94;173;En stock;4.3;2026-03-20;6.9;3660123859369
PROD-4560;Mélangeur Apex;Maison & Cuisine;704.72;1404;En stock;3.1;2025-08-15;9.89;3660123916693
PROD-4561;T-shirt en Coton Nova;Mode;818.02;219;En stock;3.7;2025-05-11;12.09;3660123634772
PROD-4562;Sac à Dos Nova;Mode;1180.24;217;En stock;4.5;2025-07-06;9.6;3660123350007
PROD-4563;Vélo Tout Terrain Apex;Sports & Loisirs;476.58;571;En stock;4.7;2025-09-07;2.95;3660123346979
PROD-4564;Brosse à Dents Électrique Quantum;Beauté & Santé;114.67;1154;En stock;3.6;2024-02-01;14.15;3660123338974
PROD-4565;Crème Hydratante Quantum;Beauté & Santé;1166.35;17;Stock faible;3.3;2024-02-25;11.11;3660123765727
PROD-4566;Écouteurs Sans Fil Nova;Électronique;601.63;1344;En stock;3.6;2024-02-26;10.33;3660123463190
PROD-4567;Veste d'Hiver Elite;Mode;444.17;448;En stock;4.3;2024-09-30;4.31;3660123896205
PROD-4568;Télévision 4K Vortex;Électronique;923.58;1387;En stock;3.8;2025-04-24;10.51;3660123627785
PROD-4569;Brosse à Dents Électrique Elite;Beauté & Santé;933.38;1494;En stock;3.3;2026-03-29;1.68;3660123132803
PROD-4570;Télévision 4K Nova;Électronique;886.08;18;Stock faible;4.9;2024-01-23;11.56;3660123748597
PROD-4571;Chaussures de Sport Apex;Mode;1283.44;355;En stock;3.6;2024-04-18;10.35;3660123484891
PROD-4572;Raquette de Tennis Elite;Sports & Loisirs;30.15;572;En stock;3.2;2026-06-28;0.44;3660123827770
PROD-4573;Sac à Dos Quantum;Mode;537.41;167;En stock;4.0;2024-09-20;14.27;3660123256169
PROD-4574;Vélo Tout Terrain Zenith;Sports & Loisirs;397.79;1019;En stock;3.1;2024-09-21;8.49;3660123534559
PROD-4575;Tapis de Yoga Apex;Sports & Loisirs;1048.7;240;En stock;4.0;2025-04-22;11.7;3660123342148
PROD-4576;Machine à Café Zenith;Maison & Cuisine;607.57;96;En stock;4.4;2025-11-06;4.48;3660123924002
PROD-4577;Télévision 4K Nova;Électronique;183.63;770;En stock;4.3;2026-03-02;8.0;3660123743368
PROD-4578;Haltères Vortex;Sports & Loisirs;1056.55;1391;En stock;3.1;2024-08-06;9.62;3660123159818
PROD-4579;Jeans Slim Vortex;Mode;1277.56;950;En stock;3.9;2025-09-01;13.19;3660123624509
PROD-4580;Brosse à Dents Électrique Zenith;Beauté & Santé;531.08;1174;En stock;3.3;2025-04-23;0.43;3660123996609
PROD-4581;Sèche-Cheveux Apex;Beauté & Santé;1208.52;1392;En stock;3.4;2024-04-05;7.72;3660123905100
PROD-4582;Jeans Slim Nova;Mode;329.21;541;En stock;4.8;2025-12-06;5.75;3660123489635
PROD-4583;Tablette Apex;Électronique;224.2;752;En stock;4.2;2026-07-08;12.27;3660123159631
PROD-4584;Ordinateur Portable Zenith;Électronique;322.21;942;En stock;3.5;2026-01-16;12.66;3660123471300
PROD-4585;Gourde Isotherme Zenith;Sports & Loisirs;46.54;1410;En stock;3.7;2025-01-24;2.16;3660123195849
PROD-4586;Machine à Café Apex;Maison & Cuisine;104.21;689;En stock;3.5;2025-10-14;1.09;3660123720623
PROD-4587;Montre Connectée Nova;Électronique;45.81;23;Stock faible;4.0;2024-09-10;11.08;3660123781170
PROD-4588;Brosse à Dents Électrique Apex;Beauté & Santé;1021.43;738;En stock;4.7;2024-06-29;1.22;3660123807680
PROD-4589;Veste d'Hiver Nova;Mode;844.27;868;En stock;4.6;2025-03-24;9.84;3660123356213
PROD-4590;Jeans Slim Vortex;Mode;352.5;278;En stock;3.6;2025-03-10;1.89;3660123972959
PROD-4591;Tapis de Yoga Elite;Sports & Loisirs;413.33;1272;En stock;4.1;2025-09-17;4.74;3660123870240
PROD-4592;Four à Micro-ondes Elite;Maison & Cuisine;119.99;563;En stock;4.7;2024-12-03;4.79;3660123559893
PROD-4593;Sac à Dos Nova;Mode;527.89;260;En stock;4.4;2025-10-01;5.59;3660123659790
PROD-4594;Écouteurs Sans Fil Vortex;Électronique;758.87;1345;En stock;3.6;2024-02-02;2.83;3660123300806
PROD-4595;Machine à Café Zenith;Maison & Cuisine;726.15;1214;En stock;3.5;2024-12-22;7.72;3660123827359
PROD-4596;Mélangeur Elite;Maison & Cuisine;231.09;1060;En stock;3.1;2024-01-29;13.9;3660123619923
PROD-4597;T-shirt en Coton Quantum;Mode;933.72;1041;En stock;3.2;2025-12-03;13.25;3660123761076
PROD-4598;Vélo Tout Terrain Zenith;Sports & Loisirs;344.42;603;En stock;4.8;2025-01-01;2.79;3660123837929
PROD-4599;Gourde Isotherme Quantum;Sports & Loisirs;632.32;584;En stock;4.6;2024-10-07;8.53;3660123377393
PROD-4600;Brosse à Dents Électrique Apex;Beauté & Santé;404.88;578;En stock;4.6;2024-02-19;6.58;3660123505308
PROD-4601;Brosse à Dents Électrique Quantum;Beauté & Santé;393.96;889;En stock;3.3;2026-01-29;10.11;3660123481843
PROD-4602;Jeans Slim Quantum;Mode;606.79;466;En stock;4.6;2026-04-15;14.96;3660123468717
PROD-4603;Chaussures de Sport Apex;Mode;761.81;286;En stock;3.2;2026-06-26;12.71;3660123125540
PROD-4604;Vélo Tout Terrain Zenith;Sports & Loisirs;336.72;725;En stock;4.5;2025-09-09;6.58;3660123197077
PROD-4605;Tapis de Yoga Vortex;Sports & Loisirs;1085.67;1258;En stock;4.7;2026-04-13;3.42;3660123983328
PROD-4606;Chaussures de Sport Apex;Mode;578.05;293;En stock;3.8;2024-05-19;5.47;3660123932583
PROD-4607;Montre Connectée Quantum;Électronique;392.67;254;En stock;4.4;2026-03-03;0.95;3660123238093
PROD-4608;T-shirt en Coton Elite;Mode;1074.54;1393;En stock;5.0;2026-03-06;8.81;3660123358500
PROD-4609;Crème Hydratante Zenith;Beauté & Santé;1219.79;941;En stock;4.1;2025-01-01;2.41;3660123354591
PROD-4610;Tapis de Yoga Quantum;Sports & Loisirs;773.06;541;En stock;4.1;2026-01-13;4.01;3660123937223
PROD-4611;Sac à Dos Elite;Mode;975.5;725;En stock;4.4;2024-12-28;12.66;3660123868654
PROD-4612;Sèche-Cheveux Nova;Beauté & Santé;588.72;395;En stock;4.5;2025-05-19;10.67;3660123401881
PROD-4613;Four à Micro-ondes Elite;Maison & Cuisine;147.34;468;En stock;3.3;2024-05-28;13.98;3660123393454
PROD-4614;Ordinateur Portable Nova;Électronique;783.6;427;En stock;3.8;2025-11-12;13.72;3660123598909
PROD-4615;Tapis de Yoga Quantum;Sports & Loisirs;537.15;554;En stock;4.4;2026-02-23;10.03;3660123142399
PROD-4616;Chaussures de Sport Zenith;Mode;866.27;203;En stock;3.2;2025-07-19;5.73;3660123629154
PROD-4617;Smartphone Apex;Électronique;461.77;278;En stock;4.4;2026-04-03;2.06;3660123853358
PROD-4618;Brosse à Dents Électrique Apex;Beauté & Santé;625.1;1330;En stock;3.6;2025-10-13;5.14;3660123473824
PROD-4619;Friteuse sans Huile Elite;Maison & Cuisine;1232.1;905;En stock;4.6;2026-07-10;6.36;3660123604909
PROD-4620;Jeans Slim Nova;Mode;816.18;651;En stock;4.4;2024-08-10;13.67;3660123340372
PROD-4621;Vélo Tout Terrain Elite;Sports & Loisirs;1025.91;1465;En stock;3.9;2024-08-09;9.16;3660123907127
PROD-4622;Brosse à Dents Électrique Apex;Beauté & Santé;1074.07;705;En stock;3.2;2024-01-13;2.16;3660123101483
PROD-4623;Gourde Isotherme Nova;Sports & Loisirs;97.34;396;En stock;4.8;2025-10-03;3.85;3660123830761
PROD-4624;Parfum Vortex;Beauté & Santé;869.75;783;En stock;4.9;2026-08-06;12.49;3660123327096
PROD-4625;Tapis de Yoga Zenith;Sports & Loisirs;1174.35;975;En stock;3.5;2024-01-27;5.41;3660123104510
PROD-4626;Brosse à Dents Électrique Apex;Beauté & Santé;727.38;454;En stock;3.1;2026-04-09;8.57;3660123478904
PROD-4627;Télévision 4K Vortex;Électronique;280.36;477;En stock;3.9;2026-05-20;12.46;3660123338797
PROD-4628;Ordinateur Portable Vortex;Électronique;624.46;394;En stock;4.8;2024-10-08;14.13;3660123878123
PROD-4629;Sac à Dos Zenith;Mode;76.65;327;En stock;4.4;2025-04-09;10.08;3660123491242
PROD-4630;Sèche-Cheveux Vortex;Beauté & Santé;202.69;1114;En stock;4.4;2024-01-01;9.15;3660123595000
PROD-4631;Machine à Café Apex;Maison & Cuisine;733.39;1286;En stock;4.0;2026-06-11;2.43;3660123889760
PROD-4632;Tablette Vortex;Électronique;1100.39;571;En stock;3.7;2024-09-08;8.98;3660123774423
PROD-4633;Sac à Dos Quantum;Mode;1006.42;269;En stock;3.5;2024-03-18;12.21;3660123950071
PROD-4634;Parfum Zenith;Beauté & Santé;158.32;738;En stock;3.9;2025-09-27;0.54;3660123275479
PROD-4635;Aspirateur Robot Vortex;Maison & Cuisine;688.24;116;En stock;4.6;2026-06-03;0.15;3660123734397
PROD-4636;T-shirt en Coton Quantum;Mode;443.71;346;En stock;4.9;2026-01-21;4.27;3660123331772
PROD-4637;Smartphone Quantum;Électronique;672.07;1118;En stock;3.8;2025-10-27;5.31;3660123834703
PROD-4638;Haltères Zenith;Sports & Loisirs;890.77;692;En stock;4.9;2024-01-06;8.86;3660123702973
PROD-4639;Écouteurs Sans Fil Zenith;Électronique;65.58;1266;En stock;4.7;2025-03-24;2.72;3660123360159
PROD-4640;Gourde Isotherme Vortex;Sports & Loisirs;385.73;805;En stock;3.3;2024-07-01;7.58;3660123455589
PROD-4641;Tablette Apex;Électronique;381.55;1412;En stock;3.3;2024-11-11;11.92;3660123336941
PROD-4642;Crème Hydratante Elite;Beauté & Santé;427.89;94;En stock;4.4;2025-12-06;3.96;3660123520862
PROD-4643;Aspirateur Robot Quantum;Maison & Cuisine;1140.99;534;En stock;4.3;2024-10-29;9.11;3660123310963
PROD-4644;Crème Hydratante Apex;Beauté & Santé;559.2;1464;En stock;4.5;2025-01-21;6.79;3660123135140
PROD-4645;Raquette de Tennis Elite;Sports & Loisirs;732.06;1423;En stock;3.8;2025-06-07;11.06;3660123830305
PROD-4646;Sac à Dos Zenith;Mode;586.0;1270;En stock;3.2;2026-02-08;1.38;3660123514493
PROD-4647;Gourde Isotherme Elite;Sports & Loisirs;205.08;878;En stock;3.6;2024-04-03;7.61;3660123755165
PROD-4648;Friteuse sans Huile Quantum;Maison & Cuisine;703.98;649;En stock;3.4;2025-04-29;0.88;3660123267885
PROD-4649;Sac à Dos Nova;Mode;1143.66;224;En stock;3.9;2024-09-29;5.41;3660123802540
PROD-4650;Brosse à Dents Électrique Zenith;Beauté & Santé;1277.0;898;En stock;4.1;2024-10-03;6.66;3660123406944
PROD-4651;Télévision 4K Elite;Électronique;770.03;796;En stock;3.7;2026-04-01;7.68;3660123568772
PROD-4652;Chaussures de Sport Vortex;Mode;240.17;884;En stock;4.8;2026-07-13;8.88;3660123893616
PROD-4653;Ordinateur Portable Elite;Électronique;1260.04;1485;En stock;3.3;2024-08-01;14.46;3660123914024
PROD-4654;Tapis de Yoga Nova;Sports & Loisirs;479.82;990;En stock;5.0;2024-03-15;2.4;3660123361271
PROD-4655;Smartphone Vortex;Électronique;1016.74;937;En stock;4.3;2026-06-02;8.68;3660123925933
PROD-4656;Sèche-Cheveux Zenith;Beauté & Santé;312.02;1445;En stock;3.6;2024-12-14;11.66;3660123499148
PROD-4657;Smartphone Vortex;Électronique;706.14;1482;En stock;4.7;2026-06-15;13.1;3660123614961
PROD-4658;Brosse à Dents Électrique Quantum;Beauté & Santé;852.83;94;En stock;4.4;2024-07-29;0.56;3660123381718
PROD-4659;Ordinateur Portable Elite;Électronique;533.29;1339;En stock;3.4;2025-08-25;7.78;3660123554749
PROD-4660;Crème Hydratante Vortex;Beauté & Santé;1158.12;1233;En stock;5.0;2025-03-30;13.0;3660123941693
PROD-4661;Tapis de Yoga Elite;Sports & Loisirs;652.84;89;En stock;3.9;2024-01-26;7.53;3660123495656
PROD-4662;Écouteurs Sans Fil Nova;Électronique;329.29;911;En stock;3.1;2024-02-22;11.78;3660123868874
PROD-4663;Sèche-Cheveux Elite;Beauté & Santé;1129.3;999;En stock;5.0;2026-07-02;14.26;3660123306543
PROD-4664;Raquette de Tennis Quantum;Sports & Loisirs;116.35;1491;En stock;4.3;2026-05-17;13.56;3660123349940
PROD-4665;Parfum Quantum;Beauté & Santé;250.52;162;En stock;4.8;2026-07-02;7.22;3660123613584
PROD-4666;T-shirt en Coton Elite;Mode;429.28;767;En stock;4.7;2025-03-23;6.49;3660123648953
PROD-4667;Mélangeur Vortex;Maison & Cuisine;944.51;629;En stock;3.1;2024-06-23;7.39;3660123479110
PROD-4668;Aspirateur Robot Zenith;Maison & Cuisine;150.38;1237;En stock;4.0;2025-04-26;2.68;3660123317306
PROD-4669;Sac à Dos Nova;Mode;115.97;329;En stock;3.3;2025-12-31;3.36;3660123713659
PROD-4670;Brosse à Dents Électrique Apex;Beauté & Santé;415.11;48;Stock faible;3.0;2025-12-16;12.35;3660123321901
PROD-4671;Aspirateur Robot Zenith;Maison & Cuisine;936.69;1047;En stock;3.5;2026-03-10;5.33;3660123575402
PROD-4672;Tapis de Yoga Zenith;Sports & Loisirs;1080.75;1365;En stock;3.5;2026-01-21;14.26;3660123781473
PROD-4673;Gourde Isotherme Apex;Sports & Loisirs;392.73;855;En stock;4.1;2026-05-07;3.54;3660123188624
PROD-4674;Télévision 4K Elite;Électronique;1066.23;635;En stock;3.7;2025-10-30;6.07;3660123925135
PROD-4675;Gourde Isotherme Zenith;Sports & Loisirs;1063.17;1473;En stock;3.9;2025-02-14;12.93;3660123604006
PROD-4676;Tapis de Yoga Vortex;Sports & Loisirs;465.09;17;Stock faible;4.0;2026-01-25;13.93;3660123991151
PROD-4677;Friteuse sans Huile Quantum;Maison & Cuisine;410.99;656;En stock;4.9;2024-03-13;7.42;3660123165035
PROD-4678;Sac à Dos Vortex;Mode;703.09;1013;En stock;4.1;2025-08-30;8.42;3660123611338
PROD-4679;Four à Micro-ondes Zenith;Maison & Cuisine;395.81;564;En stock;3.3;2024-01-06;6.52;3660123820307
PROD-4680;Crème Hydratante Elite;Beauté & Santé;62.35;1243;En stock;3.3;2026-04-26;8.09;3660123921702
PROD-4681;Friteuse sans Huile Quantum;Maison & Cuisine;1022.8;564;En stock;3.1;2025-01-24;12.03;3660123246478
PROD-4682;Chaussures de Sport Quantum;Mode;270.79;76;En stock;3.5;2026-03-30;13.01;3660123369424
PROD-4683;Aspirateur Robot Nova;Maison & Cuisine;124.75;1426;En stock;3.4;2025-08-03;12.33;3660123350678
PROD-4684;Aspirateur Robot Apex;Maison & Cuisine;149.95;229;En stock;4.6;2025-06-04;4.02;3660123122494
PROD-4685;Haltères Zenith;Sports & Loisirs;657.27;662;En stock;3.7;2025-05-25;4.86;3660123239911
PROD-4686;Veste d'Hiver Nova;Mode;744.66;213;En stock;3.7;2024-10-10;2.97;3660123738176
PROD-4687;Haltères Zenith;Sports & Loisirs;596.71;1071;En stock;3.4;2024-03-15;14.07;3660123699649
PROD-4688;Brosse à Dents Électrique Elite;Beauté & Santé;657.15;1459;En stock;4.9;2025-11-03;3.7;3660123466055
PROD-4689;Gourde Isotherme Vortex;Sports & Loisirs;567.3;506;En stock;4.3;2024-07-27;12.14;3660123668966
PROD-4690;Crème Hydratante Elite;Beauté & Santé;1151.93;1100;En stock;3.9;2024-09-13;1.12;3660123785062
PROD-4691;Brosse à Dents Électrique Zenith;Beauté & Santé;1228.46;792;En stock;4.8;2025-12-10;1.93;3660123744588
PROD-4692;Sèche-Cheveux Elite;Beauté & Santé;567.48;540;En stock;4.7;2025-09-09;4.67;3660123593383
PROD-4693;Vélo Tout Terrain Vortex;Sports & Loisirs;262.73;1400;En stock;4.9;2024-10-17;2.15;3660123650723
PROD-4694;T-shirt en Coton Quantum;Mode;1256.26;937;En stock;3.4;2025-05-07;8.51;3660123979186
PROD-4695;Sèche-Cheveux Apex;Beauté & Santé;1058.31;8;Stock faible;3.3;2026-04-16;12.75;3660123952691
PROD-4696;Tablette Apex;Électronique;886.77;1270;En stock;3.6;2026-01-07;11.14;3660123233386
PROD-4697;Ordinateur Portable Vortex;Électronique;1242.08;930;En stock;3.3;2026-07-26;2.02;3660123913533
PROD-4698;T-shirt en Coton Vortex;Mode;63.48;561;En stock;4.8;2026-01-18;11.97;3660123279853
PROD-4699;Veste d'Hiver Quantum;Mode;898.32;308;En stock;3.1;2025-02-04;5.12;3660123527854
PROD-4700;Machine à Café Vortex;Maison & Cuisine;283.65;1388;En stock;3.7;2025-06-18;2.42;3660123297772
PROD-4701;Four à Micro-ondes Nova;Maison & Cuisine;426.7;1379;En stock;4.1;2024-10-10;0.32;3660123156260
PROD-4702;Haltères Zenith;Sports & Loisirs;1228.27;1219;En stock;4.5;2026-05-08;4.33;3660123805232
PROD-4703;Jeans Slim Apex;Mode;192.06;579;En stock;4.1;2024-07-13;11.32;3660123463357
PROD-4704;Télévision 4K Zenith;Électronique;486.09;1229;En stock;3.4;2026-06-06;3.78;3660123293039
PROD-4705;Sèche-Cheveux Vortex;Beauté & Santé;835.14;1157;En stock;4.2;2025-04-21;0.46;3660123377870
PROD-4706;T-shirt en Coton Zenith;Mode;1206.95;414;En stock;3.2;2026-07-18;9.33;3660123590793
PROD-4707;Tapis de Yoga Elite;Sports & Loisirs;728.86;482;En stock;4.4;2025-12-20;10.37;3660123235495
PROD-4708;Gourde Isotherme Elite;Sports & Loisirs;839.55;1002;En stock;3.9;2024-12-17;3.93;3660123517162
PROD-4709;Télévision 4K Nova;Électronique;582.51;974;En stock;4.9;2024-12-11;4.88;3660123684493
PROD-4710;Écouteurs Sans Fil Quantum;Électronique;1219.51;368;En stock;4.8;2025-02-20;6.48;3660123456081
PROD-4711;Friteuse sans Huile Nova;Maison & Cuisine;1040.23;1181;En stock;4.5;2024-05-10;9.15;3660123287938
PROD-4712;Tapis de Yoga Nova;Sports & Loisirs;1250.61;708;En stock;3.1;2025-10-19;1.56;3660123367054
PROD-4713;Machine à Café Vortex;Maison & Cuisine;75.19;322;En stock;3.9;2026-05-25;11.14;3660123742812
PROD-4714;Sac à Dos Nova;Mode;1160.2;914;En stock;3.9;2024-08-08;10.6;3660123972660
PROD-4715;Sèche-Cheveux Nova;Beauté & Santé;787.89;1236;En stock;4.7;2024-08-14;6.8;3660123217358
PROD-4716;Sèche-Cheveux Nova;Beauté & Santé;1282.44;709;En stock;4.2;2025-08-03;10.48;3660123480246
PROD-4717;Chaussures de Sport Elite;Mode;1196.9;589;En stock;4.6;2024-03-27;11.87;3660123193923
PROD-4718;Vélo Tout Terrain Nova;Sports & Loisirs;53.33;1446;En stock;3.8;2025-10-31;10.85;3660123440999
PROD-4719;Sèche-Cheveux Apex;Beauté & Santé;14.96;565;En stock;4.7;2024-07-13;5.97;3660123326063
PROD-4720;Haltères Zenith;Sports & Loisirs;333.75;328;En stock;4.5;2025-07-30;12.14;3660123538727
PROD-4721;Sèche-Cheveux Zenith;Beauté & Santé;200.08;1413;En stock;4.5;2026-08-03;10.64;3660123762218
PROD-4722;Télévision 4K Elite;Électronique;203.81;904;En stock;3.8;2025-05-27;3.66;3660123264847
PROD-4723;Raquette de Tennis Apex;Sports & Loisirs;1102.85;1038;En stock;4.8;2026-07-31;6.75;3660123671858
PROD-4724;Chaussures de Sport Apex;Mode;82.72;447;En stock;3.4;2026-02-07;5.64;3660123141410
PROD-4725;Smartphone Vortex;Électronique;65.96;122;En stock;4.3;2024-08-04;9.55;3660123247336
PROD-4726;Sac à Dos Elite;Mode;1119.99;1321;En stock;4.9;2025-04-01;13.28;3660123397466
PROD-4727;Haltères Vortex;Sports & Loisirs;543.0;981;En stock;3.3;2025-11-04;4.71;3660123584988
PROD-4728;Ordinateur Portable Zenith;Électronique;363.73;862;En stock;4.3;2024-08-13;2.84;3660123400985
PROD-4729;Haltères Elite;Sports & Loisirs;1027.74;1372;En stock;3.8;2026-06-03;7.97;3660123962257
PROD-4730;Écouteurs Sans Fil Zenith;Électronique;975.64;411;En stock;3.7;2025-04-21;4.76;3660123313923
PROD-4731;T-shirt en Coton Vortex;Mode;482.71;1493;En stock;4.7;2025-05-26;6.0;3660123807389
PROD-4732;Haltères Elite;Sports & Loisirs;1063.94;739;En stock;4.8;2025-02-22;4.98;3660123531846
PROD-4733;Smartphone Elite;Électronique;1198.79;468;En stock;4.4;2025-04-03;11.18;3660123260900
PROD-4734;Friteuse sans Huile Quantum;Maison & Cuisine;960.41;1056;En stock;3.5;2024-05-23;1.42;3660123691348
PROD-4735;Machine à Café Nova;Maison & Cuisine;430.62;1499;En stock;3.5;2024-12-27;7.25;3660123716430
PROD-4736;Jeans Slim Quantum;Mode;837.1;470;En stock;4.0;2025-02-27;0.77;3660123173491
PROD-4737;Jeans Slim Quantum;Mode;405.87;117;En stock;3.4;2026-05-16;7.13;3660123671603
PROD-4738;Ordinateur Portable Quantum;Électronique;210.27;1209;En stock;4.1;2024-05-04;0.34;3660123917011
PROD-4739;Mélangeur Elite;Maison & Cuisine;986.79;637;En stock;4.8;2025-11-18;2.93;3660123260252
PROD-4740;Friteuse sans Huile Elite;Maison & Cuisine;486.36;178;En stock;4.4;2025-11-20;10.04;3660123420457
PROD-4741;Parfum Nova;Beauté & Santé;728.51;52;En stock;3.9;2025-03-18;10.19;3660123800044
PROD-4742;Crème Hydratante Nova;Beauté & Santé;788.45;1117;En stock;3.9;2024-08-05;9.92;3660123788150
PROD-4743;Chaussures de Sport Quantum;Mode;600.69;1277;En stock;3.0;2025-03-24;7.64;3660123425796
PROD-4744;Chaussures de Sport Quantum;Mode;1274.89;772;En stock;4.2;2025-12-05;8.47;3660123552386
PROD-4745;Montre Connectée Vortex;Électronique;827.57;430;En stock;4.0;2025-06-01;2.47;3660123815418
PROD-4746;T-shirt en Coton Vortex;Mode;431.79;1186;En stock;3.4;2026-03-17;9.53;3660123273190
PROD-4747;Parfum Nova;Beauté & Santé;496.32;1158;En stock;4.5;2024-05-29;3.24;3660123915856
PROD-4748;Mélangeur Quantum;Maison & Cuisine;957.38;325;En stock;4.0;2025-10-09;14.19;3660123852709
PROD-4749;Raquette de Tennis Elite;Sports & Loisirs;791.39;339;En stock;3.9;2024-02-26;10.94;3660123383620
PROD-4750;Vélo Tout Terrain Nova;Sports & Loisirs;1017.42;1392;En stock;3.5;2025-10-15;3.85;3660123551331
PROD-4751;Gourde Isotherme Apex;Sports & Loisirs;69.29;205;En stock;4.9;2024-11-01;9.03;3660123879769
PROD-4752;Tapis de Yoga Vortex;Sports & Loisirs;72.16;775;En stock;4.7;2025-02-09;2.62;3660123953284
PROD-4753;Parfum Elite;Beauté & Santé;972.6;1424;En stock;4.0;2025-04-27;14.15;3660123746000
PROD-4754;Mélangeur Zenith;Maison & Cuisine;789.24;521;En stock;4.8;2026-02-11;3.76;3660123934995
PROD-4755;Crème Hydratante Apex;Beauté & Santé;680.97;874;En stock;4.2;2024-11-27;6.31;3660123190888
PROD-4756;Mélangeur Zenith;Maison & Cuisine;70.68;1149;En stock;5.0;2024-08-21;10.46;3660123346766
PROD-4757;Tablette Nova;Électronique;712.34;248;En stock;3.8;2026-01-28;2.94;3660123591694
PROD-4758;Raquette de Tennis Apex;Sports & Loisirs;1047.8;1321;En stock;4.7;2026-07-29;3.13;3660123617823
PROD-4759;Brosse à Dents Électrique Elite;Beauté & Santé;1260.94;1128;En stock;4.6;2024-04-03;11.66;3660123265415
PROD-4760;Aspirateur Robot Apex;Maison & Cuisine;507.36;196;En stock;4.0;2025-01-10;2.79;3660123106190
PROD-4761;Machine à Café Vortex;Maison & Cuisine;138.22;311;En stock;3.4;2026-08-08;3.0;3660123953214
PROD-4762;Vélo Tout Terrain Elite;Sports & Loisirs;95.86;9;Stock faible;4.2;2024-06-30;1.29;3660123608595
PROD-4763;Ordinateur Portable Nova;Électronique;167.62;1218;En stock;4.8;2025-05-10;2.89;3660123974243
PROD-4764;Ordinateur Portable Vortex;Électronique;458.5;37;Stock faible;4.8;2024-09-07;1.56;3660123910846
PROD-4765;Gourde Isotherme Elite;Sports & Loisirs;423.05;1178;En stock;4.4;2024-01-15;0.22;3660123105980
PROD-4766;Montre Connectée Vortex;Électronique;834.11;162;En stock;4.9;2025-01-20;13.05;3660123983839
PROD-4767;Machine à Café Zenith;Maison & Cuisine;1106.41;1084;En stock;3.5;2024-08-11;11.78;3660123635101
PROD-4768;Tapis de Yoga Zenith;Sports & Loisirs;1187.95;640;En stock;3.6;2025-05-19;4.64;3660123748865
PROD-4769;Smartphone Quantum;Électronique;1269.51;119;En stock;4.8;2025-12-07;8.33;3660123111319
PROD-4770;Four à Micro-ondes Nova;Maison & Cuisine;697.61;381;En stock;4.8;2026-05-14;3.89;3660123148850
PROD-4771;Brosse à Dents Électrique Elite;Beauté & Santé;1288.72;1472;En stock;4.0;2026-05-31;13.06;3660123862409
PROD-4772;Mélangeur Elite;Maison & Cuisine;930.27;1313;En stock;3.2;2026-05-07;3.15;3660123218757
PROD-4773;Tapis de Yoga Apex;Sports & Loisirs;493.3;1229;En stock;4.7;2024-08-07;2.75;3660123831794
PROD-4774;Tablette Nova;Électronique;189.08;717;En stock;3.4;2025-04-06;5.83;3660123478479
PROD-4775;Aspirateur Robot Nova;Maison & Cuisine;123.84;228;En stock;3.2;2025-04-23;8.5;3660123860790
PROD-4776;Jeans Slim Vortex;Mode;1241.38;440;En stock;3.3;2025-01-30;7.46;3660123127863
PROD-4777;Montre Connectée Apex;Électronique;527.14;1035;En stock;3.2;2026-04-02;6.55;3660123591028
PROD-4778;Parfum Elite;Beauté & Santé;185.04;1224;En stock;3.0;2024-11-23;1.53;3660123297973
PROD-4779;Parfum Zenith;Beauté & Santé;982.67;885;En stock;3.9;2026-03-09;0.33;3660123279428
PROD-4780;Tablette Vortex;Électronique;395.53;989;En stock;4.4;2024-12-12;3.21;3660123998765
PROD-4781;Écouteurs Sans Fil Elite;Électronique;25.37;404;En stock;3.2;2025-06-18;4.29;3660123177867
PROD-4782;Montre Connectée Zenith;Électronique;45.42;660;En stock;4.6;2024-01-03;7.96;3660123626176
PROD-4783;Jeans Slim Vortex;Mode;385.66;1002;En stock;3.9;2024-08-26;11.75;3660123628700
PROD-4784;Chaussures de Sport Quantum;Mode;796.85;101;En stock;4.5;2025-07-26;9.86;3660123338259
PROD-4785;Montre Connectée Quantum;Électronique;516.58;1351;En stock;3.6;2024-02-11;5.16;3660123634707
PROD-4786;Mélangeur Zenith;Maison & Cuisine;936.06;15;Stock faible;3.2;2026-07-13;2.53;3660123275110
PROD-4787;Raquette de Tennis Quantum;Sports & Loisirs;322.65;1484;En stock;3.3;2024-07-10;8.51;3660123223527
PROD-4788;Brosse à Dents Électrique Nova;Beauté & Santé;24.03;221;En stock;3.2;2024-06-10;1.04;3660123302666
PROD-4789;T-shirt en Coton Quantum;Mode;1165.04;785;En stock;4.1;2024-03-15;13.3;3660123725515
PROD-4790;Écouteurs Sans Fil Apex;Électronique;240.6;84;En stock;3.8;2024-03-06;1.09;3660123591848
PROD-4791;Chaussures de Sport Apex;Mode;937.52;943;En stock;3.1;2025-02-06;4.15;3660123468725
PROD-4792;Raquette de Tennis Quantum;Sports & Loisirs;1186.93;1138;En stock;3.8;2024-07-18;9.5;3660123193915
PROD-4793;Mélangeur Apex;Maison & Cuisine;587.69;1352;En stock;4.2;2024-11-11;9.56;3660123669402
PROD-4794;Ordinateur Portable Vortex;Électronique;1277.63;1067;En stock;3.2;2024-03-04;13.72;3660123204646
PROD-4795;Veste d'Hiver Elite;Mode;534.86;1423;En stock;3.8;2025-03-25;6.3;3660123174686
PROD-4796;Crème Hydratante Nova;Beauté & Santé;355.68;817;En stock;4.5;2024-04-08;7.31;3660123695847
PROD-4797;Aspirateur Robot Quantum;Maison & Cuisine;554.58;678;En stock;3.2;2026-07-10;7.3;3660123589371
PROD-4798;Ordinateur Portable Nova;Électronique;868.46;1136;En stock;3.0;2025-12-21;14.78;3660123341175
PROD-4799;Chaussures de Sport Vortex;Mode;1137.42;901;En stock;3.9;2024-05-19;4.91;3660123298806
PROD-4800;Aspirateur Robot Vortex;Maison & Cuisine;1193.44;1302;En stock;4.2;2025-12-07;2.82;3660123380780
PROD-4801;Parfum Nova;Beauté & Santé;475.37;1028;En stock;4.0;2025-04-14;14.36;3660123749487
PROD-4802;Brosse à Dents Électrique Nova;Beauté & Santé;820.91;695;En stock;4.4;2026-07-02;10.3;3660123116668
PROD-4803;Mélangeur Apex;Maison & Cuisine;1163.61;1254;En stock;3.5;2025-05-30;6.07;3660123544269
PROD-4804;Friteuse sans Huile Vortex;Maison & Cuisine;407.74;786;En stock;3.6;2024-10-19;4.07;3660123810231
PROD-4805;Vélo Tout Terrain Vortex;Sports & Loisirs;728.83;653;En stock;4.4;2025-02-06;11.96;3660123463649
PROD-4806;Machine à Café Vortex;Maison & Cuisine;109.89;1132;En stock;3.8;2025-04-09;6.14;3660123927362
PROD-4807;Four à Micro-ondes Nova;Maison & Cuisine;440.19;462;En stock;4.7;2026-05-27;4.74;3660123103117
PROD-4808;Vélo Tout Terrain Apex;Sports & Loisirs;1109.2;841;En stock;3.8;2024-09-08;4.13;3660123161971
PROD-4809;Écouteurs Sans Fil Elite;Électronique;1142.0;188;En stock;3.7;2025-12-07;3.02;3660123822505
PROD-4810;Jeans Slim Quantum;Mode;283.19;350;En stock;4.6;2025-06-24;8.39;3660123290785
PROD-4811;Machine à Café Zenith;Maison & Cuisine;602.58;580;En stock;3.6;2025-01-07;5.51;3660123851411
PROD-4812;Montre Connectée Elite;Électronique;1226.84;416;En stock;3.5;2024-10-24;14.02;3660123188135
PROD-4813;Smartphone Quantum;Électronique;447.99;1179;En stock;3.5;2025-08-04;5.05;3660123772708
PROD-4814;Jeans Slim Apex;Mode;824.98;1088;En stock;4.4;2024-07-02;12.86;3660123905595
PROD-4815;Chaussures de Sport Nova;Mode;662.3;751;En stock;3.1;2025-10-01;1.76;3660123527683
PROD-4816;Chaussures de Sport Elite;Mode;797.47;515;En stock;4.3;2024-10-22;2.75;3660123725194
PROD-4817;Parfum Nova;Beauté & Santé;336.6;1491;En stock;3.4;2024-08-07;9.81;3660123751974
PROD-4818;Parfum Zenith;Beauté & Santé;996.42;1167;En stock;4.6;2025-01-03;3.67;3660123102202
PROD-4819;Télévision 4K Zenith;Électronique;1054.27;534;En stock;3.7;2025-10-28;1.22;3660123654730
PROD-4820;Mélangeur Quantum;Maison & Cuisine;1149.63;363;En stock;4.8;2026-07-08;3.6;3660123456100
PROD-4821;Raquette de Tennis Nova;Sports & Loisirs;345.49;402;En stock;5.0;2024-01-27;10.89;3660123196248
PROD-4822;Mélangeur Quantum;Maison & Cuisine;1273.79;488;En stock;4.5;2025-07-01;9.64;3660123966010
PROD-4823;Vélo Tout Terrain Zenith;Sports & Loisirs;275.2;97;En stock;5.0;2025-10-12;1.16;3660123381701
PROD-4824;Tapis de Yoga Quantum;Sports & Loisirs;552.72;1209;En stock;3.8;2026-01-12;0.49;3660123948300
PROD-4825;Parfum Nova;Beauté & Santé;977.43;633;En stock;4.2;2026-06-21;12.2;3660123937790
PROD-4826;Tablette Quantum;Électronique;781.05;1433;En stock;4.3;2025-01-30;5.14;3660123545372
PROD-4827;Écouteurs Sans Fil Quantum;Électronique;117.74;1190;En stock;3.0;2024-04-20;13.52;3660123433888
PROD-4828;Ordinateur Portable Elite;Électronique;1288.3;166;En stock;3.8;2024-01-02;13.66;3660123898532
PROD-4829;Ordinateur Portable Quantum;Électronique;222.91;1271;En stock;4.1;2026-03-19;14.93;3660123636281
PROD-4830;Machine à Café Apex;Maison & Cuisine;1203.89;123;En stock;4.1;2026-06-28;1.29;3660123883844
PROD-4831;Crème Hydratante Nova;Beauté & Santé;489.77;946;En stock;4.2;2026-02-20;5.77;3660123733875
PROD-4832;Raquette de Tennis Zenith;Sports & Loisirs;221.46;126;En stock;4.3;2024-10-19;1.36;3660123978861
PROD-4833;Jeans Slim Zenith;Mode;516.0;1314;En stock;4.0;2026-05-12;7.38;3660123358674
PROD-4834;Parfum Apex;Beauté & Santé;936.73;724;En stock;4.2;2024-06-22;7.83;3660123984009
PROD-4835;Sac à Dos Elite;Mode;1128.6;559;En stock;3.9;2024-11-27;9.93;3660123831412
PROD-4836;Vélo Tout Terrain Quantum;Sports & Loisirs;915.99;1246;En stock;4.0;2025-08-30;3.52;3660123456530
PROD-4837;Chaussures de Sport Quantum;Mode;751.46;1351;En stock;4.6;2025-10-18;8.07;3660123972222
PROD-4838;Four à Micro-ondes Quantum;Maison & Cuisine;570.56;960;En stock;3.6;2025-10-02;1.59;3660123486894
PROD-4839;Brosse à Dents Électrique Vortex;Beauté & Santé;361.64;1377;En stock;4.1;2024-11-20;0.17;3660123394378
PROD-4840;Friteuse sans Huile Apex;Maison & Cuisine;1268.05;698;En stock;4.9;2025-03-20;11.16;3660123239846
PROD-4841;Crème Hydratante Vortex;Beauté & Santé;826.14;1267;En stock;4.3;2025-01-27;6.44;3660123115810
PROD-4842;Parfum Nova;Beauté & Santé;470.81;1385;En stock;3.9;2026-07-28;5.95;3660123609785
PROD-4843;T-shirt en Coton Nova;Mode;122.31;181;En stock;4.0;2024-05-12;5.9;3660123795505
PROD-4844;Four à Micro-ondes Zenith;Maison & Cuisine;1091.6;585;En stock;4.8;2025-06-23;0.45;3660123923189
PROD-4845;Mélangeur Zenith;Maison & Cuisine;761.32;124;En stock;4.0;2026-03-16;9.14;3660123345506
PROD-4846;Chaussures de Sport Zenith;Mode;320.11;322;En stock;4.6;2025-10-18;3.74;3660123910426
PROD-4847;Raquette de Tennis Zenith;Sports & Loisirs;59.1;915;En stock;4.4;2025-03-03;13.83;3660123480131
PROD-4848;Chaussures de Sport Nova;Mode;636.72;516;En stock;4.1;2026-02-06;12.0;3660123469748
PROD-4849;Mélangeur Apex;Maison & Cuisine;229.89;677;En stock;4.9;2026-02-01;8.31;3660123404548
PROD-4850;Gourde Isotherme Vortex;Sports & Loisirs;1100.95;105;En stock;3.2;2025-05-18;12.1;3660123910400
PROD-4851;Machine à Café Quantum;Maison & Cuisine;769.79;1299;En stock;4.8;2025-09-28;4.18;3660123818958
PROD-4852;Haltères Nova;Sports & Loisirs;279.63;1278;En stock;3.8;2024-09-17;10.21;3660123713208
PROD-4853;Sèche-Cheveux Nova;Beauté & Santé;87.67;458;En stock;4.3;2024-12-13;4.11;3660123558916
PROD-4854;Smartphone Vortex;Électronique;348.26;183;En stock;3.7;2026-01-01;1.32;3660123235164
PROD-4855;Jeans Slim Quantum;Mode;737.85;655;En stock;3.9;2024-11-23;3.4;3660123828476
PROD-4856;Crème Hydratante Apex;Beauté & Santé;922.23;413;En stock;4.4;2025-09-14;13.07;3660123493337
PROD-4857;Mélangeur Nova;Maison & Cuisine;803.37;854;En stock;3.1;2024-05-13;10.87;3660123884164
PROD-4858;Aspirateur Robot Zenith;Maison & Cuisine;86.81;725;En stock;3.3;2025-02-11;11.88;3660123314426
PROD-4859;Chaussures de Sport Apex;Mode;98.93;1226;En stock;4.0;2025-05-22;2.91;3660123250914
PROD-4860;Brosse à Dents Électrique Elite;Beauté & Santé;503.28;715;En stock;5.0;2026-07-03;12.47;3660123791023
PROD-4861;Friteuse sans Huile Apex;Maison & Cuisine;380.03;1457;En stock;4.9;2024-03-08;7.27;3660123943525
PROD-4862;Tapis de Yoga Nova;Sports & Loisirs;271.0;1387;En stock;3.5;2025-05-31;12.25;3660123406053
PROD-4863;T-shirt en Coton Vortex;Mode;848.63;511;En stock;3.8;2026-04-03;12.99;3660123156855
PROD-4864;Aspirateur Robot Elite;Maison & Cuisine;790.3;407;En stock;3.2;2025-04-27;13.67;3660123666532
PROD-4865;Montre Connectée Nova;Électronique;892.55;136;En stock;3.1;2024-09-03;13.95;3660123609107
PROD-4866;Gourde Isotherme Quantum;Sports & Loisirs;1020.22;931;En stock;3.5;2025-03-02;5.2;3660123578297
PROD-4867;Haltères Zenith;Sports & Loisirs;459.68;677;En stock;4.2;2024-02-29;3.2;3660123628759
PROD-4868;Tablette Zenith;Électronique;1049.63;1425;En stock;3.5;2025-01-01;11.6;3660123856984
PROD-4869;Smartphone Apex;Électronique;190.22;1278;En stock;3.4;2024-11-18;5.63;3660123346456
PROD-4870;Tablette Vortex;Électronique;953.73;277;En stock;3.4;2024-09-12;2.91;3660123186240
PROD-4871;Mélangeur Elite;Maison & Cuisine;971.31;143;En stock;3.6;2025-11-01;7.85;3660123452700
PROD-4872;Télévision 4K Apex;Électronique;194.79;512;En stock;3.0;2024-05-21;12.02;3660123543113
PROD-4873;Télévision 4K Quantum;Électronique;373.05;217;En stock;3.6;2024-05-06;11.22;3660123411378
PROD-4874;Sac à Dos Quantum;Mode;573.69;219;En stock;4.9;2026-07-15;14.68;3660123399524
PROD-4875;Brosse à Dents Électrique Elite;Beauté & Santé;1285.47;1353;En stock;3.3;2025-12-14;13.19;3660123707019
PROD-4876;Vélo Tout Terrain Apex;Sports & Loisirs;234.79;577;En stock;3.1;2025-08-03;4.98;3660123601204
PROD-4877;Mélangeur Nova;Maison & Cuisine;870.03;322;En stock;3.5;2026-03-27;11.65;3660123478771
PROD-4878;Brosse à Dents Électrique Quantum;Beauté & Santé;606.1;228;En stock;3.3;2025-07-13;2.79;3660123377314
PROD-4879;Sèche-Cheveux Vortex;Beauté & Santé;874.16;1471;En stock;4.2;2024-11-03;12.47;3660123475638
PROD-4880;Télévision 4K Elite;Électronique;945.53;1279;En stock;4.2;2026-02-06;10.63;3660123712344
PROD-4881;Veste d'Hiver Quantum;Mode;857.28;600;En stock;5.0;2025-03-18;3.85;3660123437043
PROD-4882;Machine à Café Vortex;Maison & Cuisine;17.61;528;En stock;3.1;2025-01-14;2.63;3660123263799
PROD-4883;Parfum Quantum;Beauté & Santé;704.45;676;En stock;3.5;2026-06-30;0.24;3660123172484
PROD-4884;Parfum Quantum;Beauté & Santé;782.85;709;En stock;4.5;2024-05-07;13.41;3660123415895
PROD-4885;Gourde Isotherme Apex;Sports & Loisirs;975.7;1261;En stock;4.4;2024-08-21;6.41;3660123250211
PROD-4886;T-shirt en Coton Elite;Mode;175.34;1031;En stock;4.4;2024-02-28;11.98;3660123424625
PROD-4887;Télévision 4K Quantum;Électronique;1171.39;66;En stock;4.7;2025-05-22;3.7;3660123835107
PROD-4888;Tapis de Yoga Elite;Sports & Loisirs;330.16;847;En stock;3.2;2025-11-10;4.54;3660123882790
PROD-4889;Raquette de Tennis Vortex;Sports & Loisirs;174.47;1403;En stock;4.5;2025-01-29;13.29;3660123467054
PROD-4890;Haltères Nova;Sports & Loisirs;639.25;591;En stock;4.3;2026-01-04;7.59;3660123799022
PROD-4891;Machine à Café Vortex;Maison & Cuisine;983.22;1003;En stock;4.4;2025-05-29;5.14;3660123194696
PROD-4892;T-shirt en Coton Quantum;Mode;1180.37;801;En stock;4.0;2025-06-04;1.15;3660123475991
PROD-4893;Tapis de Yoga Elite;Sports & Loisirs;429.37;851;En stock;4.4;2024-03-23;12.91;3660123534721
PROD-4894;Crème Hydratante Apex;Beauté & Santé;739.71;861;En stock;4.9;2024-09-01;5.88;3660123527118
PROD-4895;Écouteurs Sans Fil Vortex;Électronique;1148.55;642;En stock;3.2;2025-02-27;1.84;3660123175236
PROD-4896;Machine à Café Vortex;Maison & Cuisine;441.14;384;En stock;3.4;2024-09-24;13.6;3660123178265
PROD-4897;Brosse à Dents Électrique Zenith;Beauté & Santé;519.45;827;En stock;3.1;2024-05-11;1.31;3660123252383
PROD-4898;Raquette de Tennis Quantum;Sports & Loisirs;1100.9;638;En stock;4.1;2026-02-17;10.53;3660123506672
PROD-4899;Parfum Vortex;Beauté & Santé;402.37;986;En stock;4.1;2026-04-27;7.66;3660123735979
PROD-4900;Vélo Tout Terrain Apex;Sports & Loisirs;747.42;459;En stock;3.1;2024-06-14;7.47;3660123153425
PROD-4901;Jeans Slim Quantum;Mode;746.2;375;En stock;3.4;2024-12-21;12.22;3660123867321
PROD-4902;Télévision 4K Zenith;Électronique;181.75;8;Stock faible;4.9;2024-05-17;7.29;3660123525057
PROD-4903;Sèche-Cheveux Apex;Beauté & Santé;639.33;417;En stock;4.9;2026-02-10;9.13;3660123698388
PROD-4904;Parfum Nova;Beauté & Santé;612.02;1397;En stock;4.3;2026-05-06;7.91;3660123799774
PROD-4905;Jeans Slim Quantum;Mode;15.71;307;En stock;3.3;2024-01-13;6.26;3660123465216
PROD-4906;Gourde Isotherme Nova;Sports & Loisirs;837.1;722;En stock;4.0;2025-01-17;5.93;3660123866939
PROD-4907;Jeans Slim Vortex;Mode;681.87;132;En stock;3.0;2024-11-01;13.21;3660123978807
PROD-4908;Ordinateur Portable Elite;Électronique;215.55;416;En stock;3.0;2026-02-09;2.0;3660123904246
PROD-4909;Brosse à Dents Électrique Elite;Beauté & Santé;583.38;1422;En stock;5.0;2024-07-30;11.25;3660123440658
PROD-4910;Machine à Café Zenith;Maison & Cuisine;1092.37;165;En stock;3.2;2025-06-11;10.39;3660123258593
PROD-4911;Ordinateur Portable Vortex;Électronique;14.25;879;En stock;4.7;2025-11-19;10.58;3660123710996
PROD-4912;Sac à Dos Elite;Mode;1280.6;284;En stock;4.3;2025-07-29;5.09;3660123780984
PROD-4913;Montre Connectée Apex;Électronique;131.1;335;En stock;4.0;2024-03-21;7.05;3660123933794
PROD-4914;Sèche-Cheveux Nova;Beauté & Santé;832.43;868;En stock;3.8;2024-08-22;5.95;3660123855018
PROD-4915;Crème Hydratante Quantum;Beauté & Santé;235.98;150;En stock;4.3;2024-06-11;6.27;3660123990293
PROD-4916;Sac à Dos Vortex;Mode;371.04;20;Stock faible;3.4;2025-12-01;7.42;3660123151640
PROD-4917;Friteuse sans Huile Zenith;Maison & Cuisine;1284.37;63;En stock;4.7;2025-05-17;5.48;3660123461796
PROD-4918;Aspirateur Robot Elite;Maison & Cuisine;269.11;1455;En stock;3.5;2024-12-17;1.98;3660123822755
PROD-4919;Haltères Quantum;Sports & Loisirs;592.59;200;En stock;4.2;2024-12-16;0.81;3660123945401
PROD-4920;Aspirateur Robot Zenith;Maison & Cuisine;529.61;931;En stock;4.1;2025-04-12;11.87;3660123231912
PROD-4921;Haltères Nova;Sports & Loisirs;376.4;1275;En stock;3.6;2025-07-08;9.09;3660123624809
PROD-4922;Jeans Slim Elite;Mode;783.21;1034;En stock;3.5;2025-05-29;13.5;3660123104170
PROD-4923;Écouteurs Sans Fil Apex;Électronique;366.72;956;En stock;3.9;2025-02-27;4.1;3660123193589
PROD-4924;Four à Micro-ondes Elite;Maison & Cuisine;119.51;720;En stock;3.9;2026-05-09;5.26;3660123632827
PROD-4925;Machine à Café Elite;Maison & Cuisine;1231.21;792;En stock;3.2;2025-08-04;9.87;3660123788441
PROD-4926;Sac à Dos Elite;Mode;1060.83;268;En stock;4.1;2025-07-29;12.85;3660123708594
PROD-4927;Jeans Slim Elite;Mode;1109.66;524;En stock;4.5;2024-11-23;6.92;3660123974151
PROD-4928;Gourde Isotherme Apex;Sports & Loisirs;941.15;486;En stock;4.8;2025-07-02;12.68;3660123459935
PROD-4929;T-shirt en Coton Elite;Mode;1244.02;69;En stock;4.4;2025-08-19;12.78;3660123831318
PROD-4930;Sac à Dos Zenith;Mode;939.13;908;En stock;4.0;2024-05-25;14.2;3660123691733
PROD-4931;Sac à Dos Nova;Mode;504.86;31;Stock faible;4.8;2025-08-16;11.72;3660123191184
PROD-4932;Four à Micro-ondes Apex;Maison & Cuisine;545.43;217;En stock;4.1;2024-12-01;10.1;3660123529667
PROD-4933;Montre Connectée Vortex;Électronique;645.6;85;En stock;5.0;2025-03-24;2.12;3660123801435
PROD-4934;Aspirateur Robot Nova;Maison & Cuisine;1205.07;1458;En stock;3.4;2025-07-16;1.59;3660123169931
PROD-4935;Aspirateur Robot Vortex;Maison & Cuisine;806.96;811;En stock;4.7;2025-03-14;14.68;3660123564388
PROD-4936;Aspirateur Robot Nova;Maison & Cuisine;844.45;457;En stock;3.6;2024-09-13;7.6;3660123493567
PROD-4937;Chaussures de Sport Quantum;Mode;11.23;1311;En stock;3.2;2025-10-06;10.48;3660123464387
PROD-4938;Haltères Quantum;Sports & Loisirs;1049.12;396;En stock;4.2;2025-05-15;7.23;3660123433076
PROD-4939;Chaussures de Sport Quantum;Mode;269.57;499;En stock;3.2;2024-09-14;10.91;3660123105911
PROD-4940;Crème Hydratante Zenith;Beauté & Santé;1284.17;1125;En stock;4.3;2025-05-22;11.22;3660123352797
PROD-4941;Écouteurs Sans Fil Vortex;Électronique;1258.85;878;En stock;4.1;2024-02-29;12.76;3660123446570
PROD-4942;Aspirateur Robot Nova;Maison & Cuisine;1258.21;360;En stock;3.8;2026-06-22;6.35;3660123431598
PROD-4943;Chaussures de Sport Vortex;Mode;1164.01;1405;En stock;3.1;2024-12-01;7.78;3660123420712
PROD-4944;Smartphone Zenith;Électronique;508.07;646;En stock;4.2;2025-04-23;11.55;3660123113627
PROD-4945;Smartphone Apex;Électronique;1192.1;1375;En stock;3.1;2026-06-29;13.89;3660123572640
PROD-4946;Friteuse sans Huile Vortex;Maison & Cuisine;1220.25;527;En stock;3.8;2026-07-28;11.4;3660123343052
PROD-4947;Chaussures de Sport Zenith;Mode;324.76;823;En stock;4.5;2024-08-25;12.32;3660123767132
PROD-4948;Tablette Vortex;Électronique;366.41;431;En stock;3.2;2025-06-27;4.84;3660123703183
PROD-4949;Gourde Isotherme Apex;Sports & Loisirs;685.53;293;En stock;3.2;2024-01-14;5.32;3660123231966
PROD-4950;Crème Hydratante Elite;Beauté & Santé;1032.9;358;En stock;3.7;2024-03-10;1.64;3660123711240
PROD-4951;Ordinateur Portable Zenith;Électronique;785.49;29;Stock faible;4.2;2024-06-19;9.96;3660123396418
PROD-4952;Ordinateur Portable Zenith;Électronique;738.47;1272;En stock;4.2;2026-04-20;8.89;3660123864095
PROD-4953;Machine à Café Nova;Maison & Cuisine;729.58;1453;En stock;3.9;2025-03-04;14.81;3660123508094
PROD-4954;Tapis de Yoga Elite;Sports & Loisirs;509.53;338;En stock;4.7;2025-06-20;8.7;3660123435734
PROD-4955;Ordinateur Portable Zenith;Électronique;31.53;435;En stock;4.1;2026-04-17;14.61;3660123676835
PROD-4956;Friteuse sans Huile Quantum;Maison & Cuisine;379.92;1370;En stock;4.4;2024-07-18;0.42;3660123204773
PROD-4957;Brosse à Dents Électrique Quantum;Beauté & Santé;318.07;1414;En stock;4.5;2025-11-11;3.15;3660123753770
PROD-4958;Tapis de Yoga Nova;Sports & Loisirs;506.42;782;En stock;3.5;2024-06-19;13.17;3660123594847
PROD-4959;Écouteurs Sans Fil Zenith;Électronique;731.41;1128;En stock;3.7;2024-08-15;3.43;3660123210561
PROD-4960;Télévision 4K Vortex;Électronique;545.29;698;En stock;3.9;2025-04-04;6.15;3660123574291
PROD-4961;Tapis de Yoga Vortex;Sports & Loisirs;186.2;1442;En stock;4.6;2026-04-12;10.01;3660123679518
PROD-4962;Brosse à Dents Électrique Apex;Beauté & Santé;1138.19;120;En stock;4.8;2025-06-27;14.55;3660123565474
PROD-4963;Chaussures de Sport Zenith;Mode;53.2;1031;En stock;4.2;2026-07-18;2.87;3660123812586
PROD-4964;Ordinateur Portable Quantum;Électronique;26.71;896;En stock;4.0;2025-05-08;1.75;3660123774662
PROD-4965;Mélangeur Vortex;Maison & Cuisine;619.06;358;En stock;3.8;2024-12-15;11.28;3660123587938
PROD-4966;Ordinateur Portable Quantum;Électronique;373.52;848;En stock;4.0;2024-09-21;10.5;3660123199347
PROD-4967;Veste d'Hiver Nova;Mode;593.85;363;En stock;3.7;2026-01-06;4.58;3660123945951
PROD-4968;Sac à Dos Vortex;Mode;198.61;661;En stock;3.3;2025-03-05;9.85;3660123732861
PROD-4969;Sèche-Cheveux Elite;Beauté & Santé;155.12;1066;En stock;3.7;2024-04-16;11.45;3660123208030
PROD-4970;Écouteurs Sans Fil Elite;Électronique;568.28;511;En stock;4.6;2025-07-10;12.98;3660123178189
PROD-4971;Chaussures de Sport Quantum;Mode;380.03;861;En stock;4.0;2024-02-07;9.77;3660123163212
PROD-4972;Raquette de Tennis Apex;Sports & Loisirs;1262.01;1115;En stock;3.4;2026-01-22;3.22;3660123171000
PROD-4973;Brosse à Dents Électrique Zenith;Beauté & Santé;569.74;1438;En stock;3.1;2026-02-16;7.32;3660123633877
PROD-4974;Tapis de Yoga Nova;Sports & Loisirs;1199.03;612;En stock;4.5;2026-07-10;5.23;3660123312599
PROD-4975;Machine à Café Vortex;Maison & Cuisine;755.72;500;En stock;3.6;2026-06-25;5.46;3660123392444
PROD-4976;Chaussures de Sport Apex;Mode;447.3;648;En stock;4.7;2026-06-13;5.12;3660123593364
PROD-4977;Brosse à Dents Électrique Quantum;Beauté & Santé;258.16;1113;En stock;3.0;2025-10-17;3.12;3660123274260
PROD-4978;Jeans Slim Quantum;Mode;124.38;225;En stock;4.3;2026-02-04;10.11;3660123910442
PROD-4979;Friteuse sans Huile Elite;Maison & Cuisine;497.4;947;En stock;4.9;2024-09-13;7.27;3660123858475
PROD-4980;Machine à Café Elite;Maison & Cuisine;615.51;428;En stock;4.4;2024-12-18;9.81;3660123392667
PROD-4981;Raquette de Tennis Quantum;Sports & Loisirs;980.2;1423;En stock;3.4;2025-06-23;1.53;3660123298401
PROD-4982;Tablette Nova;Électronique;240.71;1171;En stock;4.9;2024-04-02;11.6;3660123847346
PROD-4983;Machine à Café Nova;Maison & Cuisine;668.44;1427;En stock;3.0;2026-02-21;14.98;3660123510787
PROD-4984;Mélangeur Nova;Maison & Cuisine;893.9;513;En stock;4.7;2024-04-07;13.68;3660123478043
PROD-4985;Veste d'Hiver Zenith;Mode;368.87;1104;En stock;4.2;2024-11-21;8.13;3660123655574
PROD-4986;Aspirateur Robot Zenith;Maison & Cuisine;997.9;104;En stock;4.8;2024-12-21;6.09;3660123129349
PROD-4987;Machine à Café Vortex;Maison & Cuisine;204.34;972;En stock;3.4;2025-11-14;4.61;3660123742119
PROD-4988;Écouteurs Sans Fil Quantum;Électronique;757.64;1119;En stock;4.9;2025-01-03;6.7;3660123547356
PROD-4989;Parfum Elite;Beauté & Santé;189.66;398;En stock;3.3;2026-01-26;11.93;3660123162581
PROD-4990;Parfum Nova;Beauté & Santé;1107.05;835;En stock;4.8;2024-11-17;5.85;3660123755472
PROD-4991;Mélangeur Quantum;Maison & Cuisine;508.71;1403;En stock;4.4;2026-04-23;13.11;3660123664412
PROD-4992;Machine à Café Apex;Maison & Cuisine;753.83;740;En stock;4.1;2024-06-30;7.86;3660123929868
PROD-4993;Chaussures de Sport Quantum;Mode;1213.44;1360;En stock;3.4;2024-08-02;1.26;3660123312187
PROD-4994;Aspirateur Robot Vortex;Maison & Cuisine;388.62;85;En stock;3.2;2024-06-10;11.19;3660123259644
PROD-4995;Sèche-Cheveux Nova;Beauté & Santé;1228.63;1435;En stock;4.8;2024-11-15;9.17;3660123640610
PROD-4996;Chaussures de Sport Zenith;Mode;746.53;1293;En stock;3.2;2026-04-06;14.98;3660123366471
PROD-4997;Aspirateur Robot Nova;Maison & Cuisine;1226.18;125;En stock;4.4;2025-12-07;1.56;3660123532064
PROD-4998;Four à Micro-ondes Quantum;Maison & Cuisine;240.8;294;En stock;4.0;2025-01-06;12.57;3660123420892
PROD-4999;Écouteurs Sans Fil Apex;Électronique;698.1;678;En stock;3.9;2026-07-24;13.9;3660123496741
PROD-5000;Machine à Café Vortex;Maison & Cuisine;464.06;213;En stock;4.3;2025-06-07;4.75;3660123547730
